ISO-10303-21;
HEADER;
FILE_DESCRIPTION(('FreeCAD Model'),'2;1');
FILE_NAME('Open CASCADE Shape Model','2026-09-05T20:00:54',('Author'),(
    ''),'Open CASCADE STEP processor 7.8','FreeCAD','Unknown');
FILE_SCHEMA(('AUTOMOTIVE_DESIGN { 1 0 10303 214 1 1 1 1 }'));
ENDSEC;
DATA;
#1 = APPLICATION_PROTOCOL_DEFINITION('international standard',
  'automotive_design',2000,#2);
#2 = APPLICATION_CONTEXT(
  'core data for automotive mechanical design processes');
#3 = SHAPE_DEFINITION_REPRESENTATION(#4,#10);
#4 = PRODUCT_DEFINITION_SHAPE('','',#5);
#5 = PRODUCT_DEFINITION('design','',#6,#9);
#6 = PRODUCT_DEFINITION_FORMATION('','',#7);
#7 = PRODUCT('Hirose_FH12_xxS_0_5SH_Parametric_v0_1',
  'Hirose_FH12_xxS_0_5SH_Parametric_v0_1','',(#8));
#8 = PRODUCT_CONTEXT('',#2,'mechanical');
#9 = PRODUCT_DEFINITION_CONTEXT('part definition',#2,'design');
#10 = SHAPE_REPRESENTATION('',(#11,#15,#19,#23,#27),#31);
#11 = AXIS2_PLACEMENT_3D('',#12,#13,#14);
#12 = CARTESIAN_POINT('',(0.,0.,0.));
#13 = DIRECTION('',(0.,0.,1.));
#14 = DIRECTION('',(1.,0.,-0.));
#15 = AXIS2_PLACEMENT_3D('',#16,#17,#18);
#16 = CARTESIAN_POINT('',(0.,-1.4,0.));
#17 = DIRECTION('',(0.,-0.,1.));
#18 = DIRECTION('',(0.,1.,0.));
#19 = AXIS2_PLACEMENT_3D('',#20,#21,#22);
#20 = CARTESIAN_POINT('',(0.,-1.4,0.));
#21 = DIRECTION('',(0.,-0.,1.));
#22 = DIRECTION('',(0.,1.,0.));
#23 = AXIS2_PLACEMENT_3D('',#24,#25,#26);
#24 = CARTESIAN_POINT('',(0.,-1.4,0.));
#25 = DIRECTION('',(0.,-0.,1.));
#26 = DIRECTION('',(0.,1.,0.));
#27 = AXIS2_PLACEMENT_3D('',#28,#29,#30);
#28 = CARTESIAN_POINT('',(-16.95,40.46,3.));
#29 = DIRECTION('',(0.,0.,1.));
#30 = DIRECTION('',(1.,0.,0.));
#31 = ( GEOMETRIC_REPRESENTATION_CONTEXT(3) 
GLOBAL_UNCERTAINTY_ASSIGNED_CONTEXT((#35)) GLOBAL_UNIT_ASSIGNED_CONTEXT(
(#32,#33,#34)) REPRESENTATION_CONTEXT('Context #1',
  '3D Context with UNIT and UNCERTAINTY') );
#32 = ( LENGTH_UNIT() NAMED_UNIT(*) SI_UNIT(.MILLI.,.METRE.) );
#33 = ( NAMED_UNIT(*) PLANE_ANGLE_UNIT() SI_UNIT($,.RADIAN.) );
#34 = ( NAMED_UNIT(*) SI_UNIT($,.STERADIAN.) SOLID_ANGLE_UNIT() );
#35 = UNCERTAINTY_MEASURE_WITH_UNIT(LENGTH_MEASURE(1.E-07),#32,
  'distance_accuracy_value','confusion accuracy');
#36 = PRODUCT_RELATED_PRODUCT_CATEGORY('part',$,(#7));
#37 = SHAPE_DEFINITION_REPRESENTATION(#38,#44);
#38 = PRODUCT_DEFINITION_SHAPE('','',#39);
#39 = PRODUCT_DEFINITION('design','',#40,#43);
#40 = PRODUCT_DEFINITION_FORMATION('','',#41);
#41 = PRODUCT('body','body','',(#42));
#42 = PRODUCT_CONTEXT('',#2,'mechanical');
#43 = PRODUCT_DEFINITION_CONTEXT('part definition',#2,'design');
#44 = ADVANCED_BREP_SHAPE_REPRESENTATION('',(#11,#45),#525);
#45 = MANIFOLD_SOLID_BREP('',#46);
#46 = CLOSED_SHELL('',(#47,#119,#150,#190,#214,#238,#317,#341,#365,#389,
    #424,#436,#460,#484,#501,#513));
#47 = ADVANCED_FACE('',(#48),#114,.T.);
#48 = FACE_BOUND('',#49,.T.);
#49 = EDGE_LOOP('',(#50,#60,#68,#76,#84,#92,#100,#108));
#50 = ORIENTED_EDGE('',*,*,#51,.F.);
#51 = EDGE_CURVE('',#52,#54,#56,.T.);
#52 = VERTEX_POINT('',#53);
#53 = CARTESIAN_POINT('',(2.6,5.3,0.));
#54 = VERTEX_POINT('',#55);
#55 = CARTESIAN_POINT('',(2.6,-5.3,0.));
#56 = LINE('',#57,#58);
#57 = CARTESIAN_POINT('',(2.6,5.3,0.));
#58 = VECTOR('',#59,1.);
#59 = DIRECTION('',(0.,-1.,0.));
#60 = ORIENTED_EDGE('',*,*,#61,.T.);
#61 = EDGE_CURVE('',#52,#62,#64,.T.);
#62 = VERTEX_POINT('',#63);
#63 = CARTESIAN_POINT('',(2.6,5.3,0.75));
#64 = LINE('',#65,#66);
#65 = CARTESIAN_POINT('',(2.6,5.3,0.));
#66 = VECTOR('',#67,1.);
#67 = DIRECTION('',(0.,0.,1.));
#68 = ORIENTED_EDGE('',*,*,#69,.T.);
#69 = EDGE_CURVE('',#62,#70,#72,.T.);
#70 = VERTEX_POINT('',#71);
#71 = CARTESIAN_POINT('',(2.6,4.45,0.75));
#72 = LINE('',#73,#74);
#73 = CARTESIAN_POINT('',(2.6,2.65,0.75));
#74 = VECTOR('',#75,1.);
#75 = DIRECTION('',(0.,-1.,0.));
#76 = ORIENTED_EDGE('',*,*,#77,.F.);
#77 = EDGE_CURVE('',#78,#70,#80,.T.);
#78 = VERTEX_POINT('',#79);
#79 = CARTESIAN_POINT('',(2.6,4.45,2.));
#80 = LINE('',#81,#82);
#81 = CARTESIAN_POINT('',(2.6,4.45,1.));
#82 = VECTOR('',#83,1.);
#83 = DIRECTION('',(0.,0.,-1.));
#84 = ORIENTED_EDGE('',*,*,#85,.T.);
#85 = EDGE_CURVE('',#78,#86,#88,.T.);
#86 = VERTEX_POINT('',#87);
#87 = CARTESIAN_POINT('',(2.6,-4.45,2.));
#88 = LINE('',#89,#90);
#89 = CARTESIAN_POINT('',(2.6,5.3,2.));
#90 = VECTOR('',#91,1.);
#91 = DIRECTION('',(0.,-1.,0.));
#92 = ORIENTED_EDGE('',*,*,#93,.F.);
#93 = EDGE_CURVE('',#94,#86,#96,.T.);
#94 = VERTEX_POINT('',#95);
#95 = CARTESIAN_POINT('',(2.6,-4.45,0.75));
#96 = LINE('',#97,#98);
#97 = CARTESIAN_POINT('',(2.6,-4.45,1.));
#98 = VECTOR('',#99,1.);
#99 = DIRECTION('',(0.,0.,1.));
#100 = ORIENTED_EDGE('',*,*,#101,.T.);
#101 = EDGE_CURVE('',#94,#102,#104,.T.);
#102 = VERTEX_POINT('',#103);
#103 = CARTESIAN_POINT('',(2.6,-5.3,0.75));
#104 = LINE('',#105,#106);
#105 = CARTESIAN_POINT('',(2.6,2.65,0.75));
#106 = VECTOR('',#107,1.);
#107 = DIRECTION('',(0.,-1.,0.));
#108 = ORIENTED_EDGE('',*,*,#109,.F.);
#109 = EDGE_CURVE('',#54,#102,#110,.T.);
#110 = LINE('',#111,#112);
#111 = CARTESIAN_POINT('',(2.6,-5.3,0.));
#112 = VECTOR('',#113,1.);
#113 = DIRECTION('',(0.,0.,1.));
#114 = PLANE('',#115);
#115 = AXIS2_PLACEMENT_3D('',#116,#117,#118);
#116 = CARTESIAN_POINT('',(2.6,5.3,0.));
#117 = DIRECTION('',(1.,0.,0.));
#118 = DIRECTION('',(0.,-1.,0.));
#119 = ADVANCED_FACE('',(#120),#145,.F.);
#120 = FACE_BOUND('',#121,.T.);
#121 = EDGE_LOOP('',(#122,#123,#131,#139));
#122 = ORIENTED_EDGE('',*,*,#51,.T.);
#123 = ORIENTED_EDGE('',*,*,#124,.T.);
#124 = EDGE_CURVE('',#54,#125,#127,.T.);
#125 = VERTEX_POINT('',#126);
#126 = CARTESIAN_POINT('',(-2.,-5.3,0.));
#127 = LINE('',#128,#129);
#128 = CARTESIAN_POINT('',(2.6,-5.3,0.));
#129 = VECTOR('',#130,1.);
#130 = DIRECTION('',(-1.,0.,0.));
#131 = ORIENTED_EDGE('',*,*,#132,.F.);
#132 = EDGE_CURVE('',#133,#125,#135,.T.);
#133 = VERTEX_POINT('',#134);
#134 = CARTESIAN_POINT('',(-2.,5.3,0.));
#135 = LINE('',#136,#137);
#136 = CARTESIAN_POINT('',(-2.,5.3,0.));
#137 = VECTOR('',#138,1.);
#138 = DIRECTION('',(0.,-1.,0.));
#139 = ORIENTED_EDGE('',*,*,#140,.F.);
#140 = EDGE_CURVE('',#52,#133,#141,.T.);
#141 = LINE('',#142,#143);
#142 = CARTESIAN_POINT('',(2.6,5.3,0.));
#143 = VECTOR('',#144,1.);
#144 = DIRECTION('',(-1.,0.,0.));
#145 = PLANE('',#146);
#146 = AXIS2_PLACEMENT_3D('',#147,#148,#149);
#147 = CARTESIAN_POINT('',(0.3,-3.5E-16,0.));
#148 = DIRECTION('',(0.,0.,1.));
#149 = DIRECTION('',(1.,0.,-0.));
#150 = ADVANCED_FACE('',(#151),#185,.T.);
#151 = FACE_BOUND('',#152,.T.);
#152 = EDGE_LOOP('',(#153,#154,#155,#163,#171,#179));
#153 = ORIENTED_EDGE('',*,*,#124,.F.);
#154 = ORIENTED_EDGE('',*,*,#109,.T.);
#155 = ORIENTED_EDGE('',*,*,#156,.T.);
#156 = EDGE_CURVE('',#102,#157,#159,.T.);
#157 = VERTEX_POINT('',#158);
#158 = CARTESIAN_POINT('',(0.8,-5.3,0.75));
#159 = LINE('',#160,#161);
#160 = CARTESIAN_POINT('',(2.566871165644,-5.3,0.75));
#161 = VECTOR('',#162,1.);
#162 = DIRECTION('',(-1.,0.,0.));
#163 = ORIENTED_EDGE('',*,*,#164,.T.);
#164 = EDGE_CURVE('',#157,#165,#167,.T.);
#165 = VERTEX_POINT('',#166);
#166 = CARTESIAN_POINT('',(0.8,-5.3,2.));
#167 = LINE('',#168,#169);
#168 = CARTESIAN_POINT('',(0.8,-5.3,1.));
#169 = VECTOR('',#170,1.);
#170 = DIRECTION('',(0.,0.,1.));
#171 = ORIENTED_EDGE('',*,*,#172,.T.);
#172 = EDGE_CURVE('',#165,#173,#175,.T.);
#173 = VERTEX_POINT('',#174);
#174 = CARTESIAN_POINT('',(-2.,-5.3,2.));
#175 = LINE('',#176,#177);
#176 = CARTESIAN_POINT('',(2.6,-5.3,2.));
#177 = VECTOR('',#178,1.);
#178 = DIRECTION('',(-1.,0.,0.));
#179 = ORIENTED_EDGE('',*,*,#180,.F.);
#180 = EDGE_CURVE('',#125,#173,#181,.T.);
#181 = LINE('',#182,#183);
#182 = CARTESIAN_POINT('',(-2.,-5.3,0.));
#183 = VECTOR('',#184,1.);
#184 = DIRECTION('',(0.,0.,1.));
#185 = PLANE('',#186);
#186 = AXIS2_PLACEMENT_3D('',#187,#188,#189);
#187 = CARTESIAN_POINT('',(2.6,-5.3,0.));
#188 = DIRECTION('',(0.,-1.,0.));
#189 = DIRECTION('',(-1.,0.,0.));
#190 = ADVANCED_FACE('',(#191),#209,.T.);
#191 = FACE_BOUND('',#192,.T.);
#192 = EDGE_LOOP('',(#193,#194,#202,#208));
#193 = ORIENTED_EDGE('',*,*,#101,.F.);
#194 = ORIENTED_EDGE('',*,*,#195,.T.);
#195 = EDGE_CURVE('',#94,#196,#198,.T.);
#196 = VERTEX_POINT('',#197);
#197 = CARTESIAN_POINT('',(0.8,-4.45,0.75));
#198 = LINE('',#199,#200);
#199 = CARTESIAN_POINT('',(2.7,-4.45,0.75));
#200 = VECTOR('',#201,1.);
#201 = DIRECTION('',(-1.,0.,0.));
#202 = ORIENTED_EDGE('',*,*,#203,.F.);
#203 = EDGE_CURVE('',#157,#196,#204,.T.);
#204 = LINE('',#205,#206);
#205 = CARTESIAN_POINT('',(0.8,-5.95,0.75));
#206 = VECTOR('',#207,1.);
#207 = DIRECTION('',(0.,1.,0.));
#208 = ORIENTED_EDGE('',*,*,#156,.F.);
#209 = PLANE('',#210);
#210 = AXIS2_PLACEMENT_3D('',#211,#212,#213);
#211 = CARTESIAN_POINT('',(2.533742331288,-3.8E-16,0.75));
#212 = DIRECTION('',(0.,0.,1.));
#213 = DIRECTION('',(1.,0.,-0.));
#214 = ADVANCED_FACE('',(#215),#233,.F.);
#215 = FACE_BOUND('',#216,.F.);
#216 = EDGE_LOOP('',(#217,#225,#226,#227));
#217 = ORIENTED_EDGE('',*,*,#218,.F.);
#218 = EDGE_CURVE('',#86,#219,#221,.T.);
#219 = VERTEX_POINT('',#220);
#220 = CARTESIAN_POINT('',(0.8,-4.45,2.));
#221 = LINE('',#222,#223);
#222 = CARTESIAN_POINT('',(2.7,-4.45,2.));
#223 = VECTOR('',#224,1.);
#224 = DIRECTION('',(-1.,0.,0.));
#225 = ORIENTED_EDGE('',*,*,#93,.F.);
#226 = ORIENTED_EDGE('',*,*,#195,.T.);
#227 = ORIENTED_EDGE('',*,*,#228,.F.);
#228 = EDGE_CURVE('',#219,#196,#229,.T.);
#229 = LINE('',#230,#231);
#230 = CARTESIAN_POINT('',(0.8,-4.45,2.));
#231 = VECTOR('',#232,1.);
#232 = DIRECTION('',(-0.,-0.,-1.));
#233 = PLANE('',#234);
#234 = AXIS2_PLACEMENT_3D('',#235,#236,#237);
#235 = CARTESIAN_POINT('',(2.7,-4.45,2.));
#236 = DIRECTION('',(0.,1.,0.));
#237 = DIRECTION('',(-1.,0.,0.));
#238 = ADVANCED_FACE('',(#239),#312,.T.);
#239 = FACE_BOUND('',#240,.T.);
#240 = EDGE_LOOP('',(#241,#242,#250,#258,#266,#274,#282,#290,#298,#304,
    #305,#311));
#241 = ORIENTED_EDGE('',*,*,#85,.F.);
#242 = ORIENTED_EDGE('',*,*,#243,.F.);
#243 = EDGE_CURVE('',#244,#78,#246,.T.);
#244 = VERTEX_POINT('',#245);
#245 = CARTESIAN_POINT('',(0.8,4.45,2.));
#246 = LINE('',#247,#248);
#247 = CARTESIAN_POINT('',(0.8,4.45,2.));
#248 = VECTOR('',#249,1.);
#249 = DIRECTION('',(1.,0.,0.));
#250 = ORIENTED_EDGE('',*,*,#251,.T.);
#251 = EDGE_CURVE('',#244,#252,#254,.T.);
#252 = VERTEX_POINT('',#253);
#253 = CARTESIAN_POINT('',(0.8,5.3,2.));
#254 = LINE('',#255,#256);
#255 = CARTESIAN_POINT('',(0.8,4.45,2.));
#256 = VECTOR('',#257,1.);
#257 = DIRECTION('',(0.,1.,0.));
#258 = ORIENTED_EDGE('',*,*,#259,.T.);
#259 = EDGE_CURVE('',#252,#260,#262,.T.);
#260 = VERTEX_POINT('',#261);
#261 = CARTESIAN_POINT('',(-2.,5.3,2.));
#262 = LINE('',#263,#264);
#263 = CARTESIAN_POINT('',(2.6,5.3,2.));
#264 = VECTOR('',#265,1.);
#265 = DIRECTION('',(-1.,0.,0.));
#266 = ORIENTED_EDGE('',*,*,#267,.T.);
#267 = EDGE_CURVE('',#260,#268,#270,.T.);
#268 = VERTEX_POINT('',#269);
#269 = CARTESIAN_POINT('',(-2.,4.535,2.));
#270 = LINE('',#271,#272);
#271 = CARTESIAN_POINT('',(-2.,5.3,2.));
#272 = VECTOR('',#273,1.);
#273 = DIRECTION('',(0.,-1.,0.));
#274 = ORIENTED_EDGE('',*,*,#275,.T.);
#275 = EDGE_CURVE('',#268,#276,#278,.T.);
#276 = VERTEX_POINT('',#277);
#277 = CARTESIAN_POINT('',(0.,4.535,2.));
#278 = LINE('',#279,#280);
#279 = CARTESIAN_POINT('',(-3.,4.535,2.));
#280 = VECTOR('',#281,1.);
#281 = DIRECTION('',(1.,0.,0.));
#282 = ORIENTED_EDGE('',*,*,#283,.T.);
#283 = EDGE_CURVE('',#276,#284,#286,.T.);
#284 = VERTEX_POINT('',#285);
#285 = CARTESIAN_POINT('',(0.,-4.535,2.));
#286 = LINE('',#287,#288);
#287 = CARTESIAN_POINT('',(0.,4.535,2.));
#288 = VECTOR('',#289,1.);
#289 = DIRECTION('',(0.,-1.,0.));
#290 = ORIENTED_EDGE('',*,*,#291,.T.);
#291 = EDGE_CURVE('',#284,#292,#294,.T.);
#292 = VERTEX_POINT('',#293);
#293 = CARTESIAN_POINT('',(-2.,-4.535,2.));
#294 = LINE('',#295,#296);
#295 = CARTESIAN_POINT('',(0.,-4.535,2.));
#296 = VECTOR('',#297,1.);
#297 = DIRECTION('',(-1.,0.,0.));
#298 = ORIENTED_EDGE('',*,*,#299,.T.);
#299 = EDGE_CURVE('',#292,#173,#300,.T.);
#300 = LINE('',#301,#302);
#301 = CARTESIAN_POINT('',(-2.,5.3,2.));
#302 = VECTOR('',#303,1.);
#303 = DIRECTION('',(0.,-1.,0.));
#304 = ORIENTED_EDGE('',*,*,#172,.F.);
#305 = ORIENTED_EDGE('',*,*,#306,.T.);
#306 = EDGE_CURVE('',#165,#219,#307,.T.);
#307 = LINE('',#308,#309);
#308 = CARTESIAN_POINT('',(0.8,-5.95,2.));
#309 = VECTOR('',#310,1.);
#310 = DIRECTION('',(0.,1.,0.));
#311 = ORIENTED_EDGE('',*,*,#218,.F.);
#312 = PLANE('',#313);
#313 = AXIS2_PLACEMENT_3D('',#314,#315,#316);
#314 = CARTESIAN_POINT('',(0.3,-3.5E-16,2.));
#315 = DIRECTION('',(0.,0.,1.));
#316 = DIRECTION('',(1.,0.,-0.));
#317 = ADVANCED_FACE('',(#318),#336,.F.);
#318 = FACE_BOUND('',#319,.F.);
#319 = EDGE_LOOP('',(#320,#321,#329,#335));
#320 = ORIENTED_EDGE('',*,*,#243,.F.);
#321 = ORIENTED_EDGE('',*,*,#322,.T.);
#322 = EDGE_CURVE('',#244,#323,#325,.T.);
#323 = VERTEX_POINT('',#324);
#324 = CARTESIAN_POINT('',(0.8,4.45,0.75));
#325 = LINE('',#326,#327);
#326 = CARTESIAN_POINT('',(0.8,4.45,2.));
#327 = VECTOR('',#328,1.);
#328 = DIRECTION('',(-0.,-0.,-1.));
#329 = ORIENTED_EDGE('',*,*,#330,.T.);
#330 = EDGE_CURVE('',#323,#70,#331,.T.);
#331 = LINE('',#332,#333);
#332 = CARTESIAN_POINT('',(0.8,4.45,0.75));
#333 = VECTOR('',#334,1.);
#334 = DIRECTION('',(1.,0.,0.));
#335 = ORIENTED_EDGE('',*,*,#77,.F.);
#336 = PLANE('',#337);
#337 = AXIS2_PLACEMENT_3D('',#338,#339,#340);
#338 = CARTESIAN_POINT('',(0.8,4.45,2.));
#339 = DIRECTION('',(0.,-1.,0.));
#340 = DIRECTION('',(1.,0.,0.));
#341 = ADVANCED_FACE('',(#342),#360,.T.);
#342 = FACE_BOUND('',#343,.T.);
#343 = EDGE_LOOP('',(#344,#352,#353,#354));
#344 = ORIENTED_EDGE('',*,*,#345,.F.);
#345 = EDGE_CURVE('',#323,#346,#348,.T.);
#346 = VERTEX_POINT('',#347);
#347 = CARTESIAN_POINT('',(0.8,5.3,0.75));
#348 = LINE('',#349,#350);
#349 = CARTESIAN_POINT('',(0.8,4.45,0.75));
#350 = VECTOR('',#351,1.);
#351 = DIRECTION('',(0.,1.,0.));
#352 = ORIENTED_EDGE('',*,*,#330,.T.);
#353 = ORIENTED_EDGE('',*,*,#69,.F.);
#354 = ORIENTED_EDGE('',*,*,#355,.T.);
#355 = EDGE_CURVE('',#62,#346,#356,.T.);
#356 = LINE('',#357,#358);
#357 = CARTESIAN_POINT('',(2.566871165644,5.3,0.75));
#358 = VECTOR('',#359,1.);
#359 = DIRECTION('',(-1.,0.,0.));
#360 = PLANE('',#361);
#361 = AXIS2_PLACEMENT_3D('',#362,#363,#364);
#362 = CARTESIAN_POINT('',(2.533742331288,-3.8E-16,0.75));
#363 = DIRECTION('',(0.,0.,1.));
#364 = DIRECTION('',(1.,0.,-0.));
#365 = ADVANCED_FACE('',(#366),#384,.F.);
#366 = FACE_BOUND('',#367,.F.);
#367 = EDGE_LOOP('',(#368,#369,#370,#371,#377,#378));
#368 = ORIENTED_EDGE('',*,*,#140,.F.);
#369 = ORIENTED_EDGE('',*,*,#61,.T.);
#370 = ORIENTED_EDGE('',*,*,#355,.T.);
#371 = ORIENTED_EDGE('',*,*,#372,.T.);
#372 = EDGE_CURVE('',#346,#252,#373,.T.);
#373 = LINE('',#374,#375);
#374 = CARTESIAN_POINT('',(0.8,5.3,1.));
#375 = VECTOR('',#376,1.);
#376 = DIRECTION('',(0.,0.,1.));
#377 = ORIENTED_EDGE('',*,*,#259,.T.);
#378 = ORIENTED_EDGE('',*,*,#379,.F.);
#379 = EDGE_CURVE('',#133,#260,#380,.T.);
#380 = LINE('',#381,#382);
#381 = CARTESIAN_POINT('',(-2.,5.3,0.));
#382 = VECTOR('',#383,1.);
#383 = DIRECTION('',(0.,0.,1.));
#384 = PLANE('',#385);
#385 = AXIS2_PLACEMENT_3D('',#386,#387,#388);
#386 = CARTESIAN_POINT('',(2.6,5.3,0.));
#387 = DIRECTION('',(0.,-1.,0.));
#388 = DIRECTION('',(-1.,0.,0.));
#389 = ADVANCED_FACE('',(#390),#419,.F.);
#390 = FACE_BOUND('',#391,.F.);
#391 = EDGE_LOOP('',(#392,#393,#394,#395,#403,#411,#417,#418));
#392 = ORIENTED_EDGE('',*,*,#132,.F.);
#393 = ORIENTED_EDGE('',*,*,#379,.T.);
#394 = ORIENTED_EDGE('',*,*,#267,.T.);
#395 = ORIENTED_EDGE('',*,*,#396,.T.);
#396 = EDGE_CURVE('',#268,#397,#399,.T.);
#397 = VERTEX_POINT('',#398);
#398 = CARTESIAN_POINT('',(-2.,4.535,0.6));
#399 = LINE('',#400,#401);
#400 = CARTESIAN_POINT('',(-2.,4.535,1.));
#401 = VECTOR('',#402,1.);
#402 = DIRECTION('',(0.,0.,-1.));
#403 = ORIENTED_EDGE('',*,*,#404,.T.);
#404 = EDGE_CURVE('',#397,#405,#407,.T.);
#405 = VERTEX_POINT('',#406);
#406 = CARTESIAN_POINT('',(-2.,-4.535,0.6));
#407 = LINE('',#408,#409);
#408 = CARTESIAN_POINT('',(-2.,2.65,0.6));
#409 = VECTOR('',#410,1.);
#410 = DIRECTION('',(0.,-1.,0.));
#411 = ORIENTED_EDGE('',*,*,#412,.T.);
#412 = EDGE_CURVE('',#405,#292,#413,.T.);
#413 = LINE('',#414,#415);
#414 = CARTESIAN_POINT('',(-2.,-4.535,1.));
#415 = VECTOR('',#416,1.);
#416 = DIRECTION('',(0.,0.,1.));
#417 = ORIENTED_EDGE('',*,*,#299,.T.);
#418 = ORIENTED_EDGE('',*,*,#180,.F.);
#419 = PLANE('',#420);
#420 = AXIS2_PLACEMENT_3D('',#421,#422,#423);
#421 = CARTESIAN_POINT('',(-2.,5.3,0.));
#422 = DIRECTION('',(1.,0.,0.));
#423 = DIRECTION('',(0.,-1.,0.));
#424 = ADVANCED_FACE('',(#425),#431,.T.);
#425 = FACE_BOUND('',#426,.T.);
#426 = EDGE_LOOP('',(#427,#428,#429,#430));
#427 = ORIENTED_EDGE('',*,*,#306,.F.);
#428 = ORIENTED_EDGE('',*,*,#164,.F.);
#429 = ORIENTED_EDGE('',*,*,#203,.T.);
#430 = ORIENTED_EDGE('',*,*,#228,.F.);
#431 = PLANE('',#432);
#432 = AXIS2_PLACEMENT_3D('',#433,#434,#435);
#433 = CARTESIAN_POINT('',(0.8,-5.95,2.));
#434 = DIRECTION('',(1.,0.,0.));
#435 = DIRECTION('',(-0.,1.,0.));
#436 = ADVANCED_FACE('',(#437),#455,.T.);
#437 = FACE_BOUND('',#438,.T.);
#438 = EDGE_LOOP('',(#439,#440,#448,#454));
#439 = ORIENTED_EDGE('',*,*,#291,.F.);
#440 = ORIENTED_EDGE('',*,*,#441,.T.);
#441 = EDGE_CURVE('',#284,#442,#444,.T.);
#442 = VERTEX_POINT('',#443);
#443 = CARTESIAN_POINT('',(0.,-4.535,0.6));
#444 = LINE('',#445,#446);
#445 = CARTESIAN_POINT('',(0.,-4.535,2.));
#446 = VECTOR('',#447,1.);
#447 = DIRECTION('',(-0.,-0.,-1.));
#448 = ORIENTED_EDGE('',*,*,#449,.T.);
#449 = EDGE_CURVE('',#442,#405,#450,.T.);
#450 = LINE('',#451,#452);
#451 = CARTESIAN_POINT('',(0.,-4.535,0.6));
#452 = VECTOR('',#453,1.);
#453 = DIRECTION('',(-1.,0.,0.));
#454 = ORIENTED_EDGE('',*,*,#412,.T.);
#455 = PLANE('',#456);
#456 = AXIS2_PLACEMENT_3D('',#457,#458,#459);
#457 = CARTESIAN_POINT('',(0.,-4.535,2.));
#458 = DIRECTION('',(0.,1.,0.));
#459 = DIRECTION('',(-1.,0.,0.));
#460 = ADVANCED_FACE('',(#461),#479,.T.);
#461 = FACE_BOUND('',#462,.T.);
#462 = EDGE_LOOP('',(#463,#471,#477,#478));
#463 = ORIENTED_EDGE('',*,*,#464,.T.);
#464 = EDGE_CURVE('',#276,#465,#467,.T.);
#465 = VERTEX_POINT('',#466);
#466 = CARTESIAN_POINT('',(0.,4.535,0.6));
#467 = LINE('',#468,#469);
#468 = CARTESIAN_POINT('',(0.,4.535,2.));
#469 = VECTOR('',#470,1.);
#470 = DIRECTION('',(-0.,-0.,-1.));
#471 = ORIENTED_EDGE('',*,*,#472,.T.);
#472 = EDGE_CURVE('',#465,#442,#473,.T.);
#473 = LINE('',#474,#475);
#474 = CARTESIAN_POINT('',(0.,4.535,0.6));
#475 = VECTOR('',#476,1.);
#476 = DIRECTION('',(0.,-1.,0.));
#477 = ORIENTED_EDGE('',*,*,#441,.F.);
#478 = ORIENTED_EDGE('',*,*,#283,.F.);
#479 = PLANE('',#480);
#480 = AXIS2_PLACEMENT_3D('',#481,#482,#483);
#481 = CARTESIAN_POINT('',(0.,4.535,2.));
#482 = DIRECTION('',(-1.,0.,0.));
#483 = DIRECTION('',(0.,-1.,0.));
#484 = ADVANCED_FACE('',(#485),#496,.T.);
#485 = FACE_BOUND('',#486,.T.);
#486 = EDGE_LOOP('',(#487,#488,#489,#495));
#487 = ORIENTED_EDGE('',*,*,#275,.F.);
#488 = ORIENTED_EDGE('',*,*,#396,.T.);
#489 = ORIENTED_EDGE('',*,*,#490,.T.);
#490 = EDGE_CURVE('',#397,#465,#491,.T.);
#491 = LINE('',#492,#493);
#492 = CARTESIAN_POINT('',(-3.,4.535,0.6));
#493 = VECTOR('',#494,1.);
#494 = DIRECTION('',(1.,0.,0.));
#495 = ORIENTED_EDGE('',*,*,#464,.F.);
#496 = PLANE('',#497);
#497 = AXIS2_PLACEMENT_3D('',#498,#499,#500);
#498 = CARTESIAN_POINT('',(-3.,4.535,2.));
#499 = DIRECTION('',(0.,-1.,0.));
#500 = DIRECTION('',(1.,0.,0.));
#501 = ADVANCED_FACE('',(#502),#508,.T.);
#502 = FACE_BOUND('',#503,.T.);
#503 = EDGE_LOOP('',(#504,#505,#506,#507));
#504 = ORIENTED_EDGE('',*,*,#251,.F.);
#505 = ORIENTED_EDGE('',*,*,#322,.T.);
#506 = ORIENTED_EDGE('',*,*,#345,.T.);
#507 = ORIENTED_EDGE('',*,*,#372,.T.);
#508 = PLANE('',#509);
#509 = AXIS2_PLACEMENT_3D('',#510,#511,#512);
#510 = CARTESIAN_POINT('',(0.8,4.45,2.));
#511 = DIRECTION('',(1.,0.,0.));
#512 = DIRECTION('',(-0.,1.,0.));
#513 = ADVANCED_FACE('',(#514),#520,.T.);
#514 = FACE_BOUND('',#515,.T.);
#515 = EDGE_LOOP('',(#516,#517,#518,#519));
#516 = ORIENTED_EDGE('',*,*,#490,.F.);
#517 = ORIENTED_EDGE('',*,*,#404,.T.);
#518 = ORIENTED_EDGE('',*,*,#449,.F.);
#519 = ORIENTED_EDGE('',*,*,#472,.F.);
#520 = PLANE('',#521);
#521 = AXIS2_PLACEMENT_3D('',#522,#523,#524);
#522 = CARTESIAN_POINT('',(-1.5,1.5E-16,0.6));
#523 = DIRECTION('',(0.,0.,1.));
#524 = DIRECTION('',(1.,0.,-0.));
#525 = ( GEOMETRIC_REPRESENTATION_CONTEXT(3) 
GLOBAL_UNCERTAINTY_ASSIGNED_CONTEXT((#529)) GLOBAL_UNIT_ASSIGNED_CONTEXT
((#526,#527,#528)) REPRESENTATION_CONTEXT('Context #1',
  '3D Context with UNIT and UNCERTAINTY') );
#526 = ( LENGTH_UNIT() NAMED_UNIT(*) SI_UNIT(.MILLI.,.METRE.) );
#527 = ( NAMED_UNIT(*) PLANE_ANGLE_UNIT() SI_UNIT($,.RADIAN.) );
#528 = ( NAMED_UNIT(*) SI_UNIT($,.STERADIAN.) SOLID_ANGLE_UNIT() );
#529 = UNCERTAINTY_MEASURE_WITH_UNIT(LENGTH_MEASURE(1.E-07),#526,
  'distance_accuracy_value','confusion accuracy');
#530 = CONTEXT_DEPENDENT_SHAPE_REPRESENTATION(#531,#533);
#531 = ( REPRESENTATION_RELATIONSHIP('','',#44,#10) 
REPRESENTATION_RELATIONSHIP_WITH_TRANSFORMATION(#532) 
SHAPE_REPRESENTATION_RELATIONSHIP() );
#532 = ITEM_DEFINED_TRANSFORMATION('','',#11,#15);
#533 = PRODUCT_DEFINITION_SHAPE('Placement','Placement of an item',#534
  );
#534 = NEXT_ASSEMBLY_USAGE_OCCURRENCE('1','body','',#5,#39,$);
#535 = PRODUCT_RELATED_PRODUCT_CATEGORY('part',$,(#41));
#536 = SHAPE_DEFINITION_REPRESENTATION(#537,#543);
#537 = PRODUCT_DEFINITION_SHAPE('','',#538);
#538 = PRODUCT_DEFINITION('design','',#539,#542);
#539 = PRODUCT_DEFINITION_FORMATION('','',#540);
#540 = PRODUCT('lock','lock','',(#541));
#541 = PRODUCT_CONTEXT('',#2,'mechanical');
#542 = PRODUCT_DEFINITION_CONTEXT('part definition',#2,'design');
#543 = ADVANCED_BREP_SHAPE_REPRESENTATION('',(#11,#544),#1026);
#544 = MANIFOLD_SOLID_BREP('',#545);
#545 = CLOSED_SHELL('',(#546,#618,#658,#683,#707,#739,#771,#795,#819,
    #844,#893,#919,#945,#980,#997,#1014));
#546 = ADVANCED_FACE('',(#547),#613,.T.);
#547 = FACE_BOUND('',#548,.T.);
#548 = EDGE_LOOP('',(#549,#559,#567,#575,#583,#591,#599,#607));
#549 = ORIENTED_EDGE('',*,*,#550,.F.);
#550 = EDGE_CURVE('',#551,#553,#555,.T.);
#551 = VERTEX_POINT('',#552);
#552 = CARTESIAN_POINT('',(-2.2,-4.935,2.));
#553 = VERTEX_POINT('',#554);
#554 = CARTESIAN_POINT('',(-2.5,-4.935,2.));
#555 = LINE('',#556,#557);
#556 = CARTESIAN_POINT('',(-2.2,-4.935,2.));
#557 = VECTOR('',#558,1.);
#558 = DIRECTION('',(-1.,0.,0.));
#559 = ORIENTED_EDGE('',*,*,#560,.F.);
#560 = EDGE_CURVE('',#561,#551,#563,.T.);
#561 = VERTEX_POINT('',#562);
#562 = CARTESIAN_POINT('',(-2.2,-4.535,2.));
#563 = LINE('',#564,#565);
#564 = CARTESIAN_POINT('',(-2.2,-4.535,2.));
#565 = VECTOR('',#566,1.);
#566 = DIRECTION('',(0.,-1.,0.));
#567 = ORIENTED_EDGE('',*,*,#568,.F.);
#568 = EDGE_CURVE('',#569,#561,#571,.T.);
#569 = VERTEX_POINT('',#570);
#570 = CARTESIAN_POINT('',(-1.582179545096,-4.535,2.));
#571 = LINE('',#572,#573);
#572 = CARTESIAN_POINT('',(2.4E-16,-4.535,2.));
#573 = VECTOR('',#574,1.);
#574 = DIRECTION('',(-1.,-8.1E-16,0.));
#575 = ORIENTED_EDGE('',*,*,#576,.T.);
#576 = EDGE_CURVE('',#569,#577,#579,.T.);
#577 = VERTEX_POINT('',#578);
#578 = CARTESIAN_POINT('',(-1.582179545096,4.535,2.));
#579 = LINE('',#580,#581);
#580 = CARTESIAN_POINT('',(-1.582179545096,-2.4675,2.));
#581 = VECTOR('',#582,1.);
#582 = DIRECTION('',(-1.26E-15,1.,0.));
#583 = ORIENTED_EDGE('',*,*,#584,.F.);
#584 = EDGE_CURVE('',#585,#577,#587,.T.);
#585 = VERTEX_POINT('',#586);
#586 = CARTESIAN_POINT('',(-2.2,4.535,2.));
#587 = LINE('',#588,#589);
#588 = CARTESIAN_POINT('',(-2.2,4.535,2.));
#589 = VECTOR('',#590,1.);
#590 = DIRECTION('',(1.,0.,0.));
#591 = ORIENTED_EDGE('',*,*,#592,.T.);
#592 = EDGE_CURVE('',#585,#593,#595,.T.);
#593 = VERTEX_POINT('',#594);
#594 = CARTESIAN_POINT('',(-2.2,4.935,2.));
#595 = LINE('',#596,#597);
#596 = CARTESIAN_POINT('',(-2.2,4.535,2.));
#597 = VECTOR('',#598,1.);
#598 = DIRECTION('',(0.,1.,0.));
#599 = ORIENTED_EDGE('',*,*,#600,.F.);
#600 = EDGE_CURVE('',#601,#593,#603,.T.);
#601 = VERTEX_POINT('',#602);
#602 = CARTESIAN_POINT('',(-2.5,4.935,2.));
#603 = LINE('',#604,#605);
#604 = CARTESIAN_POINT('',(-3.,4.935,2.));
#605 = VECTOR('',#606,1.);
#606 = DIRECTION('',(1.,0.,0.));
#607 = ORIENTED_EDGE('',*,*,#608,.F.);
#608 = EDGE_CURVE('',#553,#601,#609,.T.);
#609 = LINE('',#610,#611);
#610 = CARTESIAN_POINT('',(-2.5,-4.935,2.));
#611 = VECTOR('',#612,1.);
#612 = DIRECTION('',(0.,1.,0.));
#613 = PLANE('',#614);
#614 = AXIS2_PLACEMENT_3D('',#615,#616,#617);
#615 = CARTESIAN_POINT('',(-1.568376068376,1.07E-15,2.));
#616 = DIRECTION('',(0.,0.,1.));
#617 = DIRECTION('',(1.,0.,-0.));
#618 = ADVANCED_FACE('',(#619),#653,.F.);
#619 = FACE_BOUND('',#620,.F.);
#620 = EDGE_LOOP('',(#621,#631,#638,#639,#647));
#621 = ORIENTED_EDGE('',*,*,#622,.F.);
#622 = EDGE_CURVE('',#623,#625,#627,.T.);
#623 = VERTEX_POINT('',#624);
#624 = CARTESIAN_POINT('',(-3.,-4.935,1.5));
#625 = VERTEX_POINT('',#626);
#626 = CARTESIAN_POINT('',(-3.,-4.935,0.15));
#627 = LINE('',#628,#629);
#628 = CARTESIAN_POINT('',(-3.,-4.935,2.));
#629 = VECTOR('',#630,1.);
#630 = DIRECTION('',(-0.,-0.,-1.));
#631 = ORIENTED_EDGE('',*,*,#632,.F.);
#632 = EDGE_CURVE('',#553,#623,#633,.T.);
#633 = CIRCLE('',#634,0.5);
#634 = AXIS2_PLACEMENT_3D('',#635,#636,#637);
#635 = CARTESIAN_POINT('',(-2.5,-4.935,1.5));
#636 = DIRECTION('',(0.,-1.,0.));
#637 = DIRECTION('',(0.,0.,1.));
#638 = ORIENTED_EDGE('',*,*,#550,.F.);
#639 = ORIENTED_EDGE('',*,*,#640,.T.);
#640 = EDGE_CURVE('',#551,#641,#643,.T.);
#641 = VERTEX_POINT('',#642);
#642 = CARTESIAN_POINT('',(-2.2,-4.935,0.15));
#643 = LINE('',#644,#645);
#644 = CARTESIAN_POINT('',(-2.2,-4.935,2.));
#645 = VECTOR('',#646,1.);
#646 = DIRECTION('',(-0.,-0.,-1.));
#647 = ORIENTED_EDGE('',*,*,#648,.T.);
#648 = EDGE_CURVE('',#641,#625,#649,.T.);
#649 = LINE('',#650,#651);
#650 = CARTESIAN_POINT('',(-2.2,-4.935,0.15));
#651 = VECTOR('',#652,1.);
#652 = DIRECTION('',(-1.,0.,0.));
#653 = PLANE('',#654);
#654 = AXIS2_PLACEMENT_3D('',#655,#656,#657);
#655 = CARTESIAN_POINT('',(-2.2,-4.935,2.));
#656 = DIRECTION('',(0.,1.,0.));
#657 = DIRECTION('',(-1.,0.,0.));
#658 = ADVANCED_FACE('',(#659),#678,.T.);
#659 = FACE_BOUND('',#660,.T.);
#660 = EDGE_LOOP('',(#661,#662,#671,#677));
#661 = ORIENTED_EDGE('',*,*,#608,.T.);
#662 = ORIENTED_EDGE('',*,*,#663,.T.);
#663 = EDGE_CURVE('',#601,#664,#666,.T.);
#664 = VERTEX_POINT('',#665);
#665 = CARTESIAN_POINT('',(-3.,4.935,1.5));
#666 = CIRCLE('',#667,0.5);
#667 = AXIS2_PLACEMENT_3D('',#668,#669,#670);
#668 = CARTESIAN_POINT('',(-2.5,4.935,1.5));
#669 = DIRECTION('',(0.,-1.,0.));
#670 = DIRECTION('',(0.,0.,1.));
#671 = ORIENTED_EDGE('',*,*,#672,.F.);
#672 = EDGE_CURVE('',#623,#664,#673,.T.);
#673 = LINE('',#674,#675);
#674 = CARTESIAN_POINT('',(-3.,-4.935,1.5));
#675 = VECTOR('',#676,1.);
#676 = DIRECTION('',(0.,1.,0.));
#677 = ORIENTED_EDGE('',*,*,#632,.F.);
#678 = CYLINDRICAL_SURFACE('',#679,0.5);
#679 = AXIS2_PLACEMENT_3D('',#680,#681,#682);
#680 = CARTESIAN_POINT('',(-2.5,-4.935,1.5));
#681 = DIRECTION('',(0.,1.,0.));
#682 = DIRECTION('',(0.,-0.,1.));
#683 = ADVANCED_FACE('',(#684),#702,.F.);
#684 = FACE_BOUND('',#685,.F.);
#685 = EDGE_LOOP('',(#686,#694,#700,#701));
#686 = ORIENTED_EDGE('',*,*,#687,.T.);
#687 = EDGE_CURVE('',#561,#688,#690,.T.);
#688 = VERTEX_POINT('',#689);
#689 = CARTESIAN_POINT('',(-2.2,-4.535,0.15));
#690 = LINE('',#691,#692);
#691 = CARTESIAN_POINT('',(-2.2,-4.535,2.));
#692 = VECTOR('',#693,1.);
#693 = DIRECTION('',(-0.,-0.,-1.));
#694 = ORIENTED_EDGE('',*,*,#695,.T.);
#695 = EDGE_CURVE('',#688,#641,#696,.T.);
#696 = LINE('',#697,#698);
#697 = CARTESIAN_POINT('',(-2.2,-4.535,0.15));
#698 = VECTOR('',#699,1.);
#699 = DIRECTION('',(0.,-1.,0.));
#700 = ORIENTED_EDGE('',*,*,#640,.F.);
#701 = ORIENTED_EDGE('',*,*,#560,.F.);
#702 = PLANE('',#703);
#703 = AXIS2_PLACEMENT_3D('',#704,#705,#706);
#704 = CARTESIAN_POINT('',(-2.2,-4.535,2.));
#705 = DIRECTION('',(-1.,0.,0.));
#706 = DIRECTION('',(0.,-1.,0.));
#707 = ADVANCED_FACE('',(#708),#734,.F.);
#708 = FACE_BOUND('',#709,.F.);
#709 = EDGE_LOOP('',(#710,#718,#726,#732,#733));
#710 = ORIENTED_EDGE('',*,*,#711,.T.);
#711 = EDGE_CURVE('',#664,#712,#714,.T.);
#712 = VERTEX_POINT('',#713);
#713 = CARTESIAN_POINT('',(-3.,4.935,0.15));
#714 = LINE('',#715,#716);
#715 = CARTESIAN_POINT('',(-3.,4.935,2.));
#716 = VECTOR('',#717,1.);
#717 = DIRECTION('',(-0.,-0.,-1.));
#718 = ORIENTED_EDGE('',*,*,#719,.T.);
#719 = EDGE_CURVE('',#712,#720,#722,.T.);
#720 = VERTEX_POINT('',#721);
#721 = CARTESIAN_POINT('',(-2.2,4.935,0.15));
#722 = LINE('',#723,#724);
#723 = CARTESIAN_POINT('',(-3.,4.935,0.15));
#724 = VECTOR('',#725,1.);
#725 = DIRECTION('',(1.,0.,0.));
#726 = ORIENTED_EDGE('',*,*,#727,.F.);
#727 = EDGE_CURVE('',#593,#720,#728,.T.);
#728 = LINE('',#729,#730);
#729 = CARTESIAN_POINT('',(-2.2,4.935,2.));
#730 = VECTOR('',#731,1.);
#731 = DIRECTION('',(-0.,-0.,-1.));
#732 = ORIENTED_EDGE('',*,*,#600,.F.);
#733 = ORIENTED_EDGE('',*,*,#663,.T.);
#734 = PLANE('',#735);
#735 = AXIS2_PLACEMENT_3D('',#736,#737,#738);
#736 = CARTESIAN_POINT('',(-3.,4.935,2.));
#737 = DIRECTION('',(0.,-1.,0.));
#738 = DIRECTION('',(1.,0.,0.));
#739 = ADVANCED_FACE('',(#740),#766,.F.);
#740 = FACE_BOUND('',#741,.F.);
#741 = EDGE_LOOP('',(#742,#750,#758,#764,#765));
#742 = ORIENTED_EDGE('',*,*,#743,.T.);
#743 = EDGE_CURVE('',#569,#744,#746,.T.);
#744 = VERTEX_POINT('',#745);
#745 = CARTESIAN_POINT('',(0.,-4.535,1.721019057875));
#746 = LINE('',#747,#748);
#747 = CARTESIAN_POINT('',(0.445761230572,-4.535,1.642419325971));
#748 = VECTOR('',#749,1.);
#749 = DIRECTION('',(0.984807753012,8.E-16,-0.173648177667));
#750 = ORIENTED_EDGE('',*,*,#751,.T.);
#751 = EDGE_CURVE('',#744,#752,#754,.T.);
#752 = VERTEX_POINT('',#753);
#753 = CARTESIAN_POINT('',(0.,-4.535,0.15));
#754 = LINE('',#755,#756);
#755 = CARTESIAN_POINT('',(2.4E-16,-4.535,2.));
#756 = VECTOR('',#757,1.);
#757 = DIRECTION('',(-0.,-0.,-1.));
#758 = ORIENTED_EDGE('',*,*,#759,.T.);
#759 = EDGE_CURVE('',#752,#688,#760,.T.);
#760 = LINE('',#761,#762);
#761 = CARTESIAN_POINT('',(2.4E-16,-4.535,0.15));
#762 = VECTOR('',#763,1.);
#763 = DIRECTION('',(-1.,-8.1E-16,0.));
#764 = ORIENTED_EDGE('',*,*,#687,.F.);
#765 = ORIENTED_EDGE('',*,*,#568,.F.);
#766 = PLANE('',#767);
#767 = AXIS2_PLACEMENT_3D('',#768,#769,#770);
#768 = CARTESIAN_POINT('',(2.4E-16,-4.535,2.));
#769 = DIRECTION('',(-8.1E-16,1.,0.));
#770 = DIRECTION('',(-1.,-8.1E-16,0.));
#771 = ADVANCED_FACE('',(#772),#790,.T.);
#772 = FACE_BOUND('',#773,.T.);
#773 = EDGE_LOOP('',(#774,#782,#788,#789));
#774 = ORIENTED_EDGE('',*,*,#775,.T.);
#775 = EDGE_CURVE('',#585,#776,#778,.T.);
#776 = VERTEX_POINT('',#777);
#777 = CARTESIAN_POINT('',(-2.2,4.535,0.15));
#778 = LINE('',#779,#780);
#779 = CARTESIAN_POINT('',(-2.2,4.535,2.));
#780 = VECTOR('',#781,1.);
#781 = DIRECTION('',(-0.,-0.,-1.));
#782 = ORIENTED_EDGE('',*,*,#783,.T.);
#783 = EDGE_CURVE('',#776,#720,#784,.T.);
#784 = LINE('',#785,#786);
#785 = CARTESIAN_POINT('',(-2.2,4.535,0.15));
#786 = VECTOR('',#787,1.);
#787 = DIRECTION('',(0.,1.,0.));
#788 = ORIENTED_EDGE('',*,*,#727,.F.);
#789 = ORIENTED_EDGE('',*,*,#592,.F.);
#790 = PLANE('',#791);
#791 = AXIS2_PLACEMENT_3D('',#792,#793,#794);
#792 = CARTESIAN_POINT('',(-2.2,4.535,2.));
#793 = DIRECTION('',(1.,0.,0.));
#794 = DIRECTION('',(-0.,1.,0.));
#795 = ADVANCED_FACE('',(#796),#814,.T.);
#796 = FACE_BOUND('',#797,.T.);
#797 = EDGE_LOOP('',(#798,#806,#812,#813));
#798 = ORIENTED_EDGE('',*,*,#799,.T.);
#799 = EDGE_CURVE('',#744,#800,#802,.T.);
#800 = VERTEX_POINT('',#801);
#801 = CARTESIAN_POINT('',(0.,4.535,1.721019057875));
#802 = LINE('',#803,#804);
#803 = CARTESIAN_POINT('',(1.8E-16,-0.2,1.721019057875));
#804 = VECTOR('',#805,1.);
#805 = DIRECTION('',(0.,1.,-2.2E-16));
#806 = ORIENTED_EDGE('',*,*,#807,.T.);
#807 = EDGE_CURVE('',#800,#577,#808,.T.);
#808 = LINE('',#809,#810);
#809 = CARTESIAN_POINT('',(-0.621069710861,4.535,1.8305304048));
#810 = VECTOR('',#811,1.);
#811 = DIRECTION('',(-0.984807753012,0.,0.173648177667));
#812 = ORIENTED_EDGE('',*,*,#576,.F.);
#813 = ORIENTED_EDGE('',*,*,#743,.T.);
#814 = PLANE('',#815);
#815 = AXIS2_PLACEMENT_3D('',#816,#817,#818);
#816 = CARTESIAN_POINT('',(0.939231012049,-4.935,1.555407289332));
#817 = DIRECTION('',(0.173648177667,2.2E-16,0.984807753012));
#818 = DIRECTION('',(-0.984807753012,4.E-17,0.173648177667));
#819 = ADVANCED_FACE('',(#820),#839,.F.);
#820 = FACE_BOUND('',#821,.F.);
#821 = EDGE_LOOP('',(#822,#823,#824,#832,#838));
#822 = ORIENTED_EDGE('',*,*,#584,.F.);
#823 = ORIENTED_EDGE('',*,*,#775,.T.);
#824 = ORIENTED_EDGE('',*,*,#825,.T.);
#825 = EDGE_CURVE('',#776,#826,#828,.T.);
#826 = VERTEX_POINT('',#827);
#827 = CARTESIAN_POINT('',(0.,4.535,0.15));
#828 = LINE('',#829,#830);
#829 = CARTESIAN_POINT('',(-2.2,4.535,0.15));
#830 = VECTOR('',#831,1.);
#831 = DIRECTION('',(1.,0.,0.));
#832 = ORIENTED_EDGE('',*,*,#833,.F.);
#833 = EDGE_CURVE('',#800,#826,#834,.T.);
#834 = LINE('',#835,#836);
#835 = CARTESIAN_POINT('',(3.4E-16,4.535,2.));
#836 = VECTOR('',#837,1.);
#837 = DIRECTION('',(-0.,-0.,-1.));
#838 = ORIENTED_EDGE('',*,*,#807,.T.);
#839 = PLANE('',#840);
#840 = AXIS2_PLACEMENT_3D('',#841,#842,#843);
#841 = CARTESIAN_POINT('',(-2.2,4.535,2.));
#842 = DIRECTION('',(0.,-1.,0.));
#843 = DIRECTION('',(1.,0.,0.));
#844 = ADVANCED_FACE('',(#845),#888,.F.);
#845 = FACE_BOUND('',#846,.F.);
#846 = EDGE_LOOP('',(#847,#848,#849,#850,#858,#866,#874,#882));
#847 = ORIENTED_EDGE('',*,*,#711,.F.);
#848 = ORIENTED_EDGE('',*,*,#672,.F.);
#849 = ORIENTED_EDGE('',*,*,#622,.T.);
#850 = ORIENTED_EDGE('',*,*,#851,.T.);
#851 = EDGE_CURVE('',#625,#852,#854,.T.);
#852 = VERTEX_POINT('',#853);
#853 = CARTESIAN_POINT('',(-3.,-4.035,0.15));
#854 = LINE('',#855,#856);
#855 = CARTESIAN_POINT('',(-3.,-4.935,0.15));
#856 = VECTOR('',#857,1.);
#857 = DIRECTION('',(0.,1.,0.));
#858 = ORIENTED_EDGE('',*,*,#859,.F.);
#859 = EDGE_CURVE('',#860,#852,#862,.T.);
#860 = VERTEX_POINT('',#861);
#861 = CARTESIAN_POINT('',(-3.,-4.035,0.75));
#862 = LINE('',#863,#864);
#863 = CARTESIAN_POINT('',(-3.,-4.035,0.75));
#864 = VECTOR('',#865,1.);
#865 = DIRECTION('',(0.,0.,-1.));
#866 = ORIENTED_EDGE('',*,*,#867,.F.);
#867 = EDGE_CURVE('',#868,#860,#870,.T.);
#868 = VERTEX_POINT('',#869);
#869 = CARTESIAN_POINT('',(-3.,4.035,0.75));
#870 = LINE('',#871,#872);
#871 = CARTESIAN_POINT('',(-3.,4.035,0.75));
#872 = VECTOR('',#873,1.);
#873 = DIRECTION('',(0.,-1.,0.));
#874 = ORIENTED_EDGE('',*,*,#875,.F.);
#875 = EDGE_CURVE('',#876,#868,#878,.T.);
#876 = VERTEX_POINT('',#877);
#877 = CARTESIAN_POINT('',(-3.,4.035,0.15));
#878 = LINE('',#879,#880);
#879 = CARTESIAN_POINT('',(-3.,4.035,0.));
#880 = VECTOR('',#881,1.);
#881 = DIRECTION('',(0.,0.,1.));
#882 = ORIENTED_EDGE('',*,*,#883,.T.);
#883 = EDGE_CURVE('',#876,#712,#884,.T.);
#884 = LINE('',#885,#886);
#885 = CARTESIAN_POINT('',(-3.,-4.935,0.15));
#886 = VECTOR('',#887,1.);
#887 = DIRECTION('',(0.,1.,0.));
#888 = PLANE('',#889);
#889 = AXIS2_PLACEMENT_3D('',#890,#891,#892);
#890 = CARTESIAN_POINT('',(-3.,-4.935,2.));
#891 = DIRECTION('',(1.,0.,0.));
#892 = DIRECTION('',(-0.,1.,0.));
#893 = ADVANCED_FACE('',(#894),#914,.F.);
#894 = FACE_BOUND('',#895,.F.);
#895 = EDGE_LOOP('',(#896,#904,#910,#911,#912,#913));
#896 = ORIENTED_EDGE('',*,*,#897,.F.);
#897 = EDGE_CURVE('',#898,#752,#900,.T.);
#898 = VERTEX_POINT('',#899);
#899 = CARTESIAN_POINT('',(0.,-4.035,0.15));
#900 = LINE('',#901,#902);
#901 = CARTESIAN_POINT('',(2.4E-16,4.535,0.15));
#902 = VECTOR('',#903,1.);
#903 = DIRECTION('',(0.,-1.,0.));
#904 = ORIENTED_EDGE('',*,*,#905,.T.);
#905 = EDGE_CURVE('',#898,#852,#906,.T.);
#906 = LINE('',#907,#908);
#907 = CARTESIAN_POINT('',(-2.284188034188,-4.035,0.15));
#908 = VECTOR('',#909,1.);
#909 = DIRECTION('',(-1.,0.,0.));
#910 = ORIENTED_EDGE('',*,*,#851,.F.);
#911 = ORIENTED_EDGE('',*,*,#648,.F.);
#912 = ORIENTED_EDGE('',*,*,#695,.F.);
#913 = ORIENTED_EDGE('',*,*,#759,.F.);
#914 = PLANE('',#915);
#915 = AXIS2_PLACEMENT_3D('',#916,#917,#918);
#916 = CARTESIAN_POINT('',(-1.568376068376,1.07E-15,0.15));
#917 = DIRECTION('',(0.,0.,1.));
#918 = DIRECTION('',(1.,0.,-0.));
#919 = ADVANCED_FACE('',(#920),#940,.F.);
#920 = FACE_BOUND('',#921,.F.);
#921 = EDGE_LOOP('',(#922,#923,#924,#925,#926,#934));
#922 = ORIENTED_EDGE('',*,*,#825,.F.);
#923 = ORIENTED_EDGE('',*,*,#783,.T.);
#924 = ORIENTED_EDGE('',*,*,#719,.F.);
#925 = ORIENTED_EDGE('',*,*,#883,.F.);
#926 = ORIENTED_EDGE('',*,*,#927,.T.);
#927 = EDGE_CURVE('',#876,#928,#930,.T.);
#928 = VERTEX_POINT('',#929);
#929 = CARTESIAN_POINT('',(0.,4.035,0.15));
#930 = LINE('',#931,#932);
#931 = CARTESIAN_POINT('',(-2.284188034188,4.035,0.15));
#932 = VECTOR('',#933,1.);
#933 = DIRECTION('',(1.,0.,0.));
#934 = ORIENTED_EDGE('',*,*,#935,.F.);
#935 = EDGE_CURVE('',#826,#928,#936,.T.);
#936 = LINE('',#937,#938);
#937 = CARTESIAN_POINT('',(2.4E-16,4.535,0.15));
#938 = VECTOR('',#939,1.);
#939 = DIRECTION('',(0.,-1.,0.));
#940 = PLANE('',#941);
#941 = AXIS2_PLACEMENT_3D('',#942,#943,#944);
#942 = CARTESIAN_POINT('',(-1.568376068376,1.07E-15,0.15));
#943 = DIRECTION('',(0.,0.,1.));
#944 = DIRECTION('',(1.,0.,-0.));
#945 = ADVANCED_FACE('',(#946),#975,.F.);
#946 = FACE_BOUND('',#947,.F.);
#947 = EDGE_LOOP('',(#948,#949,#950,#951,#959,#967,#973,#974));
#948 = ORIENTED_EDGE('',*,*,#799,.T.);
#949 = ORIENTED_EDGE('',*,*,#833,.T.);
#950 = ORIENTED_EDGE('',*,*,#935,.T.);
#951 = ORIENTED_EDGE('',*,*,#952,.T.);
#952 = EDGE_CURVE('',#928,#953,#955,.T.);
#953 = VERTEX_POINT('',#954);
#954 = CARTESIAN_POINT('',(0.,4.035,0.75));
#955 = LINE('',#956,#957);
#956 = CARTESIAN_POINT('',(3.4E-16,4.035,1.));
#957 = VECTOR('',#958,1.);
#958 = DIRECTION('',(0.,0.,1.));
#959 = ORIENTED_EDGE('',*,*,#960,.T.);
#960 = EDGE_CURVE('',#953,#961,#963,.T.);
#961 = VERTEX_POINT('',#962);
#962 = CARTESIAN_POINT('',(0.,-4.035,0.75));
#963 = LINE('',#964,#965);
#964 = CARTESIAN_POINT('',(3.4E-16,4.285,0.75));
#965 = VECTOR('',#966,1.);
#966 = DIRECTION('',(-0.,-1.,-0.));
#967 = ORIENTED_EDGE('',*,*,#968,.T.);
#968 = EDGE_CURVE('',#961,#898,#969,.T.);
#969 = LINE('',#970,#971);
#970 = CARTESIAN_POINT('',(3.4E-16,-4.035,1.375));
#971 = VECTOR('',#972,1.);
#972 = DIRECTION('',(0.,0.,-1.));
#973 = ORIENTED_EDGE('',*,*,#897,.T.);
#974 = ORIENTED_EDGE('',*,*,#751,.F.);
#975 = PLANE('',#976);
#976 = AXIS2_PLACEMENT_3D('',#977,#978,#979);
#977 = CARTESIAN_POINT('',(2.4E-16,4.535,2.));
#978 = DIRECTION('',(-1.,0.,0.));
#979 = DIRECTION('',(0.,-1.,0.));
#980 = ADVANCED_FACE('',(#981),#992,.T.);
#981 = FACE_BOUND('',#982,.T.);
#982 = EDGE_LOOP('',(#983,#984,#985,#986));
#983 = ORIENTED_EDGE('',*,*,#875,.F.);
#984 = ORIENTED_EDGE('',*,*,#927,.T.);
#985 = ORIENTED_EDGE('',*,*,#952,.T.);
#986 = ORIENTED_EDGE('',*,*,#987,.F.);
#987 = EDGE_CURVE('',#868,#953,#988,.T.);
#988 = LINE('',#989,#990);
#989 = CARTESIAN_POINT('',(-3.,4.035,0.75));
#990 = VECTOR('',#991,1.);
#991 = DIRECTION('',(1.,0.,0.));
#992 = PLANE('',#993);
#993 = AXIS2_PLACEMENT_3D('',#994,#995,#996);
#994 = CARTESIAN_POINT('',(-3.,4.035,0.));
#995 = DIRECTION('',(0.,-1.,0.));
#996 = DIRECTION('',(0.,0.,1.));
#997 = ADVANCED_FACE('',(#998),#1009,.T.);
#998 = FACE_BOUND('',#999,.T.);
#999 = EDGE_LOOP('',(#1000,#1001,#1002,#1003));
#1000 = ORIENTED_EDGE('',*,*,#867,.F.);
#1001 = ORIENTED_EDGE('',*,*,#987,.T.);
#1002 = ORIENTED_EDGE('',*,*,#960,.T.);
#1003 = ORIENTED_EDGE('',*,*,#1004,.F.);
#1004 = EDGE_CURVE('',#860,#961,#1005,.T.);
#1005 = LINE('',#1006,#1007);
#1006 = CARTESIAN_POINT('',(-3.,-4.035,0.75));
#1007 = VECTOR('',#1008,1.);
#1008 = DIRECTION('',(1.,0.,0.));
#1009 = PLANE('',#1010);
#1010 = AXIS2_PLACEMENT_3D('',#1011,#1012,#1013);
#1011 = CARTESIAN_POINT('',(-3.,4.035,0.75));
#1012 = DIRECTION('',(0.,0.,-1.));
#1013 = DIRECTION('',(0.,-1.,0.));
#1014 = ADVANCED_FACE('',(#1015),#1021,.T.);
#1015 = FACE_BOUND('',#1016,.T.);
#1016 = EDGE_LOOP('',(#1017,#1018,#1019,#1020));
#1017 = ORIENTED_EDGE('',*,*,#859,.F.);
#1018 = ORIENTED_EDGE('',*,*,#1004,.T.);
#1019 = ORIENTED_EDGE('',*,*,#968,.T.);
#1020 = ORIENTED_EDGE('',*,*,#905,.T.);
#1021 = PLANE('',#1022);
#1022 = AXIS2_PLACEMENT_3D('',#1023,#1024,#1025);
#1023 = CARTESIAN_POINT('',(-3.,-4.035,0.75));
#1024 = DIRECTION('',(0.,1.,0.));
#1025 = DIRECTION('',(0.,0.,-1.));
#1026 = ( GEOMETRIC_REPRESENTATION_CONTEXT(3) 
GLOBAL_UNCERTAINTY_ASSIGNED_CONTEXT((#1030)) 
GLOBAL_UNIT_ASSIGNED_CONTEXT((#1027,#1028,#1029)) REPRESENTATION_CONTEXT
('Context #1','3D Context with UNIT and UNCERTAINTY') );
#1027 = ( LENGTH_UNIT() NAMED_UNIT(*) SI_UNIT(.MILLI.,.METRE.) );
#1028 = ( NAMED_UNIT(*) PLANE_ANGLE_UNIT() SI_UNIT($,.RADIAN.) );
#1029 = ( NAMED_UNIT(*) SI_UNIT($,.STERADIAN.) SOLID_ANGLE_UNIT() );
#1030 = UNCERTAINTY_MEASURE_WITH_UNIT(LENGTH_MEASURE(1.E-07),#1027,
  'distance_accuracy_value','confusion accuracy');
#1031 = CONTEXT_DEPENDENT_SHAPE_REPRESENTATION(#1032,#1034);
#1032 = ( REPRESENTATION_RELATIONSHIP('','',#543,#10) 
REPRESENTATION_RELATIONSHIP_WITH_TRANSFORMATION(#1033) 
SHAPE_REPRESENTATION_RELATIONSHIP() );
#1033 = ITEM_DEFINED_TRANSFORMATION('','',#11,#19);
#1034 = PRODUCT_DEFINITION_SHAPE('Placement','Placement of an item',
  #1035);
#1035 = NEXT_ASSEMBLY_USAGE_OCCURRENCE('2','lock','',#5,#538,$);
#1036 = PRODUCT_RELATED_PRODUCT_CATEGORY('part',$,(#540));
#1037 = SHAPE_DEFINITION_REPRESENTATION(#1038,#1044);
#1038 = PRODUCT_DEFINITION_SHAPE('','',#1039);
#1039 = PRODUCT_DEFINITION('design','',#1040,#1043);
#1040 = PRODUCT_DEFINITION_FORMATION('','',#1041);
#1041 = PRODUCT('pins','pins','',(#1042));
#1042 = PRODUCT_CONTEXT('',#2,'mechanical');
#1043 = PRODUCT_DEFINITION_CONTEXT('part definition',#2,'design');
#1044 = ADVANCED_BREP_SHAPE_REPRESENTATION('',(#11,#1045),#7706);
#1045 = MANIFOLD_SOLID_BREP('',#1046);
#1046 = CLOSED_SHELL('',(#1047,#1087,#1630,#1711,#2247,#2264,#2288,#2360
    ,#2377,#2451,#2475,#2547,#2564,#2638,#2662,#2734,#2751,#2825,#2849,
    #2921,#2938,#3012,#3036,#3108,#3125,#3199,#3223,#3295,#3312,#3386,
    #3410,#3482,#3499,#3573,#3597,#3669,#3686,#3760,#3784,#3856,#3873,
    #3947,#3971,#4043,#4060,#4134,#4158,#4230,#4247,#4321,#4345,#4417,
    #4434,#4508,#4532,#4604,#4621,#4695,#4719,#4791,#4808,#4882,#4906,
    #4978,#4995,#5012,#5029,#5083,#5100,#5149,#5166,#5183,#5200,#5217,
    #5234,#5251,#5268,#5280,#5297,#5314,#5331,#5348,#5365,#5382,#5399,
    #5416,#5433,#5450,#5467,#5484,#5501,#5518,#5535,#5552,#5569,#5586,
    #5603,#5615,#5632,#5649,#5666,#5683,#5700,#5712,#5729,#5746,#5763,
    #5780,#5797,#5809,#5826,#5843,#5860,#5877,#5894,#5906,#5923,#5940,
    #5957,#5974,#5991,#6003,#6020,#6037,#6054,#6071,#6088,#6100,#6117,
    #6134,#6151,#6168,#6185,#6197,#6214,#6231,#6248,#6265,#6282,#6294,
    #6311,#6328,#6345,#6362,#6379,#6391,#6408,#6425,#6442,#6459,#6476,
    #6488,#6505,#6522,#6539,#6556,#6573,#6585,#6602,#6619,#6636,#6653,
    #6670,#6682,#6699,#6716,#6733,#6750,#6767,#6779,#6796,#6813,#6830,
    #6847,#6864,#6876,#6907,#7010,#7035,#7126,#7143,#7265,#7290,#7381,
    #7398,#7410,#7432,#7449,#7466,#7483,#7500,#7517,#7529,#7546,#7558,
    #7580,#7597,#7614,#7631,#7648,#7665,#7677,#7694));
#1047 = ADVANCED_FACE('',(#1048),#1082,.T.);
#1048 = FACE_BOUND('',#1049,.T.);
#1049 = EDGE_LOOP('',(#1050,#1060,#1068,#1076));
#1050 = ORIENTED_EDGE('',*,*,#1051,.F.);
#1051 = EDGE_CURVE('',#1052,#1054,#1056,.T.);
#1052 = VERTEX_POINT('',#1053);
#1053 = CARTESIAN_POINT('',(1.7,4.25,0.2));
#1054 = VERTEX_POINT('',#1055);
#1055 = CARTESIAN_POINT('',(1.7,3.6,0.2));
#1056 = LINE('',#1057,#1058);
#1057 = CARTESIAN_POINT('',(1.7,4.25,0.2));
#1058 = VECTOR('',#1059,1.);
#1059 = DIRECTION('',(0.,-1.,0.));
#1060 = ORIENTED_EDGE('',*,*,#1061,.T.);
#1061 = EDGE_CURVE('',#1052,#1062,#1064,.T.);
#1062 = VERTEX_POINT('',#1063);
#1063 = CARTESIAN_POINT('',(1.7,4.25,0.5));
#1064 = LINE('',#1065,#1066);
#1065 = CARTESIAN_POINT('',(1.7,4.25,0.2));
#1066 = VECTOR('',#1067,1.);
#1067 = DIRECTION('',(0.,0.,1.));
#1068 = ORIENTED_EDGE('',*,*,#1069,.T.);
#1069 = EDGE_CURVE('',#1062,#1070,#1072,.T.);
#1070 = VERTEX_POINT('',#1071);
#1071 = CARTESIAN_POINT('',(1.7,3.6,0.5));
#1072 = LINE('',#1073,#1074);
#1073 = CARTESIAN_POINT('',(1.7,4.25,0.5));
#1074 = VECTOR('',#1075,1.);
#1075 = DIRECTION('',(0.,-1.,0.));
#1076 = ORIENTED_EDGE('',*,*,#1077,.F.);
#1077 = EDGE_CURVE('',#1054,#1070,#1078,.T.);
#1078 = LINE('',#1079,#1080);
#1079 = CARTESIAN_POINT('',(1.7,3.6,0.1));
#1080 = VECTOR('',#1081,1.);
#1081 = DIRECTION('',(0.,0.,1.));
#1082 = PLANE('',#1083);
#1083 = AXIS2_PLACEMENT_3D('',#1084,#1085,#1086);
#1084 = CARTESIAN_POINT('',(1.7,4.25,0.2));
#1085 = DIRECTION('',(1.,0.,0.));
#1086 = DIRECTION('',(0.,-1.,0.));
#1087 = ADVANCED_FACE('',(#1088),#1625,.F.);
#1088 = FACE_BOUND('',#1089,.F.);
#1089 = EDGE_LOOP('',(#1090,#1091,#1099,#1107,#1115,#1123,#1131,#1139,
    #1147,#1155,#1163,#1171,#1179,#1187,#1195,#1203,#1211,#1219,#1227,
    #1235,#1243,#1251,#1259,#1267,#1275,#1283,#1291,#1299,#1307,#1315,
    #1323,#1331,#1339,#1347,#1355,#1363,#1371,#1379,#1387,#1395,#1403,
    #1411,#1419,#1427,#1435,#1443,#1451,#1459,#1467,#1475,#1483,#1491,
    #1499,#1507,#1515,#1523,#1531,#1539,#1547,#1555,#1563,#1571,#1579,
    #1587,#1595,#1603,#1611,#1619));
#1090 = ORIENTED_EDGE('',*,*,#1051,.F.);
#1091 = ORIENTED_EDGE('',*,*,#1092,.F.);
#1092 = EDGE_CURVE('',#1093,#1052,#1095,.T.);
#1093 = VERTEX_POINT('',#1094);
#1094 = CARTESIAN_POINT('',(0.6,4.25,0.2));
#1095 = LINE('',#1096,#1097);
#1096 = CARTESIAN_POINT('',(0.6,4.25,0.2));
#1097 = VECTOR('',#1098,1.);
#1098 = DIRECTION('',(1.,0.,0.));
#1099 = ORIENTED_EDGE('',*,*,#1100,.F.);
#1100 = EDGE_CURVE('',#1101,#1093,#1103,.T.);
#1101 = VERTEX_POINT('',#1102);
#1102 = CARTESIAN_POINT('',(0.6,4.8,0.2));
#1103 = LINE('',#1104,#1105);
#1104 = CARTESIAN_POINT('',(0.6,4.9,0.2));
#1105 = VECTOR('',#1106,1.);
#1106 = DIRECTION('',(1.7E-16,-1.,0.));
#1107 = ORIENTED_EDGE('',*,*,#1108,.F.);
#1108 = EDGE_CURVE('',#1109,#1101,#1111,.T.);
#1109 = VERTEX_POINT('',#1110);
#1110 = CARTESIAN_POINT('',(0.3,4.8,0.2));
#1111 = LINE('',#1112,#1113);
#1112 = CARTESIAN_POINT('',(0.768080357143,4.8,0.2));
#1113 = VECTOR('',#1114,1.);
#1114 = DIRECTION('',(1.,2.2E-16,-0.));
#1115 = ORIENTED_EDGE('',*,*,#1116,.F.);
#1116 = EDGE_CURVE('',#1117,#1109,#1119,.T.);
#1117 = VERTEX_POINT('',#1118);
#1118 = CARTESIAN_POINT('',(0.3,-4.8,0.2));
#1119 = LINE('',#1120,#1121);
#1120 = CARTESIAN_POINT('',(0.3,-4.9,0.2));
#1121 = VECTOR('',#1122,1.);
#1122 = DIRECTION('',(0.,1.,0.));
#1123 = ORIENTED_EDGE('',*,*,#1124,.T.);
#1124 = EDGE_CURVE('',#1117,#1125,#1127,.T.);
#1125 = VERTEX_POINT('',#1126);
#1126 = CARTESIAN_POINT('',(0.6,-4.8,0.2));
#1127 = LINE('',#1128,#1129);
#1128 = CARTESIAN_POINT('',(0.768080357143,-4.8,0.2));
#1129 = VECTOR('',#1130,1.);
#1130 = DIRECTION('',(1.,-2.2E-16,0.));
#1131 = ORIENTED_EDGE('',*,*,#1132,.F.);
#1132 = EDGE_CURVE('',#1133,#1125,#1135,.T.);
#1133 = VERTEX_POINT('',#1134);
#1134 = CARTESIAN_POINT('',(0.6,-4.25,0.2));
#1135 = LINE('',#1136,#1137);
#1136 = CARTESIAN_POINT('',(0.6,-4.25,0.2));
#1137 = VECTOR('',#1138,1.);
#1138 = DIRECTION('',(0.,-1.,0.));
#1139 = ORIENTED_EDGE('',*,*,#1140,.F.);
#1140 = EDGE_CURVE('',#1141,#1133,#1143,.T.);
#1141 = VERTEX_POINT('',#1142);
#1142 = CARTESIAN_POINT('',(1.7,-4.25,0.2));
#1143 = LINE('',#1144,#1145);
#1144 = CARTESIAN_POINT('',(1.7,-4.25,0.2));
#1145 = VECTOR('',#1146,1.);
#1146 = DIRECTION('',(-1.,0.,0.));
#1147 = ORIENTED_EDGE('',*,*,#1148,.F.);
#1148 = EDGE_CURVE('',#1149,#1141,#1151,.T.);
#1149 = VERTEX_POINT('',#1150);
#1150 = CARTESIAN_POINT('',(1.7,-3.6,0.2));
#1151 = LINE('',#1152,#1153);
#1152 = CARTESIAN_POINT('',(1.7,4.25,0.2));
#1153 = VECTOR('',#1154,1.);
#1154 = DIRECTION('',(0.,-1.,0.));
#1155 = ORIENTED_EDGE('',*,*,#1156,.F.);
#1156 = EDGE_CURVE('',#1157,#1149,#1159,.T.);
#1157 = VERTEX_POINT('',#1158);
#1158 = CARTESIAN_POINT('',(1.6,-3.6,0.2));
#1159 = LINE('',#1160,#1161);
#1160 = CARTESIAN_POINT('',(2.168080357143,-3.6,0.2));
#1161 = VECTOR('',#1162,1.);
#1162 = DIRECTION('',(1.,0.,0.));
#1163 = ORIENTED_EDGE('',*,*,#1164,.F.);
#1164 = EDGE_CURVE('',#1165,#1157,#1167,.T.);
#1165 = VERTEX_POINT('',#1166);
#1166 = CARTESIAN_POINT('',(1.6,-3.4,0.2));
#1167 = LINE('',#1168,#1169);
#1168 = CARTESIAN_POINT('',(1.6,-1.8,0.2));
#1169 = VECTOR('',#1170,1.);
#1170 = DIRECTION('',(0.,-1.,0.));
#1171 = ORIENTED_EDGE('',*,*,#1172,.F.);
#1172 = EDGE_CURVE('',#1173,#1165,#1175,.T.);
#1173 = VERTEX_POINT('',#1174);
#1174 = CARTESIAN_POINT('',(1.7,-3.4,0.2));
#1175 = LINE('',#1176,#1177);
#1176 = CARTESIAN_POINT('',(1.268080357143,-3.4,0.2));
#1177 = VECTOR('',#1178,1.);
#1178 = DIRECTION('',(-1.,0.,0.));
#1179 = ORIENTED_EDGE('',*,*,#1180,.F.);
#1180 = EDGE_CURVE('',#1181,#1173,#1183,.T.);
#1181 = VERTEX_POINT('',#1182);
#1182 = CARTESIAN_POINT('',(1.7,-3.1,0.2));
#1183 = LINE('',#1184,#1185);
#1184 = CARTESIAN_POINT('',(1.7,4.25,0.2));
#1185 = VECTOR('',#1186,1.);
#1186 = DIRECTION('',(0.,-1.,0.));
#1187 = ORIENTED_EDGE('',*,*,#1188,.F.);
#1188 = EDGE_CURVE('',#1189,#1181,#1191,.T.);
#1189 = VERTEX_POINT('',#1190);
#1190 = CARTESIAN_POINT('',(1.6,-3.1,0.2));
#1191 = LINE('',#1192,#1193);
#1192 = CARTESIAN_POINT('',(2.168080357143,-3.1,0.2));
#1193 = VECTOR('',#1194,1.);
#1194 = DIRECTION('',(1.,0.,0.));
#1195 = ORIENTED_EDGE('',*,*,#1196,.F.);
#1196 = EDGE_CURVE('',#1197,#1189,#1199,.T.);
#1197 = VERTEX_POINT('',#1198);
#1198 = CARTESIAN_POINT('',(1.6,-2.9,0.2));
#1199 = LINE('',#1200,#1201);
#1200 = CARTESIAN_POINT('',(1.6,-1.55,0.2));
#1201 = VECTOR('',#1202,1.);
#1202 = DIRECTION('',(0.,-1.,0.));
#1203 = ORIENTED_EDGE('',*,*,#1204,.F.);
#1204 = EDGE_CURVE('',#1205,#1197,#1207,.T.);
#1205 = VERTEX_POINT('',#1206);
#1206 = CARTESIAN_POINT('',(1.7,-2.9,0.2));
#1207 = LINE('',#1208,#1209);
#1208 = CARTESIAN_POINT('',(1.268080357143,-2.9,0.2));
#1209 = VECTOR('',#1210,1.);
#1210 = DIRECTION('',(-1.,0.,0.));
#1211 = ORIENTED_EDGE('',*,*,#1212,.F.);
#1212 = EDGE_CURVE('',#1213,#1205,#1215,.T.);
#1213 = VERTEX_POINT('',#1214);
#1214 = CARTESIAN_POINT('',(1.7,-2.6,0.2));
#1215 = LINE('',#1216,#1217);
#1216 = CARTESIAN_POINT('',(1.7,4.25,0.2));
#1217 = VECTOR('',#1218,1.);
#1218 = DIRECTION('',(0.,-1.,0.));
#1219 = ORIENTED_EDGE('',*,*,#1220,.F.);
#1220 = EDGE_CURVE('',#1221,#1213,#1223,.T.);
#1221 = VERTEX_POINT('',#1222);
#1222 = CARTESIAN_POINT('',(1.6,-2.6,0.2));
#1223 = LINE('',#1224,#1225);
#1224 = CARTESIAN_POINT('',(2.168080357143,-2.6,0.2));
#1225 = VECTOR('',#1226,1.);
#1226 = DIRECTION('',(1.,0.,0.));
#1227 = ORIENTED_EDGE('',*,*,#1228,.F.);
#1228 = EDGE_CURVE('',#1229,#1221,#1231,.T.);
#1229 = VERTEX_POINT('',#1230);
#1230 = CARTESIAN_POINT('',(1.6,-2.4,0.2));
#1231 = LINE('',#1232,#1233);
#1232 = CARTESIAN_POINT('',(1.6,-1.3,0.2));
#1233 = VECTOR('',#1234,1.);
#1234 = DIRECTION('',(0.,-1.,0.));
#1235 = ORIENTED_EDGE('',*,*,#1236,.F.);
#1236 = EDGE_CURVE('',#1237,#1229,#1239,.T.);
#1237 = VERTEX_POINT('',#1238);
#1238 = CARTESIAN_POINT('',(1.7,-2.4,0.2));
#1239 = LINE('',#1240,#1241);
#1240 = CARTESIAN_POINT('',(1.268080357143,-2.4,0.2));
#1241 = VECTOR('',#1242,1.);
#1242 = DIRECTION('',(-1.,0.,0.));
#1243 = ORIENTED_EDGE('',*,*,#1244,.F.);
#1244 = EDGE_CURVE('',#1245,#1237,#1247,.T.);
#1245 = VERTEX_POINT('',#1246);
#1246 = CARTESIAN_POINT('',(1.7,-2.1,0.2));
#1247 = LINE('',#1248,#1249);
#1248 = CARTESIAN_POINT('',(1.7,4.25,0.2));
#1249 = VECTOR('',#1250,1.);
#1250 = DIRECTION('',(0.,-1.,0.));
#1251 = ORIENTED_EDGE('',*,*,#1252,.F.);
#1252 = EDGE_CURVE('',#1253,#1245,#1255,.T.);
#1253 = VERTEX_POINT('',#1254);
#1254 = CARTESIAN_POINT('',(1.6,-2.1,0.2));
#1255 = LINE('',#1256,#1257);
#1256 = CARTESIAN_POINT('',(2.168080357143,-2.1,0.2));
#1257 = VECTOR('',#1258,1.);
#1258 = DIRECTION('',(1.,0.,0.));
#1259 = ORIENTED_EDGE('',*,*,#1260,.F.);
#1260 = EDGE_CURVE('',#1261,#1253,#1263,.T.);
#1261 = VERTEX_POINT('',#1262);
#1262 = CARTESIAN_POINT('',(1.6,-1.9,0.2));
#1263 = LINE('',#1264,#1265);
#1264 = CARTESIAN_POINT('',(1.6,-1.05,0.2));
#1265 = VECTOR('',#1266,1.);
#1266 = DIRECTION('',(0.,-1.,0.));
#1267 = ORIENTED_EDGE('',*,*,#1268,.F.);
#1268 = EDGE_CURVE('',#1269,#1261,#1271,.T.);
#1269 = VERTEX_POINT('',#1270);
#1270 = CARTESIAN_POINT('',(1.7,-1.9,0.2));
#1271 = LINE('',#1272,#1273);
#1272 = CARTESIAN_POINT('',(1.268080357143,-1.9,0.2));
#1273 = VECTOR('',#1274,1.);
#1274 = DIRECTION('',(-1.,0.,0.));
#1275 = ORIENTED_EDGE('',*,*,#1276,.F.);
#1276 = EDGE_CURVE('',#1277,#1269,#1279,.T.);
#1277 = VERTEX_POINT('',#1278);
#1278 = CARTESIAN_POINT('',(1.7,-1.6,0.2));
#1279 = LINE('',#1280,#1281);
#1280 = CARTESIAN_POINT('',(1.7,4.25,0.2));
#1281 = VECTOR('',#1282,1.);
#1282 = DIRECTION('',(0.,-1.,0.));
#1283 = ORIENTED_EDGE('',*,*,#1284,.F.);
#1284 = EDGE_CURVE('',#1285,#1277,#1287,.T.);
#1285 = VERTEX_POINT('',#1286);
#1286 = CARTESIAN_POINT('',(1.6,-1.6,0.2));
#1287 = LINE('',#1288,#1289);
#1288 = CARTESIAN_POINT('',(2.168080357143,-1.6,0.2));
#1289 = VECTOR('',#1290,1.);
#1290 = DIRECTION('',(1.,0.,0.));
#1291 = ORIENTED_EDGE('',*,*,#1292,.F.);
#1292 = EDGE_CURVE('',#1293,#1285,#1295,.T.);
#1293 = VERTEX_POINT('',#1294);
#1294 = CARTESIAN_POINT('',(1.6,-1.4,0.2));
#1295 = LINE('',#1296,#1297);
#1296 = CARTESIAN_POINT('',(1.6,-0.8,0.2));
#1297 = VECTOR('',#1298,1.);
#1298 = DIRECTION('',(0.,-1.,0.));
#1299 = ORIENTED_EDGE('',*,*,#1300,.F.);
#1300 = EDGE_CURVE('',#1301,#1293,#1303,.T.);
#1301 = VERTEX_POINT('',#1302);
#1302 = CARTESIAN_POINT('',(1.7,-1.4,0.2));
#1303 = LINE('',#1304,#1305);
#1304 = CARTESIAN_POINT('',(1.268080357143,-1.4,0.2));
#1305 = VECTOR('',#1306,1.);
#1306 = DIRECTION('',(-1.,0.,0.));
#1307 = ORIENTED_EDGE('',*,*,#1308,.F.);
#1308 = EDGE_CURVE('',#1309,#1301,#1311,.T.);
#1309 = VERTEX_POINT('',#1310);
#1310 = CARTESIAN_POINT('',(1.7,-1.1,0.2));
#1311 = LINE('',#1312,#1313);
#1312 = CARTESIAN_POINT('',(1.7,4.25,0.2));
#1313 = VECTOR('',#1314,1.);
#1314 = DIRECTION('',(0.,-1.,0.));
#1315 = ORIENTED_EDGE('',*,*,#1316,.F.);
#1316 = EDGE_CURVE('',#1317,#1309,#1319,.T.);
#1317 = VERTEX_POINT('',#1318);
#1318 = CARTESIAN_POINT('',(1.6,-1.1,0.2));
#1319 = LINE('',#1320,#1321);
#1320 = CARTESIAN_POINT('',(2.168080357143,-1.1,0.2));
#1321 = VECTOR('',#1322,1.);
#1322 = DIRECTION('',(1.,0.,0.));
#1323 = ORIENTED_EDGE('',*,*,#1324,.F.);
#1324 = EDGE_CURVE('',#1325,#1317,#1327,.T.);
#1325 = VERTEX_POINT('',#1326);
#1326 = CARTESIAN_POINT('',(1.6,-0.9,0.2));
#1327 = LINE('',#1328,#1329);
#1328 = CARTESIAN_POINT('',(1.6,-0.55,0.2));
#1329 = VECTOR('',#1330,1.);
#1330 = DIRECTION('',(0.,-1.,0.));
#1331 = ORIENTED_EDGE('',*,*,#1332,.F.);
#1332 = EDGE_CURVE('',#1333,#1325,#1335,.T.);
#1333 = VERTEX_POINT('',#1334);
#1334 = CARTESIAN_POINT('',(1.7,-0.9,0.2));
#1335 = LINE('',#1336,#1337);
#1336 = CARTESIAN_POINT('',(1.268080357143,-0.9,0.2));
#1337 = VECTOR('',#1338,1.);
#1338 = DIRECTION('',(-1.,0.,0.));
#1339 = ORIENTED_EDGE('',*,*,#1340,.F.);
#1340 = EDGE_CURVE('',#1341,#1333,#1343,.T.);
#1341 = VERTEX_POINT('',#1342);
#1342 = CARTESIAN_POINT('',(1.7,-0.6,0.2));
#1343 = LINE('',#1344,#1345);
#1344 = CARTESIAN_POINT('',(1.7,4.25,0.2));
#1345 = VECTOR('',#1346,1.);
#1346 = DIRECTION('',(0.,-1.,0.));
#1347 = ORIENTED_EDGE('',*,*,#1348,.F.);
#1348 = EDGE_CURVE('',#1349,#1341,#1351,.T.);
#1349 = VERTEX_POINT('',#1350);
#1350 = CARTESIAN_POINT('',(1.6,-0.6,0.2));
#1351 = LINE('',#1352,#1353);
#1352 = CARTESIAN_POINT('',(2.168080357143,-0.6,0.2));
#1353 = VECTOR('',#1354,1.);
#1354 = DIRECTION('',(1.,0.,0.));
#1355 = ORIENTED_EDGE('',*,*,#1356,.F.);
#1356 = EDGE_CURVE('',#1357,#1349,#1359,.T.);
#1357 = VERTEX_POINT('',#1358);
#1358 = CARTESIAN_POINT('',(1.6,-0.4,0.2));
#1359 = LINE('',#1360,#1361);
#1360 = CARTESIAN_POINT('',(1.6,-0.3,0.2));
#1361 = VECTOR('',#1362,1.);
#1362 = DIRECTION('',(0.,-1.,0.));
#1363 = ORIENTED_EDGE('',*,*,#1364,.F.);
#1364 = EDGE_CURVE('',#1365,#1357,#1367,.T.);
#1365 = VERTEX_POINT('',#1366);
#1366 = CARTESIAN_POINT('',(1.7,-0.4,0.2));
#1367 = LINE('',#1368,#1369);
#1368 = CARTESIAN_POINT('',(1.268080357143,-0.4,0.2));
#1369 = VECTOR('',#1370,1.);
#1370 = DIRECTION('',(-1.,0.,0.));
#1371 = ORIENTED_EDGE('',*,*,#1372,.F.);
#1372 = EDGE_CURVE('',#1373,#1365,#1375,.T.);
#1373 = VERTEX_POINT('',#1374);
#1374 = CARTESIAN_POINT('',(1.7,-0.1,0.2));
#1375 = LINE('',#1376,#1377);
#1376 = CARTESIAN_POINT('',(1.7,4.25,0.2));
#1377 = VECTOR('',#1378,1.);
#1378 = DIRECTION('',(0.,-1.,0.));
#1379 = ORIENTED_EDGE('',*,*,#1380,.F.);
#1380 = EDGE_CURVE('',#1381,#1373,#1383,.T.);
#1381 = VERTEX_POINT('',#1382);
#1382 = CARTESIAN_POINT('',(1.6,-0.1,0.2));
#1383 = LINE('',#1384,#1385);
#1384 = CARTESIAN_POINT('',(2.168080357143,-0.1,0.2));
#1385 = VECTOR('',#1386,1.);
#1386 = DIRECTION('',(1.,0.,0.));
#1387 = ORIENTED_EDGE('',*,*,#1388,.F.);
#1388 = EDGE_CURVE('',#1389,#1381,#1391,.T.);
#1389 = VERTEX_POINT('',#1390);
#1390 = CARTESIAN_POINT('',(1.6,0.1,0.2));
#1391 = LINE('',#1392,#1393);
#1392 = CARTESIAN_POINT('',(1.6,-5.E-02,0.2));
#1393 = VECTOR('',#1394,1.);
#1394 = DIRECTION('',(0.,-1.,0.));
#1395 = ORIENTED_EDGE('',*,*,#1396,.F.);
#1396 = EDGE_CURVE('',#1397,#1389,#1399,.T.);
#1397 = VERTEX_POINT('',#1398);
#1398 = CARTESIAN_POINT('',(1.7,0.1,0.2));
#1399 = LINE('',#1400,#1401);
#1400 = CARTESIAN_POINT('',(1.268080357143,0.1,0.2));
#1401 = VECTOR('',#1402,1.);
#1402 = DIRECTION('',(-1.,0.,0.));
#1403 = ORIENTED_EDGE('',*,*,#1404,.F.);
#1404 = EDGE_CURVE('',#1405,#1397,#1407,.T.);
#1405 = VERTEX_POINT('',#1406);
#1406 = CARTESIAN_POINT('',(1.7,0.4,0.2));
#1407 = LINE('',#1408,#1409);
#1408 = CARTESIAN_POINT('',(1.7,4.25,0.2));
#1409 = VECTOR('',#1410,1.);
#1410 = DIRECTION('',(0.,-1.,0.));
#1411 = ORIENTED_EDGE('',*,*,#1412,.F.);
#1412 = EDGE_CURVE('',#1413,#1405,#1415,.T.);
#1413 = VERTEX_POINT('',#1414);
#1414 = CARTESIAN_POINT('',(1.6,0.4,0.2));
#1415 = LINE('',#1416,#1417);
#1416 = CARTESIAN_POINT('',(2.168080357143,0.4,0.2));
#1417 = VECTOR('',#1418,1.);
#1418 = DIRECTION('',(1.,0.,0.));
#1419 = ORIENTED_EDGE('',*,*,#1420,.F.);
#1420 = EDGE_CURVE('',#1421,#1413,#1423,.T.);
#1421 = VERTEX_POINT('',#1422);
#1422 = CARTESIAN_POINT('',(1.6,0.6,0.2));
#1423 = LINE('',#1424,#1425);
#1424 = CARTESIAN_POINT('',(1.6,0.2,0.2));
#1425 = VECTOR('',#1426,1.);
#1426 = DIRECTION('',(0.,-1.,0.));
#1427 = ORIENTED_EDGE('',*,*,#1428,.F.);
#1428 = EDGE_CURVE('',#1429,#1421,#1431,.T.);
#1429 = VERTEX_POINT('',#1430);
#1430 = CARTESIAN_POINT('',(1.7,0.6,0.2));
#1431 = LINE('',#1432,#1433);
#1432 = CARTESIAN_POINT('',(1.268080357143,0.6,0.2));
#1433 = VECTOR('',#1434,1.);
#1434 = DIRECTION('',(-1.,0.,0.));
#1435 = ORIENTED_EDGE('',*,*,#1436,.F.);
#1436 = EDGE_CURVE('',#1437,#1429,#1439,.T.);
#1437 = VERTEX_POINT('',#1438);
#1438 = CARTESIAN_POINT('',(1.7,0.9,0.2));
#1439 = LINE('',#1440,#1441);
#1440 = CARTESIAN_POINT('',(1.7,4.25,0.2));
#1441 = VECTOR('',#1442,1.);
#1442 = DIRECTION('',(0.,-1.,0.));
#1443 = ORIENTED_EDGE('',*,*,#1444,.F.);
#1444 = EDGE_CURVE('',#1445,#1437,#1447,.T.);
#1445 = VERTEX_POINT('',#1446);
#1446 = CARTESIAN_POINT('',(1.6,0.9,0.2));
#1447 = LINE('',#1448,#1449);
#1448 = CARTESIAN_POINT('',(2.168080357143,0.9,0.2));
#1449 = VECTOR('',#1450,1.);
#1450 = DIRECTION('',(1.,0.,0.));
#1451 = ORIENTED_EDGE('',*,*,#1452,.F.);
#1452 = EDGE_CURVE('',#1453,#1445,#1455,.T.);
#1453 = VERTEX_POINT('',#1454);
#1454 = CARTESIAN_POINT('',(1.6,1.1,0.2));
#1455 = LINE('',#1456,#1457);
#1456 = CARTESIAN_POINT('',(1.6,0.45,0.2));
#1457 = VECTOR('',#1458,1.);
#1458 = DIRECTION('',(0.,-1.,0.));
#1459 = ORIENTED_EDGE('',*,*,#1460,.F.);
#1460 = EDGE_CURVE('',#1461,#1453,#1463,.T.);
#1461 = VERTEX_POINT('',#1462);
#1462 = CARTESIAN_POINT('',(1.7,1.1,0.2));
#1463 = LINE('',#1464,#1465);
#1464 = CARTESIAN_POINT('',(1.268080357143,1.1,0.2));
#1465 = VECTOR('',#1466,1.);
#1466 = DIRECTION('',(-1.,0.,0.));
#1467 = ORIENTED_EDGE('',*,*,#1468,.F.);
#1468 = EDGE_CURVE('',#1469,#1461,#1471,.T.);
#1469 = VERTEX_POINT('',#1470);
#1470 = CARTESIAN_POINT('',(1.7,1.4,0.2));
#1471 = LINE('',#1472,#1473);
#1472 = CARTESIAN_POINT('',(1.7,4.25,0.2));
#1473 = VECTOR('',#1474,1.);
#1474 = DIRECTION('',(0.,-1.,0.));
#1475 = ORIENTED_EDGE('',*,*,#1476,.F.);
#1476 = EDGE_CURVE('',#1477,#1469,#1479,.T.);
#1477 = VERTEX_POINT('',#1478);
#1478 = CARTESIAN_POINT('',(1.6,1.4,0.2));
#1479 = LINE('',#1480,#1481);
#1480 = CARTESIAN_POINT('',(2.168080357143,1.4,0.2));
#1481 = VECTOR('',#1482,1.);
#1482 = DIRECTION('',(1.,0.,0.));
#1483 = ORIENTED_EDGE('',*,*,#1484,.F.);
#1484 = EDGE_CURVE('',#1485,#1477,#1487,.T.);
#1485 = VERTEX_POINT('',#1486);
#1486 = CARTESIAN_POINT('',(1.6,1.6,0.2));
#1487 = LINE('',#1488,#1489);
#1488 = CARTESIAN_POINT('',(1.6,0.7,0.2));
#1489 = VECTOR('',#1490,1.);
#1490 = DIRECTION('',(0.,-1.,0.));
#1491 = ORIENTED_EDGE('',*,*,#1492,.F.);
#1492 = EDGE_CURVE('',#1493,#1485,#1495,.T.);
#1493 = VERTEX_POINT('',#1494);
#1494 = CARTESIAN_POINT('',(1.7,1.6,0.2));
#1495 = LINE('',#1496,#1497);
#1496 = CARTESIAN_POINT('',(1.268080357143,1.6,0.2));
#1497 = VECTOR('',#1498,1.);
#1498 = DIRECTION('',(-1.,0.,0.));
#1499 = ORIENTED_EDGE('',*,*,#1500,.F.);
#1500 = EDGE_CURVE('',#1501,#1493,#1503,.T.);
#1501 = VERTEX_POINT('',#1502);
#1502 = CARTESIAN_POINT('',(1.7,1.9,0.2));
#1503 = LINE('',#1504,#1505);
#1504 = CARTESIAN_POINT('',(1.7,4.25,0.2));
#1505 = VECTOR('',#1506,1.);
#1506 = DIRECTION('',(0.,-1.,0.));
#1507 = ORIENTED_EDGE('',*,*,#1508,.F.);
#1508 = EDGE_CURVE('',#1509,#1501,#1511,.T.);
#1509 = VERTEX_POINT('',#1510);
#1510 = CARTESIAN_POINT('',(1.6,1.9,0.2));
#1511 = LINE('',#1512,#1513);
#1512 = CARTESIAN_POINT('',(2.168080357143,1.9,0.2));
#1513 = VECTOR('',#1514,1.);
#1514 = DIRECTION('',(1.,0.,0.));
#1515 = ORIENTED_EDGE('',*,*,#1516,.F.);
#1516 = EDGE_CURVE('',#1517,#1509,#1519,.T.);
#1517 = VERTEX_POINT('',#1518);
#1518 = CARTESIAN_POINT('',(1.6,2.1,0.2));
#1519 = LINE('',#1520,#1521);
#1520 = CARTESIAN_POINT('',(1.6,0.95,0.2));
#1521 = VECTOR('',#1522,1.);
#1522 = DIRECTION('',(0.,-1.,0.));
#1523 = ORIENTED_EDGE('',*,*,#1524,.F.);
#1524 = EDGE_CURVE('',#1525,#1517,#1527,.T.);
#1525 = VERTEX_POINT('',#1526);
#1526 = CARTESIAN_POINT('',(1.7,2.1,0.2));
#1527 = LINE('',#1528,#1529);
#1528 = CARTESIAN_POINT('',(1.268080357143,2.1,0.2));
#1529 = VECTOR('',#1530,1.);
#1530 = DIRECTION('',(-1.,0.,0.));
#1531 = ORIENTED_EDGE('',*,*,#1532,.F.);
#1532 = EDGE_CURVE('',#1533,#1525,#1535,.T.);
#1533 = VERTEX_POINT('',#1534);
#1534 = CARTESIAN_POINT('',(1.7,2.4,0.2));
#1535 = LINE('',#1536,#1537);
#1536 = CARTESIAN_POINT('',(1.7,4.25,0.2));
#1537 = VECTOR('',#1538,1.);
#1538 = DIRECTION('',(0.,-1.,0.));
#1539 = ORIENTED_EDGE('',*,*,#1540,.F.);
#1540 = EDGE_CURVE('',#1541,#1533,#1543,.T.);
#1541 = VERTEX_POINT('',#1542);
#1542 = CARTESIAN_POINT('',(1.6,2.4,0.2));
#1543 = LINE('',#1544,#1545);
#1544 = CARTESIAN_POINT('',(2.168080357143,2.4,0.2));
#1545 = VECTOR('',#1546,1.);
#1546 = DIRECTION('',(1.,0.,0.));
#1547 = ORIENTED_EDGE('',*,*,#1548,.F.);
#1548 = EDGE_CURVE('',#1549,#1541,#1551,.T.);
#1549 = VERTEX_POINT('',#1550);
#1550 = CARTESIAN_POINT('',(1.6,2.6,0.2));
#1551 = LINE('',#1552,#1553);
#1552 = CARTESIAN_POINT('',(1.6,1.2,0.2));
#1553 = VECTOR('',#1554,1.);
#1554 = DIRECTION('',(0.,-1.,0.));
#1555 = ORIENTED_EDGE('',*,*,#1556,.F.);
#1556 = EDGE_CURVE('',#1557,#1549,#1559,.T.);
#1557 = VERTEX_POINT('',#1558);
#1558 = CARTESIAN_POINT('',(1.7,2.6,0.2));
#1559 = LINE('',#1560,#1561);
#1560 = CARTESIAN_POINT('',(1.268080357143,2.6,0.2));
#1561 = VECTOR('',#1562,1.);
#1562 = DIRECTION('',(-1.,0.,0.));
#1563 = ORIENTED_EDGE('',*,*,#1564,.F.);
#1564 = EDGE_CURVE('',#1565,#1557,#1567,.T.);
#1565 = VERTEX_POINT('',#1566);
#1566 = CARTESIAN_POINT('',(1.7,2.9,0.2));
#1567 = LINE('',#1568,#1569);
#1568 = CARTESIAN_POINT('',(1.7,4.25,0.2));
#1569 = VECTOR('',#1570,1.);
#1570 = DIRECTION('',(0.,-1.,0.));
#1571 = ORIENTED_EDGE('',*,*,#1572,.F.);
#1572 = EDGE_CURVE('',#1573,#1565,#1575,.T.);
#1573 = VERTEX_POINT('',#1574);
#1574 = CARTESIAN_POINT('',(1.6,2.9,0.2));
#1575 = LINE('',#1576,#1577);
#1576 = CARTESIAN_POINT('',(2.168080357143,2.9,0.2));
#1577 = VECTOR('',#1578,1.);
#1578 = DIRECTION('',(1.,0.,0.));
#1579 = ORIENTED_EDGE('',*,*,#1580,.F.);
#1580 = EDGE_CURVE('',#1581,#1573,#1583,.T.);
#1581 = VERTEX_POINT('',#1582);
#1582 = CARTESIAN_POINT('',(1.6,3.1,0.2));
#1583 = LINE('',#1584,#1585);
#1584 = CARTESIAN_POINT('',(1.6,1.45,0.2));
#1585 = VECTOR('',#1586,1.);
#1586 = DIRECTION('',(0.,-1.,0.));
#1587 = ORIENTED_EDGE('',*,*,#1588,.F.);
#1588 = EDGE_CURVE('',#1589,#1581,#1591,.T.);
#1589 = VERTEX_POINT('',#1590);
#1590 = CARTESIAN_POINT('',(1.7,3.1,0.2));
#1591 = LINE('',#1592,#1593);
#1592 = CARTESIAN_POINT('',(1.268080357143,3.1,0.2));
#1593 = VECTOR('',#1594,1.);
#1594 = DIRECTION('',(-1.,0.,0.));
#1595 = ORIENTED_EDGE('',*,*,#1596,.F.);
#1596 = EDGE_CURVE('',#1597,#1589,#1599,.T.);
#1597 = VERTEX_POINT('',#1598);
#1598 = CARTESIAN_POINT('',(1.7,3.4,0.2));
#1599 = LINE('',#1600,#1601);
#1600 = CARTESIAN_POINT('',(1.7,4.25,0.2));
#1601 = VECTOR('',#1602,1.);
#1602 = DIRECTION('',(0.,-1.,0.));
#1603 = ORIENTED_EDGE('',*,*,#1604,.F.);
#1604 = EDGE_CURVE('',#1605,#1597,#1607,.T.);
#1605 = VERTEX_POINT('',#1606);
#1606 = CARTESIAN_POINT('',(1.6,3.4,0.2));
#1607 = LINE('',#1608,#1609);
#1608 = CARTESIAN_POINT('',(2.168080357143,3.4,0.2));
#1609 = VECTOR('',#1610,1.);
#1610 = DIRECTION('',(1.,0.,0.));
#1611 = ORIENTED_EDGE('',*,*,#1612,.F.);
#1612 = EDGE_CURVE('',#1613,#1605,#1615,.T.);
#1613 = VERTEX_POINT('',#1614);
#1614 = CARTESIAN_POINT('',(1.6,3.6,0.2));
#1615 = LINE('',#1616,#1617);
#1616 = CARTESIAN_POINT('',(1.6,1.7,0.2));
#1617 = VECTOR('',#1618,1.);
#1618 = DIRECTION('',(0.,-1.,0.));
#1619 = ORIENTED_EDGE('',*,*,#1620,.F.);
#1620 = EDGE_CURVE('',#1054,#1613,#1621,.T.);
#1621 = LINE('',#1622,#1623);
#1622 = CARTESIAN_POINT('',(1.268080357143,3.6,0.2));
#1623 = VECTOR('',#1624,1.);
#1624 = DIRECTION('',(-1.,0.,0.));
#1625 = PLANE('',#1626);
#1626 = AXIS2_PLACEMENT_3D('',#1627,#1628,#1629);
#1627 = CARTESIAN_POINT('',(0.936160714286,8.E-17,0.2));
#1628 = DIRECTION('',(0.,0.,1.));
#1629 = DIRECTION('',(1.,0.,-0.));
#1630 = ADVANCED_FACE('',(#1631),#1706,.T.);
#1631 = FACE_BOUND('',#1632,.T.);
#1632 = EDGE_LOOP('',(#1633,#1643,#1649,#1650,#1651,#1659,#1667,#1675,
    #1683,#1692,#1700));
#1633 = ORIENTED_EDGE('',*,*,#1634,.F.);
#1634 = EDGE_CURVE('',#1635,#1637,#1639,.T.);
#1635 = VERTEX_POINT('',#1636);
#1636 = CARTESIAN_POINT('',(1.6,3.6,0.));
#1637 = VERTEX_POINT('',#1638);
#1638 = CARTESIAN_POINT('',(3.4,3.6,0.));
#1639 = LINE('',#1640,#1641);
#1640 = CARTESIAN_POINT('',(1.6,3.6,0.));
#1641 = VECTOR('',#1642,1.);
#1642 = DIRECTION('',(1.,0.,0.));
#1643 = ORIENTED_EDGE('',*,*,#1644,.T.);
#1644 = EDGE_CURVE('',#1635,#1613,#1645,.T.);
#1645 = LINE('',#1646,#1647);
#1646 = CARTESIAN_POINT('',(1.6,3.6,0.));
#1647 = VECTOR('',#1648,1.);
#1648 = DIRECTION('',(0.,0.,1.));
#1649 = ORIENTED_EDGE('',*,*,#1620,.F.);
#1650 = ORIENTED_EDGE('',*,*,#1077,.T.);
#1651 = ORIENTED_EDGE('',*,*,#1652,.T.);
#1652 = EDGE_CURVE('',#1070,#1653,#1655,.T.);
#1653 = VERTEX_POINT('',#1654);
#1654 = CARTESIAN_POINT('',(1.6,3.6,0.5));
#1655 = LINE('',#1656,#1657);
#1656 = CARTESIAN_POINT('',(1.268080357143,3.6,0.5));
#1657 = VECTOR('',#1658,1.);
#1658 = DIRECTION('',(-1.,0.,0.));
#1659 = ORIENTED_EDGE('',*,*,#1660,.T.);
#1660 = EDGE_CURVE('',#1653,#1661,#1663,.T.);
#1661 = VERTEX_POINT('',#1662);
#1662 = CARTESIAN_POINT('',(1.6,3.6,1.8));
#1663 = LINE('',#1664,#1665);
#1664 = CARTESIAN_POINT('',(1.6,3.6,0.));
#1665 = VECTOR('',#1666,1.);
#1666 = DIRECTION('',(0.,0.,1.));
#1667 = ORIENTED_EDGE('',*,*,#1668,.T.);
#1668 = EDGE_CURVE('',#1661,#1669,#1671,.T.);
#1669 = VERTEX_POINT('',#1670);
#1670 = CARTESIAN_POINT('',(2.7,3.6,1.8));
#1671 = LINE('',#1672,#1673);
#1672 = CARTESIAN_POINT('',(1.6,3.6,1.8));
#1673 = VECTOR('',#1674,1.);
#1674 = DIRECTION('',(1.,0.,0.));
#1675 = ORIENTED_EDGE('',*,*,#1676,.T.);
#1676 = EDGE_CURVE('',#1669,#1677,#1679,.T.);
#1677 = VERTEX_POINT('',#1678);
#1678 = CARTESIAN_POINT('',(2.7,3.6,0.5));
#1679 = LINE('',#1680,#1681);
#1680 = CARTESIAN_POINT('',(2.7,3.6,0.25));
#1681 = VECTOR('',#1682,1.);
#1682 = DIRECTION('',(0.,0.,-1.));
#1683 = ORIENTED_EDGE('',*,*,#1684,.T.);
#1684 = EDGE_CURVE('',#1677,#1685,#1687,.T.);
#1685 = VERTEX_POINT('',#1686);
#1686 = CARTESIAN_POINT('',(2.9,3.6,0.3));
#1687 = CIRCLE('',#1688,0.2);
#1688 = AXIS2_PLACEMENT_3D('',#1689,#1690,#1691);
#1689 = CARTESIAN_POINT('',(2.9,3.6,0.5));
#1690 = DIRECTION('',(0.,-1.,-2.2E-16));
#1691 = DIRECTION('',(1.,0.,0.));
#1692 = ORIENTED_EDGE('',*,*,#1693,.T.);
#1693 = EDGE_CURVE('',#1685,#1694,#1696,.T.);
#1694 = VERTEX_POINT('',#1695);
#1695 = CARTESIAN_POINT('',(3.4,3.6,0.3));
#1696 = LINE('',#1697,#1698);
#1697 = CARTESIAN_POINT('',(3.05,3.6,0.3));
#1698 = VECTOR('',#1699,1.);
#1699 = DIRECTION('',(1.,0.,0.));
#1700 = ORIENTED_EDGE('',*,*,#1701,.F.);
#1701 = EDGE_CURVE('',#1637,#1694,#1702,.T.);
#1702 = LINE('',#1703,#1704);
#1703 = CARTESIAN_POINT('',(3.4,3.6,0.));
#1704 = VECTOR('',#1705,1.);
#1705 = DIRECTION('',(0.,0.,1.));
#1706 = PLANE('',#1707);
#1707 = AXIS2_PLACEMENT_3D('',#1708,#1709,#1710);
#1708 = CARTESIAN_POINT('',(1.6,3.6,0.));
#1709 = DIRECTION('',(0.,1.,0.));
#1710 = DIRECTION('',(1.,0.,0.));
#1711 = ADVANCED_FACE('',(#1712),#2242,.T.);
#1712 = FACE_BOUND('',#1713,.T.);
#1713 = EDGE_LOOP('',(#1714,#1715,#1723,#1731,#1739,#1747,#1755,#1763,
    #1771,#1779,#1787,#1795,#1803,#1811,#1819,#1827,#1835,#1843,#1851,
    #1859,#1867,#1875,#1883,#1891,#1899,#1907,#1915,#1923,#1931,#1939,
    #1947,#1955,#1963,#1971,#1979,#1987,#1995,#2003,#2011,#2019,#2027,
    #2035,#2043,#2051,#2059,#2067,#2075,#2083,#2091,#2099,#2107,#2115,
    #2123,#2131,#2139,#2147,#2155,#2163,#2171,#2179,#2187,#2195,#2203,
    #2211,#2219,#2227,#2235,#2241));
#1714 = ORIENTED_EDGE('',*,*,#1069,.F.);
#1715 = ORIENTED_EDGE('',*,*,#1716,.F.);
#1716 = EDGE_CURVE('',#1717,#1062,#1719,.T.);
#1717 = VERTEX_POINT('',#1718);
#1718 = CARTESIAN_POINT('',(0.6,4.25,0.5));
#1719 = LINE('',#1720,#1721);
#1720 = CARTESIAN_POINT('',(0.6,4.25,0.5));
#1721 = VECTOR('',#1722,1.);
#1722 = DIRECTION('',(1.,0.,0.));
#1723 = ORIENTED_EDGE('',*,*,#1724,.F.);
#1724 = EDGE_CURVE('',#1725,#1717,#1727,.T.);
#1725 = VERTEX_POINT('',#1726);
#1726 = CARTESIAN_POINT('',(0.6,4.8,0.5));
#1727 = LINE('',#1728,#1729);
#1728 = CARTESIAN_POINT('',(0.6,4.9,0.5));
#1729 = VECTOR('',#1730,1.);
#1730 = DIRECTION('',(1.7E-16,-1.,0.));
#1731 = ORIENTED_EDGE('',*,*,#1732,.F.);
#1732 = EDGE_CURVE('',#1733,#1725,#1735,.T.);
#1733 = VERTEX_POINT('',#1734);
#1734 = CARTESIAN_POINT('',(0.3,4.8,0.5));
#1735 = LINE('',#1736,#1737);
#1736 = CARTESIAN_POINT('',(0.768080357143,4.8,0.5));
#1737 = VECTOR('',#1738,1.);
#1738 = DIRECTION('',(1.,2.2E-16,-0.));
#1739 = ORIENTED_EDGE('',*,*,#1740,.F.);
#1740 = EDGE_CURVE('',#1741,#1733,#1743,.T.);
#1741 = VERTEX_POINT('',#1742);
#1742 = CARTESIAN_POINT('',(0.3,-4.8,0.5));
#1743 = LINE('',#1744,#1745);
#1744 = CARTESIAN_POINT('',(0.3,-4.9,0.5));
#1745 = VECTOR('',#1746,1.);
#1746 = DIRECTION('',(0.,1.,0.));
#1747 = ORIENTED_EDGE('',*,*,#1748,.T.);
#1748 = EDGE_CURVE('',#1741,#1749,#1751,.T.);
#1749 = VERTEX_POINT('',#1750);
#1750 = CARTESIAN_POINT('',(0.6,-4.8,0.5));
#1751 = LINE('',#1752,#1753);
#1752 = CARTESIAN_POINT('',(0.768080357143,-4.8,0.5));
#1753 = VECTOR('',#1754,1.);
#1754 = DIRECTION('',(1.,-2.2E-16,0.));
#1755 = ORIENTED_EDGE('',*,*,#1756,.F.);
#1756 = EDGE_CURVE('',#1757,#1749,#1759,.T.);
#1757 = VERTEX_POINT('',#1758);
#1758 = CARTESIAN_POINT('',(0.6,-4.25,0.5));
#1759 = LINE('',#1760,#1761);
#1760 = CARTESIAN_POINT('',(0.6,-4.25,0.5));
#1761 = VECTOR('',#1762,1.);
#1762 = DIRECTION('',(0.,-1.,0.));
#1763 = ORIENTED_EDGE('',*,*,#1764,.F.);
#1764 = EDGE_CURVE('',#1765,#1757,#1767,.T.);
#1765 = VERTEX_POINT('',#1766);
#1766 = CARTESIAN_POINT('',(1.7,-4.25,0.5));
#1767 = LINE('',#1768,#1769);
#1768 = CARTESIAN_POINT('',(1.7,-4.25,0.5));
#1769 = VECTOR('',#1770,1.);
#1770 = DIRECTION('',(-1.,0.,0.));
#1771 = ORIENTED_EDGE('',*,*,#1772,.F.);
#1772 = EDGE_CURVE('',#1773,#1765,#1775,.T.);
#1773 = VERTEX_POINT('',#1774);
#1774 = CARTESIAN_POINT('',(1.7,-3.6,0.5));
#1775 = LINE('',#1776,#1777);
#1776 = CARTESIAN_POINT('',(1.7,4.25,0.5));
#1777 = VECTOR('',#1778,1.);
#1778 = DIRECTION('',(0.,-1.,0.));
#1779 = ORIENTED_EDGE('',*,*,#1780,.F.);
#1780 = EDGE_CURVE('',#1781,#1773,#1783,.T.);
#1781 = VERTEX_POINT('',#1782);
#1782 = CARTESIAN_POINT('',(1.6,-3.6,0.5));
#1783 = LINE('',#1784,#1785);
#1784 = CARTESIAN_POINT('',(2.168080357143,-3.6,0.5));
#1785 = VECTOR('',#1786,1.);
#1786 = DIRECTION('',(1.,0.,0.));
#1787 = ORIENTED_EDGE('',*,*,#1788,.F.);
#1788 = EDGE_CURVE('',#1789,#1781,#1791,.T.);
#1789 = VERTEX_POINT('',#1790);
#1790 = CARTESIAN_POINT('',(1.6,-3.4,0.5));
#1791 = LINE('',#1792,#1793);
#1792 = CARTESIAN_POINT('',(1.6,-1.8,0.5));
#1793 = VECTOR('',#1794,1.);
#1794 = DIRECTION('',(0.,-1.,0.));
#1795 = ORIENTED_EDGE('',*,*,#1796,.F.);
#1796 = EDGE_CURVE('',#1797,#1789,#1799,.T.);
#1797 = VERTEX_POINT('',#1798);
#1798 = CARTESIAN_POINT('',(1.7,-3.4,0.5));
#1799 = LINE('',#1800,#1801);
#1800 = CARTESIAN_POINT('',(1.268080357143,-3.4,0.5));
#1801 = VECTOR('',#1802,1.);
#1802 = DIRECTION('',(-1.,0.,0.));
#1803 = ORIENTED_EDGE('',*,*,#1804,.F.);
#1804 = EDGE_CURVE('',#1805,#1797,#1807,.T.);
#1805 = VERTEX_POINT('',#1806);
#1806 = CARTESIAN_POINT('',(1.7,-3.1,0.5));
#1807 = LINE('',#1808,#1809);
#1808 = CARTESIAN_POINT('',(1.7,4.25,0.5));
#1809 = VECTOR('',#1810,1.);
#1810 = DIRECTION('',(0.,-1.,0.));
#1811 = ORIENTED_EDGE('',*,*,#1812,.F.);
#1812 = EDGE_CURVE('',#1813,#1805,#1815,.T.);
#1813 = VERTEX_POINT('',#1814);
#1814 = CARTESIAN_POINT('',(1.6,-3.1,0.5));
#1815 = LINE('',#1816,#1817);
#1816 = CARTESIAN_POINT('',(2.168080357143,-3.1,0.5));
#1817 = VECTOR('',#1818,1.);
#1818 = DIRECTION('',(1.,0.,0.));
#1819 = ORIENTED_EDGE('',*,*,#1820,.F.);
#1820 = EDGE_CURVE('',#1821,#1813,#1823,.T.);
#1821 = VERTEX_POINT('',#1822);
#1822 = CARTESIAN_POINT('',(1.6,-2.9,0.5));
#1823 = LINE('',#1824,#1825);
#1824 = CARTESIAN_POINT('',(1.6,-1.55,0.5));
#1825 = VECTOR('',#1826,1.);
#1826 = DIRECTION('',(0.,-1.,0.));
#1827 = ORIENTED_EDGE('',*,*,#1828,.F.);
#1828 = EDGE_CURVE('',#1829,#1821,#1831,.T.);
#1829 = VERTEX_POINT('',#1830);
#1830 = CARTESIAN_POINT('',(1.7,-2.9,0.5));
#1831 = LINE('',#1832,#1833);
#1832 = CARTESIAN_POINT('',(1.268080357143,-2.9,0.5));
#1833 = VECTOR('',#1834,1.);
#1834 = DIRECTION('',(-1.,0.,0.));
#1835 = ORIENTED_EDGE('',*,*,#1836,.F.);
#1836 = EDGE_CURVE('',#1837,#1829,#1839,.T.);
#1837 = VERTEX_POINT('',#1838);
#1838 = CARTESIAN_POINT('',(1.7,-2.6,0.5));
#1839 = LINE('',#1840,#1841);
#1840 = CARTESIAN_POINT('',(1.7,4.25,0.5));
#1841 = VECTOR('',#1842,1.);
#1842 = DIRECTION('',(0.,-1.,0.));
#1843 = ORIENTED_EDGE('',*,*,#1844,.F.);
#1844 = EDGE_CURVE('',#1845,#1837,#1847,.T.);
#1845 = VERTEX_POINT('',#1846);
#1846 = CARTESIAN_POINT('',(1.6,-2.6,0.5));
#1847 = LINE('',#1848,#1849);
#1848 = CARTESIAN_POINT('',(2.168080357143,-2.6,0.5));
#1849 = VECTOR('',#1850,1.);
#1850 = DIRECTION('',(1.,0.,0.));
#1851 = ORIENTED_EDGE('',*,*,#1852,.F.);
#1852 = EDGE_CURVE('',#1853,#1845,#1855,.T.);
#1853 = VERTEX_POINT('',#1854);
#1854 = CARTESIAN_POINT('',(1.6,-2.4,0.5));
#1855 = LINE('',#1856,#1857);
#1856 = CARTESIAN_POINT('',(1.6,-1.3,0.5));
#1857 = VECTOR('',#1858,1.);
#1858 = DIRECTION('',(0.,-1.,0.));
#1859 = ORIENTED_EDGE('',*,*,#1860,.F.);
#1860 = EDGE_CURVE('',#1861,#1853,#1863,.T.);
#1861 = VERTEX_POINT('',#1862);
#1862 = CARTESIAN_POINT('',(1.7,-2.4,0.5));
#1863 = LINE('',#1864,#1865);
#1864 = CARTESIAN_POINT('',(1.268080357143,-2.4,0.5));
#1865 = VECTOR('',#1866,1.);
#1866 = DIRECTION('',(-1.,0.,0.));
#1867 = ORIENTED_EDGE('',*,*,#1868,.F.);
#1868 = EDGE_CURVE('',#1869,#1861,#1871,.T.);
#1869 = VERTEX_POINT('',#1870);
#1870 = CARTESIAN_POINT('',(1.7,-2.1,0.5));
#1871 = LINE('',#1872,#1873);
#1872 = CARTESIAN_POINT('',(1.7,4.25,0.5));
#1873 = VECTOR('',#1874,1.);
#1874 = DIRECTION('',(0.,-1.,0.));
#1875 = ORIENTED_EDGE('',*,*,#1876,.F.);
#1876 = EDGE_CURVE('',#1877,#1869,#1879,.T.);
#1877 = VERTEX_POINT('',#1878);
#1878 = CARTESIAN_POINT('',(1.6,-2.1,0.5));
#1879 = LINE('',#1880,#1881);
#1880 = CARTESIAN_POINT('',(2.168080357143,-2.1,0.5));
#1881 = VECTOR('',#1882,1.);
#1882 = DIRECTION('',(1.,0.,0.));
#1883 = ORIENTED_EDGE('',*,*,#1884,.F.);
#1884 = EDGE_CURVE('',#1885,#1877,#1887,.T.);
#1885 = VERTEX_POINT('',#1886);
#1886 = CARTESIAN_POINT('',(1.6,-1.9,0.5));
#1887 = LINE('',#1888,#1889);
#1888 = CARTESIAN_POINT('',(1.6,-1.05,0.5));
#1889 = VECTOR('',#1890,1.);
#1890 = DIRECTION('',(0.,-1.,0.));
#1891 = ORIENTED_EDGE('',*,*,#1892,.F.);
#1892 = EDGE_CURVE('',#1893,#1885,#1895,.T.);
#1893 = VERTEX_POINT('',#1894);
#1894 = CARTESIAN_POINT('',(1.7,-1.9,0.5));
#1895 = LINE('',#1896,#1897);
#1896 = CARTESIAN_POINT('',(1.268080357143,-1.9,0.5));
#1897 = VECTOR('',#1898,1.);
#1898 = DIRECTION('',(-1.,0.,0.));
#1899 = ORIENTED_EDGE('',*,*,#1900,.F.);
#1900 = EDGE_CURVE('',#1901,#1893,#1903,.T.);
#1901 = VERTEX_POINT('',#1902);
#1902 = CARTESIAN_POINT('',(1.7,-1.6,0.5));
#1903 = LINE('',#1904,#1905);
#1904 = CARTESIAN_POINT('',(1.7,4.25,0.5));
#1905 = VECTOR('',#1906,1.);
#1906 = DIRECTION('',(0.,-1.,0.));
#1907 = ORIENTED_EDGE('',*,*,#1908,.F.);
#1908 = EDGE_CURVE('',#1909,#1901,#1911,.T.);
#1909 = VERTEX_POINT('',#1910);
#1910 = CARTESIAN_POINT('',(1.6,-1.6,0.5));
#1911 = LINE('',#1912,#1913);
#1912 = CARTESIAN_POINT('',(2.168080357143,-1.6,0.5));
#1913 = VECTOR('',#1914,1.);
#1914 = DIRECTION('',(1.,0.,0.));
#1915 = ORIENTED_EDGE('',*,*,#1916,.F.);
#1916 = EDGE_CURVE('',#1917,#1909,#1919,.T.);
#1917 = VERTEX_POINT('',#1918);
#1918 = CARTESIAN_POINT('',(1.6,-1.4,0.5));
#1919 = LINE('',#1920,#1921);
#1920 = CARTESIAN_POINT('',(1.6,-0.8,0.5));
#1921 = VECTOR('',#1922,1.);
#1922 = DIRECTION('',(0.,-1.,0.));
#1923 = ORIENTED_EDGE('',*,*,#1924,.F.);
#1924 = EDGE_CURVE('',#1925,#1917,#1927,.T.);
#1925 = VERTEX_POINT('',#1926);
#1926 = CARTESIAN_POINT('',(1.7,-1.4,0.5));
#1927 = LINE('',#1928,#1929);
#1928 = CARTESIAN_POINT('',(1.268080357143,-1.4,0.5));
#1929 = VECTOR('',#1930,1.);
#1930 = DIRECTION('',(-1.,0.,0.));
#1931 = ORIENTED_EDGE('',*,*,#1932,.F.);
#1932 = EDGE_CURVE('',#1933,#1925,#1935,.T.);
#1933 = VERTEX_POINT('',#1934);
#1934 = CARTESIAN_POINT('',(1.7,-1.1,0.5));
#1935 = LINE('',#1936,#1937);
#1936 = CARTESIAN_POINT('',(1.7,4.25,0.5));
#1937 = VECTOR('',#1938,1.);
#1938 = DIRECTION('',(0.,-1.,0.));
#1939 = ORIENTED_EDGE('',*,*,#1940,.F.);
#1940 = EDGE_CURVE('',#1941,#1933,#1943,.T.);
#1941 = VERTEX_POINT('',#1942);
#1942 = CARTESIAN_POINT('',(1.6,-1.1,0.5));
#1943 = LINE('',#1944,#1945);
#1944 = CARTESIAN_POINT('',(2.168080357143,-1.1,0.5));
#1945 = VECTOR('',#1946,1.);
#1946 = DIRECTION('',(1.,0.,0.));
#1947 = ORIENTED_EDGE('',*,*,#1948,.F.);
#1948 = EDGE_CURVE('',#1949,#1941,#1951,.T.);
#1949 = VERTEX_POINT('',#1950);
#1950 = CARTESIAN_POINT('',(1.6,-0.9,0.5));
#1951 = LINE('',#1952,#1953);
#1952 = CARTESIAN_POINT('',(1.6,-0.55,0.5));
#1953 = VECTOR('',#1954,1.);
#1954 = DIRECTION('',(0.,-1.,0.));
#1955 = ORIENTED_EDGE('',*,*,#1956,.F.);
#1956 = EDGE_CURVE('',#1957,#1949,#1959,.T.);
#1957 = VERTEX_POINT('',#1958);
#1958 = CARTESIAN_POINT('',(1.7,-0.9,0.5));
#1959 = LINE('',#1960,#1961);
#1960 = CARTESIAN_POINT('',(1.268080357143,-0.9,0.5));
#1961 = VECTOR('',#1962,1.);
#1962 = DIRECTION('',(-1.,0.,0.));
#1963 = ORIENTED_EDGE('',*,*,#1964,.F.);
#1964 = EDGE_CURVE('',#1965,#1957,#1967,.T.);
#1965 = VERTEX_POINT('',#1966);
#1966 = CARTESIAN_POINT('',(1.7,-0.6,0.5));
#1967 = LINE('',#1968,#1969);
#1968 = CARTESIAN_POINT('',(1.7,4.25,0.5));
#1969 = VECTOR('',#1970,1.);
#1970 = DIRECTION('',(0.,-1.,0.));
#1971 = ORIENTED_EDGE('',*,*,#1972,.F.);
#1972 = EDGE_CURVE('',#1973,#1965,#1975,.T.);
#1973 = VERTEX_POINT('',#1974);
#1974 = CARTESIAN_POINT('',(1.6,-0.6,0.5));
#1975 = LINE('',#1976,#1977);
#1976 = CARTESIAN_POINT('',(2.168080357143,-0.6,0.5));
#1977 = VECTOR('',#1978,1.);
#1978 = DIRECTION('',(1.,0.,0.));
#1979 = ORIENTED_EDGE('',*,*,#1980,.F.);
#1980 = EDGE_CURVE('',#1981,#1973,#1983,.T.);
#1981 = VERTEX_POINT('',#1982);
#1982 = CARTESIAN_POINT('',(1.6,-0.4,0.5));
#1983 = LINE('',#1984,#1985);
#1984 = CARTESIAN_POINT('',(1.6,-0.3,0.5));
#1985 = VECTOR('',#1986,1.);
#1986 = DIRECTION('',(0.,-1.,0.));
#1987 = ORIENTED_EDGE('',*,*,#1988,.F.);
#1988 = EDGE_CURVE('',#1989,#1981,#1991,.T.);
#1989 = VERTEX_POINT('',#1990);
#1990 = CARTESIAN_POINT('',(1.7,-0.4,0.5));
#1991 = LINE('',#1992,#1993);
#1992 = CARTESIAN_POINT('',(1.268080357143,-0.4,0.5));
#1993 = VECTOR('',#1994,1.);
#1994 = DIRECTION('',(-1.,0.,0.));
#1995 = ORIENTED_EDGE('',*,*,#1996,.F.);
#1996 = EDGE_CURVE('',#1997,#1989,#1999,.T.);
#1997 = VERTEX_POINT('',#1998);
#1998 = CARTESIAN_POINT('',(1.7,-0.1,0.5));
#1999 = LINE('',#2000,#2001);
#2000 = CARTESIAN_POINT('',(1.7,4.25,0.5));
#2001 = VECTOR('',#2002,1.);
#2002 = DIRECTION('',(0.,-1.,0.));
#2003 = ORIENTED_EDGE('',*,*,#2004,.F.);
#2004 = EDGE_CURVE('',#2005,#1997,#2007,.T.);
#2005 = VERTEX_POINT('',#2006);
#2006 = CARTESIAN_POINT('',(1.6,-0.1,0.5));
#2007 = LINE('',#2008,#2009);
#2008 = CARTESIAN_POINT('',(2.168080357143,-0.1,0.5));
#2009 = VECTOR('',#2010,1.);
#2010 = DIRECTION('',(1.,0.,0.));
#2011 = ORIENTED_EDGE('',*,*,#2012,.F.);
#2012 = EDGE_CURVE('',#2013,#2005,#2015,.T.);
#2013 = VERTEX_POINT('',#2014);
#2014 = CARTESIAN_POINT('',(1.6,0.1,0.5));
#2015 = LINE('',#2016,#2017);
#2016 = CARTESIAN_POINT('',(1.6,-5.E-02,0.5));
#2017 = VECTOR('',#2018,1.);
#2018 = DIRECTION('',(0.,-1.,0.));
#2019 = ORIENTED_EDGE('',*,*,#2020,.F.);
#2020 = EDGE_CURVE('',#2021,#2013,#2023,.T.);
#2021 = VERTEX_POINT('',#2022);
#2022 = CARTESIAN_POINT('',(1.7,0.1,0.5));
#2023 = LINE('',#2024,#2025);
#2024 = CARTESIAN_POINT('',(1.268080357143,0.1,0.5));
#2025 = VECTOR('',#2026,1.);
#2026 = DIRECTION('',(-1.,0.,0.));
#2027 = ORIENTED_EDGE('',*,*,#2028,.F.);
#2028 = EDGE_CURVE('',#2029,#2021,#2031,.T.);
#2029 = VERTEX_POINT('',#2030);
#2030 = CARTESIAN_POINT('',(1.7,0.4,0.5));
#2031 = LINE('',#2032,#2033);
#2032 = CARTESIAN_POINT('',(1.7,4.25,0.5));
#2033 = VECTOR('',#2034,1.);
#2034 = DIRECTION('',(0.,-1.,0.));
#2035 = ORIENTED_EDGE('',*,*,#2036,.F.);
#2036 = EDGE_CURVE('',#2037,#2029,#2039,.T.);
#2037 = VERTEX_POINT('',#2038);
#2038 = CARTESIAN_POINT('',(1.6,0.4,0.5));
#2039 = LINE('',#2040,#2041);
#2040 = CARTESIAN_POINT('',(2.168080357143,0.4,0.5));
#2041 = VECTOR('',#2042,1.);
#2042 = DIRECTION('',(1.,0.,0.));
#2043 = ORIENTED_EDGE('',*,*,#2044,.F.);
#2044 = EDGE_CURVE('',#2045,#2037,#2047,.T.);
#2045 = VERTEX_POINT('',#2046);
#2046 = CARTESIAN_POINT('',(1.6,0.6,0.5));
#2047 = LINE('',#2048,#2049);
#2048 = CARTESIAN_POINT('',(1.6,0.2,0.5));
#2049 = VECTOR('',#2050,1.);
#2050 = DIRECTION('',(0.,-1.,0.));
#2051 = ORIENTED_EDGE('',*,*,#2052,.F.);
#2052 = EDGE_CURVE('',#2053,#2045,#2055,.T.);
#2053 = VERTEX_POINT('',#2054);
#2054 = CARTESIAN_POINT('',(1.7,0.6,0.5));
#2055 = LINE('',#2056,#2057);
#2056 = CARTESIAN_POINT('',(1.268080357143,0.6,0.5));
#2057 = VECTOR('',#2058,1.);
#2058 = DIRECTION('',(-1.,0.,0.));
#2059 = ORIENTED_EDGE('',*,*,#2060,.F.);
#2060 = EDGE_CURVE('',#2061,#2053,#2063,.T.);
#2061 = VERTEX_POINT('',#2062);
#2062 = CARTESIAN_POINT('',(1.7,0.9,0.5));
#2063 = LINE('',#2064,#2065);
#2064 = CARTESIAN_POINT('',(1.7,4.25,0.5));
#2065 = VECTOR('',#2066,1.);
#2066 = DIRECTION('',(0.,-1.,0.));
#2067 = ORIENTED_EDGE('',*,*,#2068,.F.);
#2068 = EDGE_CURVE('',#2069,#2061,#2071,.T.);
#2069 = VERTEX_POINT('',#2070);
#2070 = CARTESIAN_POINT('',(1.6,0.9,0.5));
#2071 = LINE('',#2072,#2073);
#2072 = CARTESIAN_POINT('',(2.168080357143,0.9,0.5));
#2073 = VECTOR('',#2074,1.);
#2074 = DIRECTION('',(1.,0.,0.));
#2075 = ORIENTED_EDGE('',*,*,#2076,.F.);
#2076 = EDGE_CURVE('',#2077,#2069,#2079,.T.);
#2077 = VERTEX_POINT('',#2078);
#2078 = CARTESIAN_POINT('',(1.6,1.1,0.5));
#2079 = LINE('',#2080,#2081);
#2080 = CARTESIAN_POINT('',(1.6,0.45,0.5));
#2081 = VECTOR('',#2082,1.);
#2082 = DIRECTION('',(0.,-1.,0.));
#2083 = ORIENTED_EDGE('',*,*,#2084,.F.);
#2084 = EDGE_CURVE('',#2085,#2077,#2087,.T.);
#2085 = VERTEX_POINT('',#2086);
#2086 = CARTESIAN_POINT('',(1.7,1.1,0.5));
#2087 = LINE('',#2088,#2089);
#2088 = CARTESIAN_POINT('',(1.268080357143,1.1,0.5));
#2089 = VECTOR('',#2090,1.);
#2090 = DIRECTION('',(-1.,0.,0.));
#2091 = ORIENTED_EDGE('',*,*,#2092,.F.);
#2092 = EDGE_CURVE('',#2093,#2085,#2095,.T.);
#2093 = VERTEX_POINT('',#2094);
#2094 = CARTESIAN_POINT('',(1.7,1.4,0.5));
#2095 = LINE('',#2096,#2097);
#2096 = CARTESIAN_POINT('',(1.7,4.25,0.5));
#2097 = VECTOR('',#2098,1.);
#2098 = DIRECTION('',(0.,-1.,0.));
#2099 = ORIENTED_EDGE('',*,*,#2100,.F.);
#2100 = EDGE_CURVE('',#2101,#2093,#2103,.T.);
#2101 = VERTEX_POINT('',#2102);
#2102 = CARTESIAN_POINT('',(1.6,1.4,0.5));
#2103 = LINE('',#2104,#2105);
#2104 = CARTESIAN_POINT('',(2.168080357143,1.4,0.5));
#2105 = VECTOR('',#2106,1.);
#2106 = DIRECTION('',(1.,0.,0.));
#2107 = ORIENTED_EDGE('',*,*,#2108,.F.);
#2108 = EDGE_CURVE('',#2109,#2101,#2111,.T.);
#2109 = VERTEX_POINT('',#2110);
#2110 = CARTESIAN_POINT('',(1.6,1.6,0.5));
#2111 = LINE('',#2112,#2113);
#2112 = CARTESIAN_POINT('',(1.6,0.7,0.5));
#2113 = VECTOR('',#2114,1.);
#2114 = DIRECTION('',(0.,-1.,0.));
#2115 = ORIENTED_EDGE('',*,*,#2116,.F.);
#2116 = EDGE_CURVE('',#2117,#2109,#2119,.T.);
#2117 = VERTEX_POINT('',#2118);
#2118 = CARTESIAN_POINT('',(1.7,1.6,0.5));
#2119 = LINE('',#2120,#2121);
#2120 = CARTESIAN_POINT('',(1.268080357143,1.6,0.5));
#2121 = VECTOR('',#2122,1.);
#2122 = DIRECTION('',(-1.,0.,0.));
#2123 = ORIENTED_EDGE('',*,*,#2124,.F.);
#2124 = EDGE_CURVE('',#2125,#2117,#2127,.T.);
#2125 = VERTEX_POINT('',#2126);
#2126 = CARTESIAN_POINT('',(1.7,1.9,0.5));
#2127 = LINE('',#2128,#2129);
#2128 = CARTESIAN_POINT('',(1.7,4.25,0.5));
#2129 = VECTOR('',#2130,1.);
#2130 = DIRECTION('',(0.,-1.,0.));
#2131 = ORIENTED_EDGE('',*,*,#2132,.F.);
#2132 = EDGE_CURVE('',#2133,#2125,#2135,.T.);
#2133 = VERTEX_POINT('',#2134);
#2134 = CARTESIAN_POINT('',(1.6,1.9,0.5));
#2135 = LINE('',#2136,#2137);
#2136 = CARTESIAN_POINT('',(2.168080357143,1.9,0.5));
#2137 = VECTOR('',#2138,1.);
#2138 = DIRECTION('',(1.,0.,0.));
#2139 = ORIENTED_EDGE('',*,*,#2140,.F.);
#2140 = EDGE_CURVE('',#2141,#2133,#2143,.T.);
#2141 = VERTEX_POINT('',#2142);
#2142 = CARTESIAN_POINT('',(1.6,2.1,0.5));
#2143 = LINE('',#2144,#2145);
#2144 = CARTESIAN_POINT('',(1.6,0.95,0.5));
#2145 = VECTOR('',#2146,1.);
#2146 = DIRECTION('',(0.,-1.,0.));
#2147 = ORIENTED_EDGE('',*,*,#2148,.F.);
#2148 = EDGE_CURVE('',#2149,#2141,#2151,.T.);
#2149 = VERTEX_POINT('',#2150);
#2150 = CARTESIAN_POINT('',(1.7,2.1,0.5));
#2151 = LINE('',#2152,#2153);
#2152 = CARTESIAN_POINT('',(1.268080357143,2.1,0.5));
#2153 = VECTOR('',#2154,1.);
#2154 = DIRECTION('',(-1.,0.,0.));
#2155 = ORIENTED_EDGE('',*,*,#2156,.F.);
#2156 = EDGE_CURVE('',#2157,#2149,#2159,.T.);
#2157 = VERTEX_POINT('',#2158);
#2158 = CARTESIAN_POINT('',(1.7,2.4,0.5));
#2159 = LINE('',#2160,#2161);
#2160 = CARTESIAN_POINT('',(1.7,4.25,0.5));
#2161 = VECTOR('',#2162,1.);
#2162 = DIRECTION('',(0.,-1.,0.));
#2163 = ORIENTED_EDGE('',*,*,#2164,.F.);
#2164 = EDGE_CURVE('',#2165,#2157,#2167,.T.);
#2165 = VERTEX_POINT('',#2166);
#2166 = CARTESIAN_POINT('',(1.6,2.4,0.5));
#2167 = LINE('',#2168,#2169);
#2168 = CARTESIAN_POINT('',(2.168080357143,2.4,0.5));
#2169 = VECTOR('',#2170,1.);
#2170 = DIRECTION('',(1.,0.,0.));
#2171 = ORIENTED_EDGE('',*,*,#2172,.F.);
#2172 = EDGE_CURVE('',#2173,#2165,#2175,.T.);
#2173 = VERTEX_POINT('',#2174);
#2174 = CARTESIAN_POINT('',(1.6,2.6,0.5));
#2175 = LINE('',#2176,#2177);
#2176 = CARTESIAN_POINT('',(1.6,1.2,0.5));
#2177 = VECTOR('',#2178,1.);
#2178 = DIRECTION('',(0.,-1.,0.));
#2179 = ORIENTED_EDGE('',*,*,#2180,.F.);
#2180 = EDGE_CURVE('',#2181,#2173,#2183,.T.);
#2181 = VERTEX_POINT('',#2182);
#2182 = CARTESIAN_POINT('',(1.7,2.6,0.5));
#2183 = LINE('',#2184,#2185);
#2184 = CARTESIAN_POINT('',(1.268080357143,2.6,0.5));
#2185 = VECTOR('',#2186,1.);
#2186 = DIRECTION('',(-1.,0.,0.));
#2187 = ORIENTED_EDGE('',*,*,#2188,.F.);
#2188 = EDGE_CURVE('',#2189,#2181,#2191,.T.);
#2189 = VERTEX_POINT('',#2190);
#2190 = CARTESIAN_POINT('',(1.7,2.9,0.5));
#2191 = LINE('',#2192,#2193);
#2192 = CARTESIAN_POINT('',(1.7,4.25,0.5));
#2193 = VECTOR('',#2194,1.);
#2194 = DIRECTION('',(0.,-1.,0.));
#2195 = ORIENTED_EDGE('',*,*,#2196,.F.);
#2196 = EDGE_CURVE('',#2197,#2189,#2199,.T.);
#2197 = VERTEX_POINT('',#2198);
#2198 = CARTESIAN_POINT('',(1.6,2.9,0.5));
#2199 = LINE('',#2200,#2201);
#2200 = CARTESIAN_POINT('',(2.168080357143,2.9,0.5));
#2201 = VECTOR('',#2202,1.);
#2202 = DIRECTION('',(1.,0.,0.));
#2203 = ORIENTED_EDGE('',*,*,#2204,.F.);
#2204 = EDGE_CURVE('',#2205,#2197,#2207,.T.);
#2205 = VERTEX_POINT('',#2206);
#2206 = CARTESIAN_POINT('',(1.6,3.1,0.5));
#2207 = LINE('',#2208,#2209);
#2208 = CARTESIAN_POINT('',(1.6,1.45,0.5));
#2209 = VECTOR('',#2210,1.);
#2210 = DIRECTION('',(0.,-1.,0.));
#2211 = ORIENTED_EDGE('',*,*,#2212,.F.);
#2212 = EDGE_CURVE('',#2213,#2205,#2215,.T.);
#2213 = VERTEX_POINT('',#2214);
#2214 = CARTESIAN_POINT('',(1.7,3.1,0.5));
#2215 = LINE('',#2216,#2217);
#2216 = CARTESIAN_POINT('',(1.268080357143,3.1,0.5));
#2217 = VECTOR('',#2218,1.);
#2218 = DIRECTION('',(-1.,0.,0.));
#2219 = ORIENTED_EDGE('',*,*,#2220,.F.);
#2220 = EDGE_CURVE('',#2221,#2213,#2223,.T.);
#2221 = VERTEX_POINT('',#2222);
#2222 = CARTESIAN_POINT('',(1.7,3.4,0.5));
#2223 = LINE('',#2224,#2225);
#2224 = CARTESIAN_POINT('',(1.7,4.25,0.5));
#2225 = VECTOR('',#2226,1.);
#2226 = DIRECTION('',(0.,-1.,0.));
#2227 = ORIENTED_EDGE('',*,*,#2228,.F.);
#2228 = EDGE_CURVE('',#2229,#2221,#2231,.T.);
#2229 = VERTEX_POINT('',#2230);
#2230 = CARTESIAN_POINT('',(1.6,3.4,0.5));
#2231 = LINE('',#2232,#2233);
#2232 = CARTESIAN_POINT('',(2.168080357143,3.4,0.5));
#2233 = VECTOR('',#2234,1.);
#2234 = DIRECTION('',(1.,0.,0.));
#2235 = ORIENTED_EDGE('',*,*,#2236,.F.);
#2236 = EDGE_CURVE('',#1653,#2229,#2237,.T.);
#2237 = LINE('',#2238,#2239);
#2238 = CARTESIAN_POINT('',(1.6,1.7,0.5));
#2239 = VECTOR('',#2240,1.);
#2240 = DIRECTION('',(0.,-1.,0.));
#2241 = ORIENTED_EDGE('',*,*,#1652,.F.);
#2242 = PLANE('',#2243);
#2243 = AXIS2_PLACEMENT_3D('',#2244,#2245,#2246);
#2244 = CARTESIAN_POINT('',(0.936160714286,8.E-17,0.5));
#2245 = DIRECTION('',(0.,0.,1.));
#2246 = DIRECTION('',(1.,0.,-0.));
#2247 = ADVANCED_FACE('',(#2248),#2259,.T.);
#2248 = FACE_BOUND('',#2249,.T.);
#2249 = EDGE_LOOP('',(#2250,#2256,#2257,#2258));
#2250 = ORIENTED_EDGE('',*,*,#2251,.T.);
#2251 = EDGE_CURVE('',#1093,#1717,#2252,.T.);
#2252 = LINE('',#2253,#2254);
#2253 = CARTESIAN_POINT('',(0.6,4.25,0.2));
#2254 = VECTOR('',#2255,1.);
#2255 = DIRECTION('',(0.,0.,1.));
#2256 = ORIENTED_EDGE('',*,*,#1716,.T.);
#2257 = ORIENTED_EDGE('',*,*,#1061,.F.);
#2258 = ORIENTED_EDGE('',*,*,#1092,.F.);
#2259 = PLANE('',#2260);
#2260 = AXIS2_PLACEMENT_3D('',#2261,#2262,#2263);
#2261 = CARTESIAN_POINT('',(0.6,4.25,0.2));
#2262 = DIRECTION('',(0.,1.,0.));
#2263 = DIRECTION('',(1.,0.,0.));
#2264 = ADVANCED_FACE('',(#2265),#2283,.T.);
#2265 = FACE_BOUND('',#2266,.T.);
#2266 = EDGE_LOOP('',(#2267,#2275,#2281,#2282));
#2267 = ORIENTED_EDGE('',*,*,#2268,.F.);
#2268 = EDGE_CURVE('',#2269,#1635,#2271,.T.);
#2269 = VERTEX_POINT('',#2270);
#2270 = CARTESIAN_POINT('',(1.6,3.4,0.));
#2271 = LINE('',#2272,#2273);
#2272 = CARTESIAN_POINT('',(1.6,3.4,0.));
#2273 = VECTOR('',#2274,1.);
#2274 = DIRECTION('',(0.,1.,0.));
#2275 = ORIENTED_EDGE('',*,*,#2276,.T.);
#2276 = EDGE_CURVE('',#2269,#1605,#2277,.T.);
#2277 = LINE('',#2278,#2279);
#2278 = CARTESIAN_POINT('',(1.6,3.4,0.));
#2279 = VECTOR('',#2280,1.);
#2280 = DIRECTION('',(0.,0.,1.));
#2281 = ORIENTED_EDGE('',*,*,#1612,.F.);
#2282 = ORIENTED_EDGE('',*,*,#1644,.F.);
#2283 = PLANE('',#2284);
#2284 = AXIS2_PLACEMENT_3D('',#2285,#2286,#2287);
#2285 = CARTESIAN_POINT('',(1.6,3.4,0.));
#2286 = DIRECTION('',(-1.,0.,0.));
#2287 = DIRECTION('',(0.,1.,0.));
#2288 = ADVANCED_FACE('',(#2289),#2355,.T.);
#2289 = FACE_BOUND('',#2290,.T.);
#2290 = EDGE_LOOP('',(#2291,#2299,#2307,#2315,#2324,#2332,#2340,#2346,
    #2347,#2353,#2354));
#2291 = ORIENTED_EDGE('',*,*,#2292,.F.);
#2292 = EDGE_CURVE('',#2293,#2269,#2295,.T.);
#2293 = VERTEX_POINT('',#2294);
#2294 = CARTESIAN_POINT('',(3.4,3.4,0.));
#2295 = LINE('',#2296,#2297);
#2296 = CARTESIAN_POINT('',(3.4,3.4,0.));
#2297 = VECTOR('',#2298,1.);
#2298 = DIRECTION('',(-1.,0.,0.));
#2299 = ORIENTED_EDGE('',*,*,#2300,.T.);
#2300 = EDGE_CURVE('',#2293,#2301,#2303,.T.);
#2301 = VERTEX_POINT('',#2302);
#2302 = CARTESIAN_POINT('',(3.4,3.4,0.3));
#2303 = LINE('',#2304,#2305);
#2304 = CARTESIAN_POINT('',(3.4,3.4,0.));
#2305 = VECTOR('',#2306,1.);
#2306 = DIRECTION('',(0.,0.,1.));
#2307 = ORIENTED_EDGE('',*,*,#2308,.T.);
#2308 = EDGE_CURVE('',#2301,#2309,#2311,.T.);
#2309 = VERTEX_POINT('',#2310);
#2310 = CARTESIAN_POINT('',(2.9,3.4,0.3));
#2311 = LINE('',#2312,#2313);
#2312 = CARTESIAN_POINT('',(3.95,3.4,0.3));
#2313 = VECTOR('',#2314,1.);
#2314 = DIRECTION('',(-1.,0.,0.));
#2315 = ORIENTED_EDGE('',*,*,#2316,.F.);
#2316 = EDGE_CURVE('',#2317,#2309,#2319,.T.);
#2317 = VERTEX_POINT('',#2318);
#2318 = CARTESIAN_POINT('',(2.7,3.4,0.5));
#2319 = CIRCLE('',#2320,0.2);
#2320 = AXIS2_PLACEMENT_3D('',#2321,#2322,#2323);
#2321 = CARTESIAN_POINT('',(2.9,3.4,0.5));
#2322 = DIRECTION('',(0.,-1.,-2.2E-16));
#2323 = DIRECTION('',(1.,0.,0.));
#2324 = ORIENTED_EDGE('',*,*,#2325,.T.);
#2325 = EDGE_CURVE('',#2317,#2326,#2328,.T.);
#2326 = VERTEX_POINT('',#2327);
#2327 = CARTESIAN_POINT('',(2.7,3.4,1.8));
#2328 = LINE('',#2329,#2330);
#2329 = CARTESIAN_POINT('',(2.7,3.4,0.25));
#2330 = VECTOR('',#2331,1.);
#2331 = DIRECTION('',(0.,0.,1.));
#2332 = ORIENTED_EDGE('',*,*,#2333,.T.);
#2333 = EDGE_CURVE('',#2326,#2334,#2336,.T.);
#2334 = VERTEX_POINT('',#2335);
#2335 = CARTESIAN_POINT('',(1.6,3.4,1.8));
#2336 = LINE('',#2337,#2338);
#2337 = CARTESIAN_POINT('',(3.4,3.4,1.8));
#2338 = VECTOR('',#2339,1.);
#2339 = DIRECTION('',(-1.,0.,0.));
#2340 = ORIENTED_EDGE('',*,*,#2341,.F.);
#2341 = EDGE_CURVE('',#2229,#2334,#2342,.T.);
#2342 = LINE('',#2343,#2344);
#2343 = CARTESIAN_POINT('',(1.6,3.4,0.));
#2344 = VECTOR('',#2345,1.);
#2345 = DIRECTION('',(0.,0.,1.));
#2346 = ORIENTED_EDGE('',*,*,#2228,.T.);
#2347 = ORIENTED_EDGE('',*,*,#2348,.T.);
#2348 = EDGE_CURVE('',#2221,#1597,#2349,.T.);
#2349 = LINE('',#2350,#2351);
#2350 = CARTESIAN_POINT('',(1.7,3.4,0.1));
#2351 = VECTOR('',#2352,1.);
#2352 = DIRECTION('',(0.,0.,-1.));
#2353 = ORIENTED_EDGE('',*,*,#1604,.F.);
#2354 = ORIENTED_EDGE('',*,*,#2276,.F.);
#2355 = PLANE('',#2356);
#2356 = AXIS2_PLACEMENT_3D('',#2357,#2358,#2359);
#2357 = CARTESIAN_POINT('',(3.4,3.4,0.));
#2358 = DIRECTION('',(0.,-1.,0.));
#2359 = DIRECTION('',(-1.,0.,0.));
#2360 = ADVANCED_FACE('',(#2361),#2372,.T.);
#2361 = FACE_BOUND('',#2362,.T.);
#2362 = EDGE_LOOP('',(#2363,#2364,#2365,#2366));
#2363 = ORIENTED_EDGE('',*,*,#1596,.F.);
#2364 = ORIENTED_EDGE('',*,*,#2348,.F.);
#2365 = ORIENTED_EDGE('',*,*,#2220,.T.);
#2366 = ORIENTED_EDGE('',*,*,#2367,.F.);
#2367 = EDGE_CURVE('',#1589,#2213,#2368,.T.);
#2368 = LINE('',#2369,#2370);
#2369 = CARTESIAN_POINT('',(1.7,3.1,0.1));
#2370 = VECTOR('',#2371,1.);
#2371 = DIRECTION('',(0.,0.,1.));
#2372 = PLANE('',#2373);
#2373 = AXIS2_PLACEMENT_3D('',#2374,#2375,#2376);
#2374 = CARTESIAN_POINT('',(1.7,4.25,0.2));
#2375 = DIRECTION('',(1.,0.,0.));
#2376 = DIRECTION('',(0.,-1.,0.));
#2377 = ADVANCED_FACE('',(#2378),#2446,.T.);
#2378 = FACE_BOUND('',#2379,.T.);
#2379 = EDGE_LOOP('',(#2380,#2390,#2396,#2397,#2398,#2399,#2407,#2415,
    #2423,#2432,#2440));
#2380 = ORIENTED_EDGE('',*,*,#2381,.F.);
#2381 = EDGE_CURVE('',#2382,#2384,#2386,.T.);
#2382 = VERTEX_POINT('',#2383);
#2383 = CARTESIAN_POINT('',(1.6,3.1,0.));
#2384 = VERTEX_POINT('',#2385);
#2385 = CARTESIAN_POINT('',(3.4,3.1,0.));
#2386 = LINE('',#2387,#2388);
#2387 = CARTESIAN_POINT('',(1.6,3.1,0.));
#2388 = VECTOR('',#2389,1.);
#2389 = DIRECTION('',(1.,0.,0.));
#2390 = ORIENTED_EDGE('',*,*,#2391,.T.);
#2391 = EDGE_CURVE('',#2382,#1581,#2392,.T.);
#2392 = LINE('',#2393,#2394);
#2393 = CARTESIAN_POINT('',(1.6,3.1,0.));
#2394 = VECTOR('',#2395,1.);
#2395 = DIRECTION('',(0.,0.,1.));
#2396 = ORIENTED_EDGE('',*,*,#1588,.F.);
#2397 = ORIENTED_EDGE('',*,*,#2367,.T.);
#2398 = ORIENTED_EDGE('',*,*,#2212,.T.);
#2399 = ORIENTED_EDGE('',*,*,#2400,.T.);
#2400 = EDGE_CURVE('',#2205,#2401,#2403,.T.);
#2401 = VERTEX_POINT('',#2402);
#2402 = CARTESIAN_POINT('',(1.6,3.1,1.8));
#2403 = LINE('',#2404,#2405);
#2404 = CARTESIAN_POINT('',(1.6,3.1,0.));
#2405 = VECTOR('',#2406,1.);
#2406 = DIRECTION('',(0.,0.,1.));
#2407 = ORIENTED_EDGE('',*,*,#2408,.T.);
#2408 = EDGE_CURVE('',#2401,#2409,#2411,.T.);
#2409 = VERTEX_POINT('',#2410);
#2410 = CARTESIAN_POINT('',(2.7,3.1,1.8));
#2411 = LINE('',#2412,#2413);
#2412 = CARTESIAN_POINT('',(1.6,3.1,1.8));
#2413 = VECTOR('',#2414,1.);
#2414 = DIRECTION('',(1.,0.,0.));
#2415 = ORIENTED_EDGE('',*,*,#2416,.T.);
#2416 = EDGE_CURVE('',#2409,#2417,#2419,.T.);
#2417 = VERTEX_POINT('',#2418);
#2418 = CARTESIAN_POINT('',(2.7,3.1,0.5));
#2419 = LINE('',#2420,#2421);
#2420 = CARTESIAN_POINT('',(2.7,3.1,0.25));
#2421 = VECTOR('',#2422,1.);
#2422 = DIRECTION('',(0.,0.,-1.));
#2423 = ORIENTED_EDGE('',*,*,#2424,.T.);
#2424 = EDGE_CURVE('',#2417,#2425,#2427,.T.);
#2425 = VERTEX_POINT('',#2426);
#2426 = CARTESIAN_POINT('',(2.9,3.1,0.3));
#2427 = CIRCLE('',#2428,0.2);
#2428 = AXIS2_PLACEMENT_3D('',#2429,#2430,#2431);
#2429 = CARTESIAN_POINT('',(2.9,3.1,0.5));
#2430 = DIRECTION('',(0.,-1.,-2.2E-16));
#2431 = DIRECTION('',(1.,0.,0.));
#2432 = ORIENTED_EDGE('',*,*,#2433,.T.);
#2433 = EDGE_CURVE('',#2425,#2434,#2436,.T.);
#2434 = VERTEX_POINT('',#2435);
#2435 = CARTESIAN_POINT('',(3.4,3.1,0.3));
#2436 = LINE('',#2437,#2438);
#2437 = CARTESIAN_POINT('',(3.05,3.1,0.3));
#2438 = VECTOR('',#2439,1.);
#2439 = DIRECTION('',(1.,0.,0.));
#2440 = ORIENTED_EDGE('',*,*,#2441,.F.);
#2441 = EDGE_CURVE('',#2384,#2434,#2442,.T.);
#2442 = LINE('',#2443,#2444);
#2443 = CARTESIAN_POINT('',(3.4,3.1,0.));
#2444 = VECTOR('',#2445,1.);
#2445 = DIRECTION('',(0.,0.,1.));
#2446 = PLANE('',#2447);
#2447 = AXIS2_PLACEMENT_3D('',#2448,#2449,#2450);
#2448 = CARTESIAN_POINT('',(1.6,3.1,0.));
#2449 = DIRECTION('',(0.,1.,0.));
#2450 = DIRECTION('',(1.,0.,0.));
#2451 = ADVANCED_FACE('',(#2452),#2470,.T.);
#2452 = FACE_BOUND('',#2453,.T.);
#2453 = EDGE_LOOP('',(#2454,#2462,#2468,#2469));
#2454 = ORIENTED_EDGE('',*,*,#2455,.F.);
#2455 = EDGE_CURVE('',#2456,#2382,#2458,.T.);
#2456 = VERTEX_POINT('',#2457);
#2457 = CARTESIAN_POINT('',(1.6,2.9,0.));
#2458 = LINE('',#2459,#2460);
#2459 = CARTESIAN_POINT('',(1.6,2.9,0.));
#2460 = VECTOR('',#2461,1.);
#2461 = DIRECTION('',(0.,1.,0.));
#2462 = ORIENTED_EDGE('',*,*,#2463,.T.);
#2463 = EDGE_CURVE('',#2456,#1573,#2464,.T.);
#2464 = LINE('',#2465,#2466);
#2465 = CARTESIAN_POINT('',(1.6,2.9,0.));
#2466 = VECTOR('',#2467,1.);
#2467 = DIRECTION('',(0.,0.,1.));
#2468 = ORIENTED_EDGE('',*,*,#1580,.F.);
#2469 = ORIENTED_EDGE('',*,*,#2391,.F.);
#2470 = PLANE('',#2471);
#2471 = AXIS2_PLACEMENT_3D('',#2472,#2473,#2474);
#2472 = CARTESIAN_POINT('',(1.6,2.9,0.));
#2473 = DIRECTION('',(-1.,0.,0.));
#2474 = DIRECTION('',(0.,1.,0.));
#2475 = ADVANCED_FACE('',(#2476),#2542,.T.);
#2476 = FACE_BOUND('',#2477,.T.);
#2477 = EDGE_LOOP('',(#2478,#2486,#2494,#2502,#2511,#2519,#2527,#2533,
    #2534,#2540,#2541));
#2478 = ORIENTED_EDGE('',*,*,#2479,.F.);
#2479 = EDGE_CURVE('',#2480,#2456,#2482,.T.);
#2480 = VERTEX_POINT('',#2481);
#2481 = CARTESIAN_POINT('',(3.4,2.9,0.));
#2482 = LINE('',#2483,#2484);
#2483 = CARTESIAN_POINT('',(3.4,2.9,0.));
#2484 = VECTOR('',#2485,1.);
#2485 = DIRECTION('',(-1.,0.,0.));
#2486 = ORIENTED_EDGE('',*,*,#2487,.T.);
#2487 = EDGE_CURVE('',#2480,#2488,#2490,.T.);
#2488 = VERTEX_POINT('',#2489);
#2489 = CARTESIAN_POINT('',(3.4,2.9,0.3));
#2490 = LINE('',#2491,#2492);
#2491 = CARTESIAN_POINT('',(3.4,2.9,0.));
#2492 = VECTOR('',#2493,1.);
#2493 = DIRECTION('',(0.,0.,1.));
#2494 = ORIENTED_EDGE('',*,*,#2495,.T.);
#2495 = EDGE_CURVE('',#2488,#2496,#2498,.T.);
#2496 = VERTEX_POINT('',#2497);
#2497 = CARTESIAN_POINT('',(2.9,2.9,0.3));
#2498 = LINE('',#2499,#2500);
#2499 = CARTESIAN_POINT('',(3.95,2.9,0.3));
#2500 = VECTOR('',#2501,1.);
#2501 = DIRECTION('',(-1.,0.,0.));
#2502 = ORIENTED_EDGE('',*,*,#2503,.F.);
#2503 = EDGE_CURVE('',#2504,#2496,#2506,.T.);
#2504 = VERTEX_POINT('',#2505);
#2505 = CARTESIAN_POINT('',(2.7,2.9,0.5));
#2506 = CIRCLE('',#2507,0.2);
#2507 = AXIS2_PLACEMENT_3D('',#2508,#2509,#2510);
#2508 = CARTESIAN_POINT('',(2.9,2.9,0.5));
#2509 = DIRECTION('',(0.,-1.,-2.2E-16));
#2510 = DIRECTION('',(1.,0.,0.));
#2511 = ORIENTED_EDGE('',*,*,#2512,.T.);
#2512 = EDGE_CURVE('',#2504,#2513,#2515,.T.);
#2513 = VERTEX_POINT('',#2514);
#2514 = CARTESIAN_POINT('',(2.7,2.9,1.8));
#2515 = LINE('',#2516,#2517);
#2516 = CARTESIAN_POINT('',(2.7,2.9,0.25));
#2517 = VECTOR('',#2518,1.);
#2518 = DIRECTION('',(0.,0.,1.));
#2519 = ORIENTED_EDGE('',*,*,#2520,.T.);
#2520 = EDGE_CURVE('',#2513,#2521,#2523,.T.);
#2521 = VERTEX_POINT('',#2522);
#2522 = CARTESIAN_POINT('',(1.6,2.9,1.8));
#2523 = LINE('',#2524,#2525);
#2524 = CARTESIAN_POINT('',(3.4,2.9,1.8));
#2525 = VECTOR('',#2526,1.);
#2526 = DIRECTION('',(-1.,0.,0.));
#2527 = ORIENTED_EDGE('',*,*,#2528,.F.);
#2528 = EDGE_CURVE('',#2197,#2521,#2529,.T.);
#2529 = LINE('',#2530,#2531);
#2530 = CARTESIAN_POINT('',(1.6,2.9,0.));
#2531 = VECTOR('',#2532,1.);
#2532 = DIRECTION('',(0.,0.,1.));
#2533 = ORIENTED_EDGE('',*,*,#2196,.T.);
#2534 = ORIENTED_EDGE('',*,*,#2535,.T.);
#2535 = EDGE_CURVE('',#2189,#1565,#2536,.T.);
#2536 = LINE('',#2537,#2538);
#2537 = CARTESIAN_POINT('',(1.7,2.9,0.1));
#2538 = VECTOR('',#2539,1.);
#2539 = DIRECTION('',(0.,0.,-1.));
#2540 = ORIENTED_EDGE('',*,*,#1572,.F.);
#2541 = ORIENTED_EDGE('',*,*,#2463,.F.);
#2542 = PLANE('',#2543);
#2543 = AXIS2_PLACEMENT_3D('',#2544,#2545,#2546);
#2544 = CARTESIAN_POINT('',(3.4,2.9,0.));
#2545 = DIRECTION('',(0.,-1.,0.));
#2546 = DIRECTION('',(-1.,0.,0.));
#2547 = ADVANCED_FACE('',(#2548),#2559,.T.);
#2548 = FACE_BOUND('',#2549,.T.);
#2549 = EDGE_LOOP('',(#2550,#2551,#2552,#2553));
#2550 = ORIENTED_EDGE('',*,*,#1564,.F.);
#2551 = ORIENTED_EDGE('',*,*,#2535,.F.);
#2552 = ORIENTED_EDGE('',*,*,#2188,.T.);
#2553 = ORIENTED_EDGE('',*,*,#2554,.F.);
#2554 = EDGE_CURVE('',#1557,#2181,#2555,.T.);
#2555 = LINE('',#2556,#2557);
#2556 = CARTESIAN_POINT('',(1.7,2.6,0.1));
#2557 = VECTOR('',#2558,1.);
#2558 = DIRECTION('',(0.,0.,1.));
#2559 = PLANE('',#2560);
#2560 = AXIS2_PLACEMENT_3D('',#2561,#2562,#2563);
#2561 = CARTESIAN_POINT('',(1.7,4.25,0.2));
#2562 = DIRECTION('',(1.,0.,0.));
#2563 = DIRECTION('',(0.,-1.,0.));
#2564 = ADVANCED_FACE('',(#2565),#2633,.T.);
#2565 = FACE_BOUND('',#2566,.T.);
#2566 = EDGE_LOOP('',(#2567,#2577,#2583,#2584,#2585,#2586,#2594,#2602,
    #2610,#2619,#2627));
#2567 = ORIENTED_EDGE('',*,*,#2568,.F.);
#2568 = EDGE_CURVE('',#2569,#2571,#2573,.T.);
#2569 = VERTEX_POINT('',#2570);
#2570 = CARTESIAN_POINT('',(1.6,2.6,0.));
#2571 = VERTEX_POINT('',#2572);
#2572 = CARTESIAN_POINT('',(3.4,2.6,0.));
#2573 = LINE('',#2574,#2575);
#2574 = CARTESIAN_POINT('',(1.6,2.6,0.));
#2575 = VECTOR('',#2576,1.);
#2576 = DIRECTION('',(1.,0.,0.));
#2577 = ORIENTED_EDGE('',*,*,#2578,.T.);
#2578 = EDGE_CURVE('',#2569,#1549,#2579,.T.);
#2579 = LINE('',#2580,#2581);
#2580 = CARTESIAN_POINT('',(1.6,2.6,0.));
#2581 = VECTOR('',#2582,1.);
#2582 = DIRECTION('',(0.,0.,1.));
#2583 = ORIENTED_EDGE('',*,*,#1556,.F.);
#2584 = ORIENTED_EDGE('',*,*,#2554,.T.);
#2585 = ORIENTED_EDGE('',*,*,#2180,.T.);
#2586 = ORIENTED_EDGE('',*,*,#2587,.T.);
#2587 = EDGE_CURVE('',#2173,#2588,#2590,.T.);
#2588 = VERTEX_POINT('',#2589);
#2589 = CARTESIAN_POINT('',(1.6,2.6,1.8));
#2590 = LINE('',#2591,#2592);
#2591 = CARTESIAN_POINT('',(1.6,2.6,0.));
#2592 = VECTOR('',#2593,1.);
#2593 = DIRECTION('',(0.,0.,1.));
#2594 = ORIENTED_EDGE('',*,*,#2595,.T.);
#2595 = EDGE_CURVE('',#2588,#2596,#2598,.T.);
#2596 = VERTEX_POINT('',#2597);
#2597 = CARTESIAN_POINT('',(2.7,2.6,1.8));
#2598 = LINE('',#2599,#2600);
#2599 = CARTESIAN_POINT('',(1.6,2.6,1.8));
#2600 = VECTOR('',#2601,1.);
#2601 = DIRECTION('',(1.,0.,0.));
#2602 = ORIENTED_EDGE('',*,*,#2603,.T.);
#2603 = EDGE_CURVE('',#2596,#2604,#2606,.T.);
#2604 = VERTEX_POINT('',#2605);
#2605 = CARTESIAN_POINT('',(2.7,2.6,0.5));
#2606 = LINE('',#2607,#2608);
#2607 = CARTESIAN_POINT('',(2.7,2.6,0.25));
#2608 = VECTOR('',#2609,1.);
#2609 = DIRECTION('',(0.,0.,-1.));
#2610 = ORIENTED_EDGE('',*,*,#2611,.T.);
#2611 = EDGE_CURVE('',#2604,#2612,#2614,.T.);
#2612 = VERTEX_POINT('',#2613);
#2613 = CARTESIAN_POINT('',(2.9,2.6,0.3));
#2614 = CIRCLE('',#2615,0.2);
#2615 = AXIS2_PLACEMENT_3D('',#2616,#2617,#2618);
#2616 = CARTESIAN_POINT('',(2.9,2.6,0.5));
#2617 = DIRECTION('',(0.,-1.,-2.2E-16));
#2618 = DIRECTION('',(1.,0.,0.));
#2619 = ORIENTED_EDGE('',*,*,#2620,.T.);
#2620 = EDGE_CURVE('',#2612,#2621,#2623,.T.);
#2621 = VERTEX_POINT('',#2622);
#2622 = CARTESIAN_POINT('',(3.4,2.6,0.3));
#2623 = LINE('',#2624,#2625);
#2624 = CARTESIAN_POINT('',(3.05,2.6,0.3));
#2625 = VECTOR('',#2626,1.);
#2626 = DIRECTION('',(1.,0.,0.));
#2627 = ORIENTED_EDGE('',*,*,#2628,.F.);
#2628 = EDGE_CURVE('',#2571,#2621,#2629,.T.);
#2629 = LINE('',#2630,#2631);
#2630 = CARTESIAN_POINT('',(3.4,2.6,0.));
#2631 = VECTOR('',#2632,1.);
#2632 = DIRECTION('',(0.,0.,1.));
#2633 = PLANE('',#2634);
#2634 = AXIS2_PLACEMENT_3D('',#2635,#2636,#2637);
#2635 = CARTESIAN_POINT('',(1.6,2.6,0.));
#2636 = DIRECTION('',(0.,1.,0.));
#2637 = DIRECTION('',(1.,0.,0.));
#2638 = ADVANCED_FACE('',(#2639),#2657,.T.);
#2639 = FACE_BOUND('',#2640,.T.);
#2640 = EDGE_LOOP('',(#2641,#2649,#2655,#2656));
#2641 = ORIENTED_EDGE('',*,*,#2642,.F.);
#2642 = EDGE_CURVE('',#2643,#2569,#2645,.T.);
#2643 = VERTEX_POINT('',#2644);
#2644 = CARTESIAN_POINT('',(1.6,2.4,0.));
#2645 = LINE('',#2646,#2647);
#2646 = CARTESIAN_POINT('',(1.6,2.4,0.));
#2647 = VECTOR('',#2648,1.);
#2648 = DIRECTION('',(0.,1.,0.));
#2649 = ORIENTED_EDGE('',*,*,#2650,.T.);
#2650 = EDGE_CURVE('',#2643,#1541,#2651,.T.);
#2651 = LINE('',#2652,#2653);
#2652 = CARTESIAN_POINT('',(1.6,2.4,0.));
#2653 = VECTOR('',#2654,1.);
#2654 = DIRECTION('',(0.,0.,1.));
#2655 = ORIENTED_EDGE('',*,*,#1548,.F.);
#2656 = ORIENTED_EDGE('',*,*,#2578,.F.);
#2657 = PLANE('',#2658);
#2658 = AXIS2_PLACEMENT_3D('',#2659,#2660,#2661);
#2659 = CARTESIAN_POINT('',(1.6,2.4,0.));
#2660 = DIRECTION('',(-1.,0.,0.));
#2661 = DIRECTION('',(0.,1.,0.));
#2662 = ADVANCED_FACE('',(#2663),#2729,.T.);
#2663 = FACE_BOUND('',#2664,.T.);
#2664 = EDGE_LOOP('',(#2665,#2673,#2681,#2689,#2698,#2706,#2714,#2720,
    #2721,#2727,#2728));
#2665 = ORIENTED_EDGE('',*,*,#2666,.F.);
#2666 = EDGE_CURVE('',#2667,#2643,#2669,.T.);
#2667 = VERTEX_POINT('',#2668);
#2668 = CARTESIAN_POINT('',(3.4,2.4,0.));
#2669 = LINE('',#2670,#2671);
#2670 = CARTESIAN_POINT('',(3.4,2.4,0.));
#2671 = VECTOR('',#2672,1.);
#2672 = DIRECTION('',(-1.,0.,0.));
#2673 = ORIENTED_EDGE('',*,*,#2674,.T.);
#2674 = EDGE_CURVE('',#2667,#2675,#2677,.T.);
#2675 = VERTEX_POINT('',#2676);
#2676 = CARTESIAN_POINT('',(3.4,2.4,0.3));
#2677 = LINE('',#2678,#2679);
#2678 = CARTESIAN_POINT('',(3.4,2.4,0.));
#2679 = VECTOR('',#2680,1.);
#2680 = DIRECTION('',(0.,0.,1.));
#2681 = ORIENTED_EDGE('',*,*,#2682,.T.);
#2682 = EDGE_CURVE('',#2675,#2683,#2685,.T.);
#2683 = VERTEX_POINT('',#2684);
#2684 = CARTESIAN_POINT('',(2.9,2.4,0.3));
#2685 = LINE('',#2686,#2687);
#2686 = CARTESIAN_POINT('',(3.95,2.4,0.3));
#2687 = VECTOR('',#2688,1.);
#2688 = DIRECTION('',(-1.,0.,0.));
#2689 = ORIENTED_EDGE('',*,*,#2690,.F.);
#2690 = EDGE_CURVE('',#2691,#2683,#2693,.T.);
#2691 = VERTEX_POINT('',#2692);
#2692 = CARTESIAN_POINT('',(2.7,2.4,0.5));
#2693 = CIRCLE('',#2694,0.2);
#2694 = AXIS2_PLACEMENT_3D('',#2695,#2696,#2697);
#2695 = CARTESIAN_POINT('',(2.9,2.4,0.5));
#2696 = DIRECTION('',(0.,-1.,-2.2E-16));
#2697 = DIRECTION('',(1.,0.,0.));
#2698 = ORIENTED_EDGE('',*,*,#2699,.T.);
#2699 = EDGE_CURVE('',#2691,#2700,#2702,.T.);
#2700 = VERTEX_POINT('',#2701);
#2701 = CARTESIAN_POINT('',(2.7,2.4,1.8));
#2702 = LINE('',#2703,#2704);
#2703 = CARTESIAN_POINT('',(2.7,2.4,0.25));
#2704 = VECTOR('',#2705,1.);
#2705 = DIRECTION('',(0.,0.,1.));
#2706 = ORIENTED_EDGE('',*,*,#2707,.T.);
#2707 = EDGE_CURVE('',#2700,#2708,#2710,.T.);
#2708 = VERTEX_POINT('',#2709);
#2709 = CARTESIAN_POINT('',(1.6,2.4,1.8));
#2710 = LINE('',#2711,#2712);
#2711 = CARTESIAN_POINT('',(3.4,2.4,1.8));
#2712 = VECTOR('',#2713,1.);
#2713 = DIRECTION('',(-1.,0.,0.));
#2714 = ORIENTED_EDGE('',*,*,#2715,.F.);
#2715 = EDGE_CURVE('',#2165,#2708,#2716,.T.);
#2716 = LINE('',#2717,#2718);
#2717 = CARTESIAN_POINT('',(1.6,2.4,0.));
#2718 = VECTOR('',#2719,1.);
#2719 = DIRECTION('',(0.,0.,1.));
#2720 = ORIENTED_EDGE('',*,*,#2164,.T.);
#2721 = ORIENTED_EDGE('',*,*,#2722,.T.);
#2722 = EDGE_CURVE('',#2157,#1533,#2723,.T.);
#2723 = LINE('',#2724,#2725);
#2724 = CARTESIAN_POINT('',(1.7,2.4,0.1));
#2725 = VECTOR('',#2726,1.);
#2726 = DIRECTION('',(0.,0.,-1.));
#2727 = ORIENTED_EDGE('',*,*,#1540,.F.);
#2728 = ORIENTED_EDGE('',*,*,#2650,.F.);
#2729 = PLANE('',#2730);
#2730 = AXIS2_PLACEMENT_3D('',#2731,#2732,#2733);
#2731 = CARTESIAN_POINT('',(3.4,2.4,0.));
#2732 = DIRECTION('',(0.,-1.,0.));
#2733 = DIRECTION('',(-1.,0.,0.));
#2734 = ADVANCED_FACE('',(#2735),#2746,.T.);
#2735 = FACE_BOUND('',#2736,.T.);
#2736 = EDGE_LOOP('',(#2737,#2738,#2739,#2740));
#2737 = ORIENTED_EDGE('',*,*,#1532,.F.);
#2738 = ORIENTED_EDGE('',*,*,#2722,.F.);
#2739 = ORIENTED_EDGE('',*,*,#2156,.T.);
#2740 = ORIENTED_EDGE('',*,*,#2741,.F.);
#2741 = EDGE_CURVE('',#1525,#2149,#2742,.T.);
#2742 = LINE('',#2743,#2744);
#2743 = CARTESIAN_POINT('',(1.7,2.1,0.1));
#2744 = VECTOR('',#2745,1.);
#2745 = DIRECTION('',(0.,0.,1.));
#2746 = PLANE('',#2747);
#2747 = AXIS2_PLACEMENT_3D('',#2748,#2749,#2750);
#2748 = CARTESIAN_POINT('',(1.7,4.25,0.2));
#2749 = DIRECTION('',(1.,0.,0.));
#2750 = DIRECTION('',(0.,-1.,0.));
#2751 = ADVANCED_FACE('',(#2752),#2820,.T.);
#2752 = FACE_BOUND('',#2753,.T.);
#2753 = EDGE_LOOP('',(#2754,#2764,#2770,#2771,#2772,#2773,#2781,#2789,
    #2797,#2806,#2814));
#2754 = ORIENTED_EDGE('',*,*,#2755,.F.);
#2755 = EDGE_CURVE('',#2756,#2758,#2760,.T.);
#2756 = VERTEX_POINT('',#2757);
#2757 = CARTESIAN_POINT('',(1.6,2.1,0.));
#2758 = VERTEX_POINT('',#2759);
#2759 = CARTESIAN_POINT('',(3.4,2.1,0.));
#2760 = LINE('',#2761,#2762);
#2761 = CARTESIAN_POINT('',(1.6,2.1,0.));
#2762 = VECTOR('',#2763,1.);
#2763 = DIRECTION('',(1.,0.,0.));
#2764 = ORIENTED_EDGE('',*,*,#2765,.T.);
#2765 = EDGE_CURVE('',#2756,#1517,#2766,.T.);
#2766 = LINE('',#2767,#2768);
#2767 = CARTESIAN_POINT('',(1.6,2.1,0.));
#2768 = VECTOR('',#2769,1.);
#2769 = DIRECTION('',(0.,0.,1.));
#2770 = ORIENTED_EDGE('',*,*,#1524,.F.);
#2771 = ORIENTED_EDGE('',*,*,#2741,.T.);
#2772 = ORIENTED_EDGE('',*,*,#2148,.T.);
#2773 = ORIENTED_EDGE('',*,*,#2774,.T.);
#2774 = EDGE_CURVE('',#2141,#2775,#2777,.T.);
#2775 = VERTEX_POINT('',#2776);
#2776 = CARTESIAN_POINT('',(1.6,2.1,1.8));
#2777 = LINE('',#2778,#2779);
#2778 = CARTESIAN_POINT('',(1.6,2.1,0.));
#2779 = VECTOR('',#2780,1.);
#2780 = DIRECTION('',(0.,0.,1.));
#2781 = ORIENTED_EDGE('',*,*,#2782,.T.);
#2782 = EDGE_CURVE('',#2775,#2783,#2785,.T.);
#2783 = VERTEX_POINT('',#2784);
#2784 = CARTESIAN_POINT('',(2.7,2.1,1.8));
#2785 = LINE('',#2786,#2787);
#2786 = CARTESIAN_POINT('',(1.6,2.1,1.8));
#2787 = VECTOR('',#2788,1.);
#2788 = DIRECTION('',(1.,0.,0.));
#2789 = ORIENTED_EDGE('',*,*,#2790,.T.);
#2790 = EDGE_CURVE('',#2783,#2791,#2793,.T.);
#2791 = VERTEX_POINT('',#2792);
#2792 = CARTESIAN_POINT('',(2.7,2.1,0.5));
#2793 = LINE('',#2794,#2795);
#2794 = CARTESIAN_POINT('',(2.7,2.1,0.25));
#2795 = VECTOR('',#2796,1.);
#2796 = DIRECTION('',(0.,0.,-1.));
#2797 = ORIENTED_EDGE('',*,*,#2798,.T.);
#2798 = EDGE_CURVE('',#2791,#2799,#2801,.T.);
#2799 = VERTEX_POINT('',#2800);
#2800 = CARTESIAN_POINT('',(2.9,2.1,0.3));
#2801 = CIRCLE('',#2802,0.2);
#2802 = AXIS2_PLACEMENT_3D('',#2803,#2804,#2805);
#2803 = CARTESIAN_POINT('',(2.9,2.1,0.5));
#2804 = DIRECTION('',(0.,-1.,-2.2E-16));
#2805 = DIRECTION('',(1.,0.,0.));
#2806 = ORIENTED_EDGE('',*,*,#2807,.T.);
#2807 = EDGE_CURVE('',#2799,#2808,#2810,.T.);
#2808 = VERTEX_POINT('',#2809);
#2809 = CARTESIAN_POINT('',(3.4,2.1,0.3));
#2810 = LINE('',#2811,#2812);
#2811 = CARTESIAN_POINT('',(3.05,2.1,0.3));
#2812 = VECTOR('',#2813,1.);
#2813 = DIRECTION('',(1.,0.,0.));
#2814 = ORIENTED_EDGE('',*,*,#2815,.F.);
#2815 = EDGE_CURVE('',#2758,#2808,#2816,.T.);
#2816 = LINE('',#2817,#2818);
#2817 = CARTESIAN_POINT('',(3.4,2.1,0.));
#2818 = VECTOR('',#2819,1.);
#2819 = DIRECTION('',(0.,0.,1.));
#2820 = PLANE('',#2821);
#2821 = AXIS2_PLACEMENT_3D('',#2822,#2823,#2824);
#2822 = CARTESIAN_POINT('',(1.6,2.1,0.));
#2823 = DIRECTION('',(0.,1.,0.));
#2824 = DIRECTION('',(1.,0.,0.));
#2825 = ADVANCED_FACE('',(#2826),#2844,.T.);
#2826 = FACE_BOUND('',#2827,.T.);
#2827 = EDGE_LOOP('',(#2828,#2836,#2842,#2843));
#2828 = ORIENTED_EDGE('',*,*,#2829,.F.);
#2829 = EDGE_CURVE('',#2830,#2756,#2832,.T.);
#2830 = VERTEX_POINT('',#2831);
#2831 = CARTESIAN_POINT('',(1.6,1.9,0.));
#2832 = LINE('',#2833,#2834);
#2833 = CARTESIAN_POINT('',(1.6,1.9,0.));
#2834 = VECTOR('',#2835,1.);
#2835 = DIRECTION('',(0.,1.,0.));
#2836 = ORIENTED_EDGE('',*,*,#2837,.T.);
#2837 = EDGE_CURVE('',#2830,#1509,#2838,.T.);
#2838 = LINE('',#2839,#2840);
#2839 = CARTESIAN_POINT('',(1.6,1.9,0.));
#2840 = VECTOR('',#2841,1.);
#2841 = DIRECTION('',(0.,0.,1.));
#2842 = ORIENTED_EDGE('',*,*,#1516,.F.);
#2843 = ORIENTED_EDGE('',*,*,#2765,.F.);
#2844 = PLANE('',#2845);
#2845 = AXIS2_PLACEMENT_3D('',#2846,#2847,#2848);
#2846 = CARTESIAN_POINT('',(1.6,1.9,0.));
#2847 = DIRECTION('',(-1.,0.,0.));
#2848 = DIRECTION('',(0.,1.,0.));
#2849 = ADVANCED_FACE('',(#2850),#2916,.T.);
#2850 = FACE_BOUND('',#2851,.T.);
#2851 = EDGE_LOOP('',(#2852,#2860,#2868,#2876,#2885,#2893,#2901,#2907,
    #2908,#2914,#2915));
#2852 = ORIENTED_EDGE('',*,*,#2853,.F.);
#2853 = EDGE_CURVE('',#2854,#2830,#2856,.T.);
#2854 = VERTEX_POINT('',#2855);
#2855 = CARTESIAN_POINT('',(3.4,1.9,0.));
#2856 = LINE('',#2857,#2858);
#2857 = CARTESIAN_POINT('',(3.4,1.9,0.));
#2858 = VECTOR('',#2859,1.);
#2859 = DIRECTION('',(-1.,0.,0.));
#2860 = ORIENTED_EDGE('',*,*,#2861,.T.);
#2861 = EDGE_CURVE('',#2854,#2862,#2864,.T.);
#2862 = VERTEX_POINT('',#2863);
#2863 = CARTESIAN_POINT('',(3.4,1.9,0.3));
#2864 = LINE('',#2865,#2866);
#2865 = CARTESIAN_POINT('',(3.4,1.9,0.));
#2866 = VECTOR('',#2867,1.);
#2867 = DIRECTION('',(0.,0.,1.));
#2868 = ORIENTED_EDGE('',*,*,#2869,.T.);
#2869 = EDGE_CURVE('',#2862,#2870,#2872,.T.);
#2870 = VERTEX_POINT('',#2871);
#2871 = CARTESIAN_POINT('',(2.9,1.9,0.3));
#2872 = LINE('',#2873,#2874);
#2873 = CARTESIAN_POINT('',(3.95,1.9,0.3));
#2874 = VECTOR('',#2875,1.);
#2875 = DIRECTION('',(-1.,0.,0.));
#2876 = ORIENTED_EDGE('',*,*,#2877,.F.);
#2877 = EDGE_CURVE('',#2878,#2870,#2880,.T.);
#2878 = VERTEX_POINT('',#2879);
#2879 = CARTESIAN_POINT('',(2.7,1.9,0.5));
#2880 = CIRCLE('',#2881,0.2);
#2881 = AXIS2_PLACEMENT_3D('',#2882,#2883,#2884);
#2882 = CARTESIAN_POINT('',(2.9,1.9,0.5));
#2883 = DIRECTION('',(0.,-1.,-2.2E-16));
#2884 = DIRECTION('',(1.,0.,0.));
#2885 = ORIENTED_EDGE('',*,*,#2886,.T.);
#2886 = EDGE_CURVE('',#2878,#2887,#2889,.T.);
#2887 = VERTEX_POINT('',#2888);
#2888 = CARTESIAN_POINT('',(2.7,1.9,1.8));
#2889 = LINE('',#2890,#2891);
#2890 = CARTESIAN_POINT('',(2.7,1.9,0.25));
#2891 = VECTOR('',#2892,1.);
#2892 = DIRECTION('',(0.,0.,1.));
#2893 = ORIENTED_EDGE('',*,*,#2894,.T.);
#2894 = EDGE_CURVE('',#2887,#2895,#2897,.T.);
#2895 = VERTEX_POINT('',#2896);
#2896 = CARTESIAN_POINT('',(1.6,1.9,1.8));
#2897 = LINE('',#2898,#2899);
#2898 = CARTESIAN_POINT('',(3.4,1.9,1.8));
#2899 = VECTOR('',#2900,1.);
#2900 = DIRECTION('',(-1.,0.,0.));
#2901 = ORIENTED_EDGE('',*,*,#2902,.F.);
#2902 = EDGE_CURVE('',#2133,#2895,#2903,.T.);
#2903 = LINE('',#2904,#2905);
#2904 = CARTESIAN_POINT('',(1.6,1.9,0.));
#2905 = VECTOR('',#2906,1.);
#2906 = DIRECTION('',(0.,0.,1.));
#2907 = ORIENTED_EDGE('',*,*,#2132,.T.);
#2908 = ORIENTED_EDGE('',*,*,#2909,.T.);
#2909 = EDGE_CURVE('',#2125,#1501,#2910,.T.);
#2910 = LINE('',#2911,#2912);
#2911 = CARTESIAN_POINT('',(1.7,1.9,0.1));
#2912 = VECTOR('',#2913,1.);
#2913 = DIRECTION('',(0.,0.,-1.));
#2914 = ORIENTED_EDGE('',*,*,#1508,.F.);
#2915 = ORIENTED_EDGE('',*,*,#2837,.F.);
#2916 = PLANE('',#2917);
#2917 = AXIS2_PLACEMENT_3D('',#2918,#2919,#2920);
#2918 = CARTESIAN_POINT('',(3.4,1.9,0.));
#2919 = DIRECTION('',(0.,-1.,0.));
#2920 = DIRECTION('',(-1.,0.,0.));
#2921 = ADVANCED_FACE('',(#2922),#2933,.T.);
#2922 = FACE_BOUND('',#2923,.T.);
#2923 = EDGE_LOOP('',(#2924,#2925,#2926,#2927));
#2924 = ORIENTED_EDGE('',*,*,#1500,.F.);
#2925 = ORIENTED_EDGE('',*,*,#2909,.F.);
#2926 = ORIENTED_EDGE('',*,*,#2124,.T.);
#2927 = ORIENTED_EDGE('',*,*,#2928,.F.);
#2928 = EDGE_CURVE('',#1493,#2117,#2929,.T.);
#2929 = LINE('',#2930,#2931);
#2930 = CARTESIAN_POINT('',(1.7,1.6,0.1));
#2931 = VECTOR('',#2932,1.);
#2932 = DIRECTION('',(0.,0.,1.));
#2933 = PLANE('',#2934);
#2934 = AXIS2_PLACEMENT_3D('',#2935,#2936,#2937);
#2935 = CARTESIAN_POINT('',(1.7,4.25,0.2));
#2936 = DIRECTION('',(1.,0.,0.));
#2937 = DIRECTION('',(0.,-1.,0.));
#2938 = ADVANCED_FACE('',(#2939),#3007,.T.);
#2939 = FACE_BOUND('',#2940,.T.);
#2940 = EDGE_LOOP('',(#2941,#2951,#2957,#2958,#2959,#2960,#2968,#2976,
    #2984,#2993,#3001));
#2941 = ORIENTED_EDGE('',*,*,#2942,.F.);
#2942 = EDGE_CURVE('',#2943,#2945,#2947,.T.);
#2943 = VERTEX_POINT('',#2944);
#2944 = CARTESIAN_POINT('',(1.6,1.6,0.));
#2945 = VERTEX_POINT('',#2946);
#2946 = CARTESIAN_POINT('',(3.4,1.6,0.));
#2947 = LINE('',#2948,#2949);
#2948 = CARTESIAN_POINT('',(1.6,1.6,0.));
#2949 = VECTOR('',#2950,1.);
#2950 = DIRECTION('',(1.,0.,0.));
#2951 = ORIENTED_EDGE('',*,*,#2952,.T.);
#2952 = EDGE_CURVE('',#2943,#1485,#2953,.T.);
#2953 = LINE('',#2954,#2955);
#2954 = CARTESIAN_POINT('',(1.6,1.6,0.));
#2955 = VECTOR('',#2956,1.);
#2956 = DIRECTION('',(0.,0.,1.));
#2957 = ORIENTED_EDGE('',*,*,#1492,.F.);
#2958 = ORIENTED_EDGE('',*,*,#2928,.T.);
#2959 = ORIENTED_EDGE('',*,*,#2116,.T.);
#2960 = ORIENTED_EDGE('',*,*,#2961,.T.);
#2961 = EDGE_CURVE('',#2109,#2962,#2964,.T.);
#2962 = VERTEX_POINT('',#2963);
#2963 = CARTESIAN_POINT('',(1.6,1.6,1.8));
#2964 = LINE('',#2965,#2966);
#2965 = CARTESIAN_POINT('',(1.6,1.6,0.));
#2966 = VECTOR('',#2967,1.);
#2967 = DIRECTION('',(0.,0.,1.));
#2968 = ORIENTED_EDGE('',*,*,#2969,.T.);
#2969 = EDGE_CURVE('',#2962,#2970,#2972,.T.);
#2970 = VERTEX_POINT('',#2971);
#2971 = CARTESIAN_POINT('',(2.7,1.6,1.8));
#2972 = LINE('',#2973,#2974);
#2973 = CARTESIAN_POINT('',(1.6,1.6,1.8));
#2974 = VECTOR('',#2975,1.);
#2975 = DIRECTION('',(1.,0.,0.));
#2976 = ORIENTED_EDGE('',*,*,#2977,.T.);
#2977 = EDGE_CURVE('',#2970,#2978,#2980,.T.);
#2978 = VERTEX_POINT('',#2979);
#2979 = CARTESIAN_POINT('',(2.7,1.6,0.5));
#2980 = LINE('',#2981,#2982);
#2981 = CARTESIAN_POINT('',(2.7,1.6,0.25));
#2982 = VECTOR('',#2983,1.);
#2983 = DIRECTION('',(0.,0.,-1.));
#2984 = ORIENTED_EDGE('',*,*,#2985,.T.);
#2985 = EDGE_CURVE('',#2978,#2986,#2988,.T.);
#2986 = VERTEX_POINT('',#2987);
#2987 = CARTESIAN_POINT('',(2.9,1.6,0.3));
#2988 = CIRCLE('',#2989,0.2);
#2989 = AXIS2_PLACEMENT_3D('',#2990,#2991,#2992);
#2990 = CARTESIAN_POINT('',(2.9,1.6,0.5));
#2991 = DIRECTION('',(0.,-1.,-2.2E-16));
#2992 = DIRECTION('',(1.,0.,0.));
#2993 = ORIENTED_EDGE('',*,*,#2994,.T.);
#2994 = EDGE_CURVE('',#2986,#2995,#2997,.T.);
#2995 = VERTEX_POINT('',#2996);
#2996 = CARTESIAN_POINT('',(3.4,1.6,0.3));
#2997 = LINE('',#2998,#2999);
#2998 = CARTESIAN_POINT('',(3.05,1.6,0.3));
#2999 = VECTOR('',#3000,1.);
#3000 = DIRECTION('',(1.,0.,0.));
#3001 = ORIENTED_EDGE('',*,*,#3002,.F.);
#3002 = EDGE_CURVE('',#2945,#2995,#3003,.T.);
#3003 = LINE('',#3004,#3005);
#3004 = CARTESIAN_POINT('',(3.4,1.6,0.));
#3005 = VECTOR('',#3006,1.);
#3006 = DIRECTION('',(0.,0.,1.));
#3007 = PLANE('',#3008);
#3008 = AXIS2_PLACEMENT_3D('',#3009,#3010,#3011);
#3009 = CARTESIAN_POINT('',(1.6,1.6,0.));
#3010 = DIRECTION('',(0.,1.,0.));
#3011 = DIRECTION('',(1.,0.,0.));
#3012 = ADVANCED_FACE('',(#3013),#3031,.T.);
#3013 = FACE_BOUND('',#3014,.T.);
#3014 = EDGE_LOOP('',(#3015,#3023,#3029,#3030));
#3015 = ORIENTED_EDGE('',*,*,#3016,.F.);
#3016 = EDGE_CURVE('',#3017,#2943,#3019,.T.);
#3017 = VERTEX_POINT('',#3018);
#3018 = CARTESIAN_POINT('',(1.6,1.4,0.));
#3019 = LINE('',#3020,#3021);
#3020 = CARTESIAN_POINT('',(1.6,1.4,0.));
#3021 = VECTOR('',#3022,1.);
#3022 = DIRECTION('',(0.,1.,0.));
#3023 = ORIENTED_EDGE('',*,*,#3024,.T.);
#3024 = EDGE_CURVE('',#3017,#1477,#3025,.T.);
#3025 = LINE('',#3026,#3027);
#3026 = CARTESIAN_POINT('',(1.6,1.4,0.));
#3027 = VECTOR('',#3028,1.);
#3028 = DIRECTION('',(0.,0.,1.));
#3029 = ORIENTED_EDGE('',*,*,#1484,.F.);
#3030 = ORIENTED_EDGE('',*,*,#2952,.F.);
#3031 = PLANE('',#3032);
#3032 = AXIS2_PLACEMENT_3D('',#3033,#3034,#3035);
#3033 = CARTESIAN_POINT('',(1.6,1.4,0.));
#3034 = DIRECTION('',(-1.,0.,0.));
#3035 = DIRECTION('',(0.,1.,0.));
#3036 = ADVANCED_FACE('',(#3037),#3103,.T.);
#3037 = FACE_BOUND('',#3038,.T.);
#3038 = EDGE_LOOP('',(#3039,#3047,#3055,#3063,#3072,#3080,#3088,#3094,
    #3095,#3101,#3102));
#3039 = ORIENTED_EDGE('',*,*,#3040,.F.);
#3040 = EDGE_CURVE('',#3041,#3017,#3043,.T.);
#3041 = VERTEX_POINT('',#3042);
#3042 = CARTESIAN_POINT('',(3.4,1.4,0.));
#3043 = LINE('',#3044,#3045);
#3044 = CARTESIAN_POINT('',(3.4,1.4,0.));
#3045 = VECTOR('',#3046,1.);
#3046 = DIRECTION('',(-1.,0.,0.));
#3047 = ORIENTED_EDGE('',*,*,#3048,.T.);
#3048 = EDGE_CURVE('',#3041,#3049,#3051,.T.);
#3049 = VERTEX_POINT('',#3050);
#3050 = CARTESIAN_POINT('',(3.4,1.4,0.3));
#3051 = LINE('',#3052,#3053);
#3052 = CARTESIAN_POINT('',(3.4,1.4,0.));
#3053 = VECTOR('',#3054,1.);
#3054 = DIRECTION('',(0.,0.,1.));
#3055 = ORIENTED_EDGE('',*,*,#3056,.T.);
#3056 = EDGE_CURVE('',#3049,#3057,#3059,.T.);
#3057 = VERTEX_POINT('',#3058);
#3058 = CARTESIAN_POINT('',(2.9,1.4,0.3));
#3059 = LINE('',#3060,#3061);
#3060 = CARTESIAN_POINT('',(3.95,1.4,0.3));
#3061 = VECTOR('',#3062,1.);
#3062 = DIRECTION('',(-1.,0.,0.));
#3063 = ORIENTED_EDGE('',*,*,#3064,.F.);
#3064 = EDGE_CURVE('',#3065,#3057,#3067,.T.);
#3065 = VERTEX_POINT('',#3066);
#3066 = CARTESIAN_POINT('',(2.7,1.4,0.5));
#3067 = CIRCLE('',#3068,0.2);
#3068 = AXIS2_PLACEMENT_3D('',#3069,#3070,#3071);
#3069 = CARTESIAN_POINT('',(2.9,1.4,0.5));
#3070 = DIRECTION('',(0.,-1.,-2.2E-16));
#3071 = DIRECTION('',(1.,0.,0.));
#3072 = ORIENTED_EDGE('',*,*,#3073,.T.);
#3073 = EDGE_CURVE('',#3065,#3074,#3076,.T.);
#3074 = VERTEX_POINT('',#3075);
#3075 = CARTESIAN_POINT('',(2.7,1.4,1.8));
#3076 = LINE('',#3077,#3078);
#3077 = CARTESIAN_POINT('',(2.7,1.4,0.25));
#3078 = VECTOR('',#3079,1.);
#3079 = DIRECTION('',(0.,0.,1.));
#3080 = ORIENTED_EDGE('',*,*,#3081,.T.);
#3081 = EDGE_CURVE('',#3074,#3082,#3084,.T.);
#3082 = VERTEX_POINT('',#3083);
#3083 = CARTESIAN_POINT('',(1.6,1.4,1.8));
#3084 = LINE('',#3085,#3086);
#3085 = CARTESIAN_POINT('',(3.4,1.4,1.8));
#3086 = VECTOR('',#3087,1.);
#3087 = DIRECTION('',(-1.,0.,0.));
#3088 = ORIENTED_EDGE('',*,*,#3089,.F.);
#3089 = EDGE_CURVE('',#2101,#3082,#3090,.T.);
#3090 = LINE('',#3091,#3092);
#3091 = CARTESIAN_POINT('',(1.6,1.4,0.));
#3092 = VECTOR('',#3093,1.);
#3093 = DIRECTION('',(0.,0.,1.));
#3094 = ORIENTED_EDGE('',*,*,#2100,.T.);
#3095 = ORIENTED_EDGE('',*,*,#3096,.T.);
#3096 = EDGE_CURVE('',#2093,#1469,#3097,.T.);
#3097 = LINE('',#3098,#3099);
#3098 = CARTESIAN_POINT('',(1.7,1.4,0.1));
#3099 = VECTOR('',#3100,1.);
#3100 = DIRECTION('',(0.,0.,-1.));
#3101 = ORIENTED_EDGE('',*,*,#1476,.F.);
#3102 = ORIENTED_EDGE('',*,*,#3024,.F.);
#3103 = PLANE('',#3104);
#3104 = AXIS2_PLACEMENT_3D('',#3105,#3106,#3107);
#3105 = CARTESIAN_POINT('',(3.4,1.4,0.));
#3106 = DIRECTION('',(0.,-1.,0.));
#3107 = DIRECTION('',(-1.,0.,0.));
#3108 = ADVANCED_FACE('',(#3109),#3120,.T.);
#3109 = FACE_BOUND('',#3110,.T.);
#3110 = EDGE_LOOP('',(#3111,#3112,#3113,#3114));
#3111 = ORIENTED_EDGE('',*,*,#1468,.F.);
#3112 = ORIENTED_EDGE('',*,*,#3096,.F.);
#3113 = ORIENTED_EDGE('',*,*,#2092,.T.);
#3114 = ORIENTED_EDGE('',*,*,#3115,.F.);
#3115 = EDGE_CURVE('',#1461,#2085,#3116,.T.);
#3116 = LINE('',#3117,#3118);
#3117 = CARTESIAN_POINT('',(1.7,1.1,0.1));
#3118 = VECTOR('',#3119,1.);
#3119 = DIRECTION('',(0.,0.,1.));
#3120 = PLANE('',#3121);
#3121 = AXIS2_PLACEMENT_3D('',#3122,#3123,#3124);
#3122 = CARTESIAN_POINT('',(1.7,4.25,0.2));
#3123 = DIRECTION('',(1.,0.,0.));
#3124 = DIRECTION('',(0.,-1.,0.));
#3125 = ADVANCED_FACE('',(#3126),#3194,.T.);
#3126 = FACE_BOUND('',#3127,.T.);
#3127 = EDGE_LOOP('',(#3128,#3138,#3144,#3145,#3146,#3147,#3155,#3163,
    #3171,#3180,#3188));
#3128 = ORIENTED_EDGE('',*,*,#3129,.F.);
#3129 = EDGE_CURVE('',#3130,#3132,#3134,.T.);
#3130 = VERTEX_POINT('',#3131);
#3131 = CARTESIAN_POINT('',(1.6,1.1,0.));
#3132 = VERTEX_POINT('',#3133);
#3133 = CARTESIAN_POINT('',(3.4,1.1,0.));
#3134 = LINE('',#3135,#3136);
#3135 = CARTESIAN_POINT('',(1.6,1.1,0.));
#3136 = VECTOR('',#3137,1.);
#3137 = DIRECTION('',(1.,0.,0.));
#3138 = ORIENTED_EDGE('',*,*,#3139,.T.);
#3139 = EDGE_CURVE('',#3130,#1453,#3140,.T.);
#3140 = LINE('',#3141,#3142);
#3141 = CARTESIAN_POINT('',(1.6,1.1,0.));
#3142 = VECTOR('',#3143,1.);
#3143 = DIRECTION('',(0.,0.,1.));
#3144 = ORIENTED_EDGE('',*,*,#1460,.F.);
#3145 = ORIENTED_EDGE('',*,*,#3115,.T.);
#3146 = ORIENTED_EDGE('',*,*,#2084,.T.);
#3147 = ORIENTED_EDGE('',*,*,#3148,.T.);
#3148 = EDGE_CURVE('',#2077,#3149,#3151,.T.);
#3149 = VERTEX_POINT('',#3150);
#3150 = CARTESIAN_POINT('',(1.6,1.1,1.8));
#3151 = LINE('',#3152,#3153);
#3152 = CARTESIAN_POINT('',(1.6,1.1,0.));
#3153 = VECTOR('',#3154,1.);
#3154 = DIRECTION('',(0.,0.,1.));
#3155 = ORIENTED_EDGE('',*,*,#3156,.T.);
#3156 = EDGE_CURVE('',#3149,#3157,#3159,.T.);
#3157 = VERTEX_POINT('',#3158);
#3158 = CARTESIAN_POINT('',(2.7,1.1,1.8));
#3159 = LINE('',#3160,#3161);
#3160 = CARTESIAN_POINT('',(1.6,1.1,1.8));
#3161 = VECTOR('',#3162,1.);
#3162 = DIRECTION('',(1.,0.,0.));
#3163 = ORIENTED_EDGE('',*,*,#3164,.T.);
#3164 = EDGE_CURVE('',#3157,#3165,#3167,.T.);
#3165 = VERTEX_POINT('',#3166);
#3166 = CARTESIAN_POINT('',(2.7,1.1,0.5));
#3167 = LINE('',#3168,#3169);
#3168 = CARTESIAN_POINT('',(2.7,1.1,0.25));
#3169 = VECTOR('',#3170,1.);
#3170 = DIRECTION('',(0.,0.,-1.));
#3171 = ORIENTED_EDGE('',*,*,#3172,.T.);
#3172 = EDGE_CURVE('',#3165,#3173,#3175,.T.);
#3173 = VERTEX_POINT('',#3174);
#3174 = CARTESIAN_POINT('',(2.9,1.1,0.3));
#3175 = CIRCLE('',#3176,0.2);
#3176 = AXIS2_PLACEMENT_3D('',#3177,#3178,#3179);
#3177 = CARTESIAN_POINT('',(2.9,1.1,0.5));
#3178 = DIRECTION('',(0.,-1.,-2.2E-16));
#3179 = DIRECTION('',(1.,0.,0.));
#3180 = ORIENTED_EDGE('',*,*,#3181,.T.);
#3181 = EDGE_CURVE('',#3173,#3182,#3184,.T.);
#3182 = VERTEX_POINT('',#3183);
#3183 = CARTESIAN_POINT('',(3.4,1.1,0.3));
#3184 = LINE('',#3185,#3186);
#3185 = CARTESIAN_POINT('',(3.05,1.1,0.3));
#3186 = VECTOR('',#3187,1.);
#3187 = DIRECTION('',(1.,0.,0.));
#3188 = ORIENTED_EDGE('',*,*,#3189,.F.);
#3189 = EDGE_CURVE('',#3132,#3182,#3190,.T.);
#3190 = LINE('',#3191,#3192);
#3191 = CARTESIAN_POINT('',(3.4,1.1,0.));
#3192 = VECTOR('',#3193,1.);
#3193 = DIRECTION('',(0.,0.,1.));
#3194 = PLANE('',#3195);
#3195 = AXIS2_PLACEMENT_3D('',#3196,#3197,#3198);
#3196 = CARTESIAN_POINT('',(1.6,1.1,0.));
#3197 = DIRECTION('',(0.,1.,0.));
#3198 = DIRECTION('',(1.,0.,0.));
#3199 = ADVANCED_FACE('',(#3200),#3218,.T.);
#3200 = FACE_BOUND('',#3201,.T.);
#3201 = EDGE_LOOP('',(#3202,#3210,#3216,#3217));
#3202 = ORIENTED_EDGE('',*,*,#3203,.F.);
#3203 = EDGE_CURVE('',#3204,#3130,#3206,.T.);
#3204 = VERTEX_POINT('',#3205);
#3205 = CARTESIAN_POINT('',(1.6,0.9,0.));
#3206 = LINE('',#3207,#3208);
#3207 = CARTESIAN_POINT('',(1.6,0.9,0.));
#3208 = VECTOR('',#3209,1.);
#3209 = DIRECTION('',(0.,1.,0.));
#3210 = ORIENTED_EDGE('',*,*,#3211,.T.);
#3211 = EDGE_CURVE('',#3204,#1445,#3212,.T.);
#3212 = LINE('',#3213,#3214);
#3213 = CARTESIAN_POINT('',(1.6,0.9,0.));
#3214 = VECTOR('',#3215,1.);
#3215 = DIRECTION('',(0.,0.,1.));
#3216 = ORIENTED_EDGE('',*,*,#1452,.F.);
#3217 = ORIENTED_EDGE('',*,*,#3139,.F.);
#3218 = PLANE('',#3219);
#3219 = AXIS2_PLACEMENT_3D('',#3220,#3221,#3222);
#3220 = CARTESIAN_POINT('',(1.6,0.9,0.));
#3221 = DIRECTION('',(-1.,0.,0.));
#3222 = DIRECTION('',(0.,1.,0.));
#3223 = ADVANCED_FACE('',(#3224),#3290,.T.);
#3224 = FACE_BOUND('',#3225,.T.);
#3225 = EDGE_LOOP('',(#3226,#3234,#3242,#3250,#3259,#3267,#3275,#3281,
    #3282,#3288,#3289));
#3226 = ORIENTED_EDGE('',*,*,#3227,.F.);
#3227 = EDGE_CURVE('',#3228,#3204,#3230,.T.);
#3228 = VERTEX_POINT('',#3229);
#3229 = CARTESIAN_POINT('',(3.4,0.9,0.));
#3230 = LINE('',#3231,#3232);
#3231 = CARTESIAN_POINT('',(3.4,0.9,0.));
#3232 = VECTOR('',#3233,1.);
#3233 = DIRECTION('',(-1.,0.,0.));
#3234 = ORIENTED_EDGE('',*,*,#3235,.T.);
#3235 = EDGE_CURVE('',#3228,#3236,#3238,.T.);
#3236 = VERTEX_POINT('',#3237);
#3237 = CARTESIAN_POINT('',(3.4,0.9,0.3));
#3238 = LINE('',#3239,#3240);
#3239 = CARTESIAN_POINT('',(3.4,0.9,0.));
#3240 = VECTOR('',#3241,1.);
#3241 = DIRECTION('',(0.,0.,1.));
#3242 = ORIENTED_EDGE('',*,*,#3243,.T.);
#3243 = EDGE_CURVE('',#3236,#3244,#3246,.T.);
#3244 = VERTEX_POINT('',#3245);
#3245 = CARTESIAN_POINT('',(2.9,0.9,0.3));
#3246 = LINE('',#3247,#3248);
#3247 = CARTESIAN_POINT('',(3.95,0.9,0.3));
#3248 = VECTOR('',#3249,1.);
#3249 = DIRECTION('',(-1.,0.,0.));
#3250 = ORIENTED_EDGE('',*,*,#3251,.F.);
#3251 = EDGE_CURVE('',#3252,#3244,#3254,.T.);
#3252 = VERTEX_POINT('',#3253);
#3253 = CARTESIAN_POINT('',(2.7,0.9,0.5));
#3254 = CIRCLE('',#3255,0.2);
#3255 = AXIS2_PLACEMENT_3D('',#3256,#3257,#3258);
#3256 = CARTESIAN_POINT('',(2.9,0.9,0.5));
#3257 = DIRECTION('',(0.,-1.,-2.2E-16));
#3258 = DIRECTION('',(1.,0.,0.));
#3259 = ORIENTED_EDGE('',*,*,#3260,.T.);
#3260 = EDGE_CURVE('',#3252,#3261,#3263,.T.);
#3261 = VERTEX_POINT('',#3262);
#3262 = CARTESIAN_POINT('',(2.7,0.9,1.8));
#3263 = LINE('',#3264,#3265);
#3264 = CARTESIAN_POINT('',(2.7,0.9,0.25));
#3265 = VECTOR('',#3266,1.);
#3266 = DIRECTION('',(0.,0.,1.));
#3267 = ORIENTED_EDGE('',*,*,#3268,.T.);
#3268 = EDGE_CURVE('',#3261,#3269,#3271,.T.);
#3269 = VERTEX_POINT('',#3270);
#3270 = CARTESIAN_POINT('',(1.6,0.9,1.8));
#3271 = LINE('',#3272,#3273);
#3272 = CARTESIAN_POINT('',(3.4,0.9,1.8));
#3273 = VECTOR('',#3274,1.);
#3274 = DIRECTION('',(-1.,0.,0.));
#3275 = ORIENTED_EDGE('',*,*,#3276,.F.);
#3276 = EDGE_CURVE('',#2069,#3269,#3277,.T.);
#3277 = LINE('',#3278,#3279);
#3278 = CARTESIAN_POINT('',(1.6,0.9,0.));
#3279 = VECTOR('',#3280,1.);
#3280 = DIRECTION('',(0.,0.,1.));
#3281 = ORIENTED_EDGE('',*,*,#2068,.T.);
#3282 = ORIENTED_EDGE('',*,*,#3283,.T.);
#3283 = EDGE_CURVE('',#2061,#1437,#3284,.T.);
#3284 = LINE('',#3285,#3286);
#3285 = CARTESIAN_POINT('',(1.7,0.9,0.1));
#3286 = VECTOR('',#3287,1.);
#3287 = DIRECTION('',(0.,0.,-1.));
#3288 = ORIENTED_EDGE('',*,*,#1444,.F.);
#3289 = ORIENTED_EDGE('',*,*,#3211,.F.);
#3290 = PLANE('',#3291);
#3291 = AXIS2_PLACEMENT_3D('',#3292,#3293,#3294);
#3292 = CARTESIAN_POINT('',(3.4,0.9,0.));
#3293 = DIRECTION('',(0.,-1.,0.));
#3294 = DIRECTION('',(-1.,0.,0.));
#3295 = ADVANCED_FACE('',(#3296),#3307,.T.);
#3296 = FACE_BOUND('',#3297,.T.);
#3297 = EDGE_LOOP('',(#3298,#3299,#3300,#3301));
#3298 = ORIENTED_EDGE('',*,*,#1436,.F.);
#3299 = ORIENTED_EDGE('',*,*,#3283,.F.);
#3300 = ORIENTED_EDGE('',*,*,#2060,.T.);
#3301 = ORIENTED_EDGE('',*,*,#3302,.F.);
#3302 = EDGE_CURVE('',#1429,#2053,#3303,.T.);
#3303 = LINE('',#3304,#3305);
#3304 = CARTESIAN_POINT('',(1.7,0.6,0.1));
#3305 = VECTOR('',#3306,1.);
#3306 = DIRECTION('',(0.,0.,1.));
#3307 = PLANE('',#3308);
#3308 = AXIS2_PLACEMENT_3D('',#3309,#3310,#3311);
#3309 = CARTESIAN_POINT('',(1.7,4.25,0.2));
#3310 = DIRECTION('',(1.,0.,0.));
#3311 = DIRECTION('',(0.,-1.,0.));
#3312 = ADVANCED_FACE('',(#3313),#3381,.T.);
#3313 = FACE_BOUND('',#3314,.T.);
#3314 = EDGE_LOOP('',(#3315,#3325,#3331,#3332,#3333,#3334,#3342,#3350,
    #3358,#3367,#3375));
#3315 = ORIENTED_EDGE('',*,*,#3316,.F.);
#3316 = EDGE_CURVE('',#3317,#3319,#3321,.T.);
#3317 = VERTEX_POINT('',#3318);
#3318 = CARTESIAN_POINT('',(1.6,0.6,0.));
#3319 = VERTEX_POINT('',#3320);
#3320 = CARTESIAN_POINT('',(3.4,0.6,0.));
#3321 = LINE('',#3322,#3323);
#3322 = CARTESIAN_POINT('',(1.6,0.6,0.));
#3323 = VECTOR('',#3324,1.);
#3324 = DIRECTION('',(1.,0.,0.));
#3325 = ORIENTED_EDGE('',*,*,#3326,.T.);
#3326 = EDGE_CURVE('',#3317,#1421,#3327,.T.);
#3327 = LINE('',#3328,#3329);
#3328 = CARTESIAN_POINT('',(1.6,0.6,0.));
#3329 = VECTOR('',#3330,1.);
#3330 = DIRECTION('',(0.,0.,1.));
#3331 = ORIENTED_EDGE('',*,*,#1428,.F.);
#3332 = ORIENTED_EDGE('',*,*,#3302,.T.);
#3333 = ORIENTED_EDGE('',*,*,#2052,.T.);
#3334 = ORIENTED_EDGE('',*,*,#3335,.T.);
#3335 = EDGE_CURVE('',#2045,#3336,#3338,.T.);
#3336 = VERTEX_POINT('',#3337);
#3337 = CARTESIAN_POINT('',(1.6,0.6,1.8));
#3338 = LINE('',#3339,#3340);
#3339 = CARTESIAN_POINT('',(1.6,0.6,0.));
#3340 = VECTOR('',#3341,1.);
#3341 = DIRECTION('',(0.,0.,1.));
#3342 = ORIENTED_EDGE('',*,*,#3343,.T.);
#3343 = EDGE_CURVE('',#3336,#3344,#3346,.T.);
#3344 = VERTEX_POINT('',#3345);
#3345 = CARTESIAN_POINT('',(2.7,0.6,1.8));
#3346 = LINE('',#3347,#3348);
#3347 = CARTESIAN_POINT('',(1.6,0.6,1.8));
#3348 = VECTOR('',#3349,1.);
#3349 = DIRECTION('',(1.,0.,0.));
#3350 = ORIENTED_EDGE('',*,*,#3351,.T.);
#3351 = EDGE_CURVE('',#3344,#3352,#3354,.T.);
#3352 = VERTEX_POINT('',#3353);
#3353 = CARTESIAN_POINT('',(2.7,0.6,0.5));
#3354 = LINE('',#3355,#3356);
#3355 = CARTESIAN_POINT('',(2.7,0.6,0.25));
#3356 = VECTOR('',#3357,1.);
#3357 = DIRECTION('',(0.,0.,-1.));
#3358 = ORIENTED_EDGE('',*,*,#3359,.T.);
#3359 = EDGE_CURVE('',#3352,#3360,#3362,.T.);
#3360 = VERTEX_POINT('',#3361);
#3361 = CARTESIAN_POINT('',(2.9,0.6,0.3));
#3362 = CIRCLE('',#3363,0.2);
#3363 = AXIS2_PLACEMENT_3D('',#3364,#3365,#3366);
#3364 = CARTESIAN_POINT('',(2.9,0.6,0.5));
#3365 = DIRECTION('',(0.,-1.,-2.2E-16));
#3366 = DIRECTION('',(1.,0.,0.));
#3367 = ORIENTED_EDGE('',*,*,#3368,.T.);
#3368 = EDGE_CURVE('',#3360,#3369,#3371,.T.);
#3369 = VERTEX_POINT('',#3370);
#3370 = CARTESIAN_POINT('',(3.4,0.6,0.3));
#3371 = LINE('',#3372,#3373);
#3372 = CARTESIAN_POINT('',(3.05,0.6,0.3));
#3373 = VECTOR('',#3374,1.);
#3374 = DIRECTION('',(1.,0.,0.));
#3375 = ORIENTED_EDGE('',*,*,#3376,.F.);
#3376 = EDGE_CURVE('',#3319,#3369,#3377,.T.);
#3377 = LINE('',#3378,#3379);
#3378 = CARTESIAN_POINT('',(3.4,0.6,0.));
#3379 = VECTOR('',#3380,1.);
#3380 = DIRECTION('',(0.,0.,1.));
#3381 = PLANE('',#3382);
#3382 = AXIS2_PLACEMENT_3D('',#3383,#3384,#3385);
#3383 = CARTESIAN_POINT('',(1.6,0.6,0.));
#3384 = DIRECTION('',(0.,1.,0.));
#3385 = DIRECTION('',(1.,0.,0.));
#3386 = ADVANCED_FACE('',(#3387),#3405,.T.);
#3387 = FACE_BOUND('',#3388,.T.);
#3388 = EDGE_LOOP('',(#3389,#3397,#3403,#3404));
#3389 = ORIENTED_EDGE('',*,*,#3390,.F.);
#3390 = EDGE_CURVE('',#3391,#3317,#3393,.T.);
#3391 = VERTEX_POINT('',#3392);
#3392 = CARTESIAN_POINT('',(1.6,0.4,0.));
#3393 = LINE('',#3394,#3395);
#3394 = CARTESIAN_POINT('',(1.6,0.4,0.));
#3395 = VECTOR('',#3396,1.);
#3396 = DIRECTION('',(0.,1.,0.));
#3397 = ORIENTED_EDGE('',*,*,#3398,.T.);
#3398 = EDGE_CURVE('',#3391,#1413,#3399,.T.);
#3399 = LINE('',#3400,#3401);
#3400 = CARTESIAN_POINT('',(1.6,0.4,0.));
#3401 = VECTOR('',#3402,1.);
#3402 = DIRECTION('',(0.,0.,1.));
#3403 = ORIENTED_EDGE('',*,*,#1420,.F.);
#3404 = ORIENTED_EDGE('',*,*,#3326,.F.);
#3405 = PLANE('',#3406);
#3406 = AXIS2_PLACEMENT_3D('',#3407,#3408,#3409);
#3407 = CARTESIAN_POINT('',(1.6,0.4,0.));
#3408 = DIRECTION('',(-1.,0.,0.));
#3409 = DIRECTION('',(0.,1.,0.));
#3410 = ADVANCED_FACE('',(#3411),#3477,.T.);
#3411 = FACE_BOUND('',#3412,.T.);
#3412 = EDGE_LOOP('',(#3413,#3421,#3429,#3437,#3446,#3454,#3462,#3468,
    #3469,#3475,#3476));
#3413 = ORIENTED_EDGE('',*,*,#3414,.F.);
#3414 = EDGE_CURVE('',#3415,#3391,#3417,.T.);
#3415 = VERTEX_POINT('',#3416);
#3416 = CARTESIAN_POINT('',(3.4,0.4,0.));
#3417 = LINE('',#3418,#3419);
#3418 = CARTESIAN_POINT('',(3.4,0.4,0.));
#3419 = VECTOR('',#3420,1.);
#3420 = DIRECTION('',(-1.,0.,0.));
#3421 = ORIENTED_EDGE('',*,*,#3422,.T.);
#3422 = EDGE_CURVE('',#3415,#3423,#3425,.T.);
#3423 = VERTEX_POINT('',#3424);
#3424 = CARTESIAN_POINT('',(3.4,0.4,0.3));
#3425 = LINE('',#3426,#3427);
#3426 = CARTESIAN_POINT('',(3.4,0.4,0.));
#3427 = VECTOR('',#3428,1.);
#3428 = DIRECTION('',(0.,0.,1.));
#3429 = ORIENTED_EDGE('',*,*,#3430,.T.);
#3430 = EDGE_CURVE('',#3423,#3431,#3433,.T.);
#3431 = VERTEX_POINT('',#3432);
#3432 = CARTESIAN_POINT('',(2.9,0.4,0.3));
#3433 = LINE('',#3434,#3435);
#3434 = CARTESIAN_POINT('',(3.95,0.4,0.3));
#3435 = VECTOR('',#3436,1.);
#3436 = DIRECTION('',(-1.,0.,0.));
#3437 = ORIENTED_EDGE('',*,*,#3438,.F.);
#3438 = EDGE_CURVE('',#3439,#3431,#3441,.T.);
#3439 = VERTEX_POINT('',#3440);
#3440 = CARTESIAN_POINT('',(2.7,0.4,0.5));
#3441 = CIRCLE('',#3442,0.2);
#3442 = AXIS2_PLACEMENT_3D('',#3443,#3444,#3445);
#3443 = CARTESIAN_POINT('',(2.9,0.4,0.5));
#3444 = DIRECTION('',(0.,-1.,-2.2E-16));
#3445 = DIRECTION('',(1.,0.,0.));
#3446 = ORIENTED_EDGE('',*,*,#3447,.T.);
#3447 = EDGE_CURVE('',#3439,#3448,#3450,.T.);
#3448 = VERTEX_POINT('',#3449);
#3449 = CARTESIAN_POINT('',(2.7,0.4,1.8));
#3450 = LINE('',#3451,#3452);
#3451 = CARTESIAN_POINT('',(2.7,0.4,0.25));
#3452 = VECTOR('',#3453,1.);
#3453 = DIRECTION('',(0.,0.,1.));
#3454 = ORIENTED_EDGE('',*,*,#3455,.T.);
#3455 = EDGE_CURVE('',#3448,#3456,#3458,.T.);
#3456 = VERTEX_POINT('',#3457);
#3457 = CARTESIAN_POINT('',(1.6,0.4,1.8));
#3458 = LINE('',#3459,#3460);
#3459 = CARTESIAN_POINT('',(3.4,0.4,1.8));
#3460 = VECTOR('',#3461,1.);
#3461 = DIRECTION('',(-1.,0.,0.));
#3462 = ORIENTED_EDGE('',*,*,#3463,.F.);
#3463 = EDGE_CURVE('',#2037,#3456,#3464,.T.);
#3464 = LINE('',#3465,#3466);
#3465 = CARTESIAN_POINT('',(1.6,0.4,0.));
#3466 = VECTOR('',#3467,1.);
#3467 = DIRECTION('',(0.,0.,1.));
#3468 = ORIENTED_EDGE('',*,*,#2036,.T.);
#3469 = ORIENTED_EDGE('',*,*,#3470,.T.);
#3470 = EDGE_CURVE('',#2029,#1405,#3471,.T.);
#3471 = LINE('',#3472,#3473);
#3472 = CARTESIAN_POINT('',(1.7,0.4,0.1));
#3473 = VECTOR('',#3474,1.);
#3474 = DIRECTION('',(0.,0.,-1.));
#3475 = ORIENTED_EDGE('',*,*,#1412,.F.);
#3476 = ORIENTED_EDGE('',*,*,#3398,.F.);
#3477 = PLANE('',#3478);
#3478 = AXIS2_PLACEMENT_3D('',#3479,#3480,#3481);
#3479 = CARTESIAN_POINT('',(3.4,0.4,0.));
#3480 = DIRECTION('',(0.,-1.,0.));
#3481 = DIRECTION('',(-1.,0.,0.));
#3482 = ADVANCED_FACE('',(#3483),#3494,.T.);
#3483 = FACE_BOUND('',#3484,.T.);
#3484 = EDGE_LOOP('',(#3485,#3486,#3487,#3488));
#3485 = ORIENTED_EDGE('',*,*,#1404,.F.);
#3486 = ORIENTED_EDGE('',*,*,#3470,.F.);
#3487 = ORIENTED_EDGE('',*,*,#2028,.T.);
#3488 = ORIENTED_EDGE('',*,*,#3489,.F.);
#3489 = EDGE_CURVE('',#1397,#2021,#3490,.T.);
#3490 = LINE('',#3491,#3492);
#3491 = CARTESIAN_POINT('',(1.7,0.1,0.1));
#3492 = VECTOR('',#3493,1.);
#3493 = DIRECTION('',(0.,0.,1.));
#3494 = PLANE('',#3495);
#3495 = AXIS2_PLACEMENT_3D('',#3496,#3497,#3498);
#3496 = CARTESIAN_POINT('',(1.7,4.25,0.2));
#3497 = DIRECTION('',(1.,0.,0.));
#3498 = DIRECTION('',(0.,-1.,0.));
#3499 = ADVANCED_FACE('',(#3500),#3568,.T.);
#3500 = FACE_BOUND('',#3501,.T.);
#3501 = EDGE_LOOP('',(#3502,#3512,#3518,#3519,#3520,#3521,#3529,#3537,
    #3545,#3554,#3562));
#3502 = ORIENTED_EDGE('',*,*,#3503,.F.);
#3503 = EDGE_CURVE('',#3504,#3506,#3508,.T.);
#3504 = VERTEX_POINT('',#3505);
#3505 = CARTESIAN_POINT('',(1.6,0.1,0.));
#3506 = VERTEX_POINT('',#3507);
#3507 = CARTESIAN_POINT('',(3.4,0.1,0.));
#3508 = LINE('',#3509,#3510);
#3509 = CARTESIAN_POINT('',(1.6,0.1,0.));
#3510 = VECTOR('',#3511,1.);
#3511 = DIRECTION('',(1.,0.,0.));
#3512 = ORIENTED_EDGE('',*,*,#3513,.T.);
#3513 = EDGE_CURVE('',#3504,#1389,#3514,.T.);
#3514 = LINE('',#3515,#3516);
#3515 = CARTESIAN_POINT('',(1.6,0.1,0.));
#3516 = VECTOR('',#3517,1.);
#3517 = DIRECTION('',(0.,0.,1.));
#3518 = ORIENTED_EDGE('',*,*,#1396,.F.);
#3519 = ORIENTED_EDGE('',*,*,#3489,.T.);
#3520 = ORIENTED_EDGE('',*,*,#2020,.T.);
#3521 = ORIENTED_EDGE('',*,*,#3522,.T.);
#3522 = EDGE_CURVE('',#2013,#3523,#3525,.T.);
#3523 = VERTEX_POINT('',#3524);
#3524 = CARTESIAN_POINT('',(1.6,0.1,1.8));
#3525 = LINE('',#3526,#3527);
#3526 = CARTESIAN_POINT('',(1.6,0.1,0.));
#3527 = VECTOR('',#3528,1.);
#3528 = DIRECTION('',(0.,0.,1.));
#3529 = ORIENTED_EDGE('',*,*,#3530,.T.);
#3530 = EDGE_CURVE('',#3523,#3531,#3533,.T.);
#3531 = VERTEX_POINT('',#3532);
#3532 = CARTESIAN_POINT('',(2.7,0.1,1.8));
#3533 = LINE('',#3534,#3535);
#3534 = CARTESIAN_POINT('',(1.6,0.1,1.8));
#3535 = VECTOR('',#3536,1.);
#3536 = DIRECTION('',(1.,0.,0.));
#3537 = ORIENTED_EDGE('',*,*,#3538,.T.);
#3538 = EDGE_CURVE('',#3531,#3539,#3541,.T.);
#3539 = VERTEX_POINT('',#3540);
#3540 = CARTESIAN_POINT('',(2.7,0.1,0.5));
#3541 = LINE('',#3542,#3543);
#3542 = CARTESIAN_POINT('',(2.7,0.1,0.25));
#3543 = VECTOR('',#3544,1.);
#3544 = DIRECTION('',(0.,0.,-1.));
#3545 = ORIENTED_EDGE('',*,*,#3546,.T.);
#3546 = EDGE_CURVE('',#3539,#3547,#3549,.T.);
#3547 = VERTEX_POINT('',#3548);
#3548 = CARTESIAN_POINT('',(2.9,0.1,0.3));
#3549 = CIRCLE('',#3550,0.2);
#3550 = AXIS2_PLACEMENT_3D('',#3551,#3552,#3553);
#3551 = CARTESIAN_POINT('',(2.9,0.1,0.5));
#3552 = DIRECTION('',(0.,-1.,-2.2E-16));
#3553 = DIRECTION('',(1.,0.,0.));
#3554 = ORIENTED_EDGE('',*,*,#3555,.T.);
#3555 = EDGE_CURVE('',#3547,#3556,#3558,.T.);
#3556 = VERTEX_POINT('',#3557);
#3557 = CARTESIAN_POINT('',(3.4,0.1,0.3));
#3558 = LINE('',#3559,#3560);
#3559 = CARTESIAN_POINT('',(3.05,0.1,0.3));
#3560 = VECTOR('',#3561,1.);
#3561 = DIRECTION('',(1.,0.,0.));
#3562 = ORIENTED_EDGE('',*,*,#3563,.F.);
#3563 = EDGE_CURVE('',#3506,#3556,#3564,.T.);
#3564 = LINE('',#3565,#3566);
#3565 = CARTESIAN_POINT('',(3.4,0.1,0.));
#3566 = VECTOR('',#3567,1.);
#3567 = DIRECTION('',(0.,0.,1.));
#3568 = PLANE('',#3569);
#3569 = AXIS2_PLACEMENT_3D('',#3570,#3571,#3572);
#3570 = CARTESIAN_POINT('',(1.6,0.1,0.));
#3571 = DIRECTION('',(0.,1.,0.));
#3572 = DIRECTION('',(1.,0.,0.));
#3573 = ADVANCED_FACE('',(#3574),#3592,.T.);
#3574 = FACE_BOUND('',#3575,.T.);
#3575 = EDGE_LOOP('',(#3576,#3584,#3590,#3591));
#3576 = ORIENTED_EDGE('',*,*,#3577,.F.);
#3577 = EDGE_CURVE('',#3578,#3504,#3580,.T.);
#3578 = VERTEX_POINT('',#3579);
#3579 = CARTESIAN_POINT('',(1.6,-0.1,0.));
#3580 = LINE('',#3581,#3582);
#3581 = CARTESIAN_POINT('',(1.6,-0.1,0.));
#3582 = VECTOR('',#3583,1.);
#3583 = DIRECTION('',(0.,1.,0.));
#3584 = ORIENTED_EDGE('',*,*,#3585,.T.);
#3585 = EDGE_CURVE('',#3578,#1381,#3586,.T.);
#3586 = LINE('',#3587,#3588);
#3587 = CARTESIAN_POINT('',(1.6,-0.1,0.));
#3588 = VECTOR('',#3589,1.);
#3589 = DIRECTION('',(0.,0.,1.));
#3590 = ORIENTED_EDGE('',*,*,#1388,.F.);
#3591 = ORIENTED_EDGE('',*,*,#3513,.F.);
#3592 = PLANE('',#3593);
#3593 = AXIS2_PLACEMENT_3D('',#3594,#3595,#3596);
#3594 = CARTESIAN_POINT('',(1.6,-0.1,0.));
#3595 = DIRECTION('',(-1.,0.,0.));
#3596 = DIRECTION('',(0.,1.,0.));
#3597 = ADVANCED_FACE('',(#3598),#3664,.T.);
#3598 = FACE_BOUND('',#3599,.T.);
#3599 = EDGE_LOOP('',(#3600,#3608,#3616,#3624,#3633,#3641,#3649,#3655,
    #3656,#3662,#3663));
#3600 = ORIENTED_EDGE('',*,*,#3601,.F.);
#3601 = EDGE_CURVE('',#3602,#3578,#3604,.T.);
#3602 = VERTEX_POINT('',#3603);
#3603 = CARTESIAN_POINT('',(3.4,-0.1,0.));
#3604 = LINE('',#3605,#3606);
#3605 = CARTESIAN_POINT('',(3.4,-0.1,0.));
#3606 = VECTOR('',#3607,1.);
#3607 = DIRECTION('',(-1.,0.,0.));
#3608 = ORIENTED_EDGE('',*,*,#3609,.T.);
#3609 = EDGE_CURVE('',#3602,#3610,#3612,.T.);
#3610 = VERTEX_POINT('',#3611);
#3611 = CARTESIAN_POINT('',(3.4,-0.1,0.3));
#3612 = LINE('',#3613,#3614);
#3613 = CARTESIAN_POINT('',(3.4,-0.1,0.));
#3614 = VECTOR('',#3615,1.);
#3615 = DIRECTION('',(0.,0.,1.));
#3616 = ORIENTED_EDGE('',*,*,#3617,.T.);
#3617 = EDGE_CURVE('',#3610,#3618,#3620,.T.);
#3618 = VERTEX_POINT('',#3619);
#3619 = CARTESIAN_POINT('',(2.9,-0.1,0.3));
#3620 = LINE('',#3621,#3622);
#3621 = CARTESIAN_POINT('',(3.95,-0.1,0.3));
#3622 = VECTOR('',#3623,1.);
#3623 = DIRECTION('',(-1.,0.,0.));
#3624 = ORIENTED_EDGE('',*,*,#3625,.F.);
#3625 = EDGE_CURVE('',#3626,#3618,#3628,.T.);
#3626 = VERTEX_POINT('',#3627);
#3627 = CARTESIAN_POINT('',(2.7,-0.1,0.5));
#3628 = CIRCLE('',#3629,0.2);
#3629 = AXIS2_PLACEMENT_3D('',#3630,#3631,#3632);
#3630 = CARTESIAN_POINT('',(2.9,-0.1,0.5));
#3631 = DIRECTION('',(0.,-1.,-2.2E-16));
#3632 = DIRECTION('',(1.,0.,0.));
#3633 = ORIENTED_EDGE('',*,*,#3634,.T.);
#3634 = EDGE_CURVE('',#3626,#3635,#3637,.T.);
#3635 = VERTEX_POINT('',#3636);
#3636 = CARTESIAN_POINT('',(2.7,-0.1,1.8));
#3637 = LINE('',#3638,#3639);
#3638 = CARTESIAN_POINT('',(2.7,-0.1,0.25));
#3639 = VECTOR('',#3640,1.);
#3640 = DIRECTION('',(0.,0.,1.));
#3641 = ORIENTED_EDGE('',*,*,#3642,.T.);
#3642 = EDGE_CURVE('',#3635,#3643,#3645,.T.);
#3643 = VERTEX_POINT('',#3644);
#3644 = CARTESIAN_POINT('',(1.6,-0.1,1.8));
#3645 = LINE('',#3646,#3647);
#3646 = CARTESIAN_POINT('',(3.4,-0.1,1.8));
#3647 = VECTOR('',#3648,1.);
#3648 = DIRECTION('',(-1.,0.,0.));
#3649 = ORIENTED_EDGE('',*,*,#3650,.F.);
#3650 = EDGE_CURVE('',#2005,#3643,#3651,.T.);
#3651 = LINE('',#3652,#3653);
#3652 = CARTESIAN_POINT('',(1.6,-0.1,0.));
#3653 = VECTOR('',#3654,1.);
#3654 = DIRECTION('',(0.,0.,1.));
#3655 = ORIENTED_EDGE('',*,*,#2004,.T.);
#3656 = ORIENTED_EDGE('',*,*,#3657,.T.);
#3657 = EDGE_CURVE('',#1997,#1373,#3658,.T.);
#3658 = LINE('',#3659,#3660);
#3659 = CARTESIAN_POINT('',(1.7,-0.1,0.1));
#3660 = VECTOR('',#3661,1.);
#3661 = DIRECTION('',(0.,0.,-1.));
#3662 = ORIENTED_EDGE('',*,*,#1380,.F.);
#3663 = ORIENTED_EDGE('',*,*,#3585,.F.);
#3664 = PLANE('',#3665);
#3665 = AXIS2_PLACEMENT_3D('',#3666,#3667,#3668);
#3666 = CARTESIAN_POINT('',(3.4,-0.1,0.));
#3667 = DIRECTION('',(0.,-1.,0.));
#3668 = DIRECTION('',(-1.,0.,0.));
#3669 = ADVANCED_FACE('',(#3670),#3681,.T.);
#3670 = FACE_BOUND('',#3671,.T.);
#3671 = EDGE_LOOP('',(#3672,#3673,#3674,#3675));
#3672 = ORIENTED_EDGE('',*,*,#1372,.F.);
#3673 = ORIENTED_EDGE('',*,*,#3657,.F.);
#3674 = ORIENTED_EDGE('',*,*,#1996,.T.);
#3675 = ORIENTED_EDGE('',*,*,#3676,.F.);
#3676 = EDGE_CURVE('',#1365,#1989,#3677,.T.);
#3677 = LINE('',#3678,#3679);
#3678 = CARTESIAN_POINT('',(1.7,-0.4,0.1));
#3679 = VECTOR('',#3680,1.);
#3680 = DIRECTION('',(0.,0.,1.));
#3681 = PLANE('',#3682);
#3682 = AXIS2_PLACEMENT_3D('',#3683,#3684,#3685);
#3683 = CARTESIAN_POINT('',(1.7,4.25,0.2));
#3684 = DIRECTION('',(1.,0.,0.));
#3685 = DIRECTION('',(0.,-1.,0.));
#3686 = ADVANCED_FACE('',(#3687),#3755,.T.);
#3687 = FACE_BOUND('',#3688,.T.);
#3688 = EDGE_LOOP('',(#3689,#3699,#3705,#3706,#3707,#3708,#3716,#3724,
    #3732,#3741,#3749));
#3689 = ORIENTED_EDGE('',*,*,#3690,.F.);
#3690 = EDGE_CURVE('',#3691,#3693,#3695,.T.);
#3691 = VERTEX_POINT('',#3692);
#3692 = CARTESIAN_POINT('',(1.6,-0.4,0.));
#3693 = VERTEX_POINT('',#3694);
#3694 = CARTESIAN_POINT('',(3.4,-0.4,0.));
#3695 = LINE('',#3696,#3697);
#3696 = CARTESIAN_POINT('',(1.6,-0.4,0.));
#3697 = VECTOR('',#3698,1.);
#3698 = DIRECTION('',(1.,0.,0.));
#3699 = ORIENTED_EDGE('',*,*,#3700,.T.);
#3700 = EDGE_CURVE('',#3691,#1357,#3701,.T.);
#3701 = LINE('',#3702,#3703);
#3702 = CARTESIAN_POINT('',(1.6,-0.4,0.));
#3703 = VECTOR('',#3704,1.);
#3704 = DIRECTION('',(0.,0.,1.));
#3705 = ORIENTED_EDGE('',*,*,#1364,.F.);
#3706 = ORIENTED_EDGE('',*,*,#3676,.T.);
#3707 = ORIENTED_EDGE('',*,*,#1988,.T.);
#3708 = ORIENTED_EDGE('',*,*,#3709,.T.);
#3709 = EDGE_CURVE('',#1981,#3710,#3712,.T.);
#3710 = VERTEX_POINT('',#3711);
#3711 = CARTESIAN_POINT('',(1.6,-0.4,1.8));
#3712 = LINE('',#3713,#3714);
#3713 = CARTESIAN_POINT('',(1.6,-0.4,0.));
#3714 = VECTOR('',#3715,1.);
#3715 = DIRECTION('',(0.,0.,1.));
#3716 = ORIENTED_EDGE('',*,*,#3717,.T.);
#3717 = EDGE_CURVE('',#3710,#3718,#3720,.T.);
#3718 = VERTEX_POINT('',#3719);
#3719 = CARTESIAN_POINT('',(2.7,-0.4,1.8));
#3720 = LINE('',#3721,#3722);
#3721 = CARTESIAN_POINT('',(1.6,-0.4,1.8));
#3722 = VECTOR('',#3723,1.);
#3723 = DIRECTION('',(1.,0.,0.));
#3724 = ORIENTED_EDGE('',*,*,#3725,.T.);
#3725 = EDGE_CURVE('',#3718,#3726,#3728,.T.);
#3726 = VERTEX_POINT('',#3727);
#3727 = CARTESIAN_POINT('',(2.7,-0.4,0.5));
#3728 = LINE('',#3729,#3730);
#3729 = CARTESIAN_POINT('',(2.7,-0.4,0.25));
#3730 = VECTOR('',#3731,1.);
#3731 = DIRECTION('',(0.,0.,-1.));
#3732 = ORIENTED_EDGE('',*,*,#3733,.T.);
#3733 = EDGE_CURVE('',#3726,#3734,#3736,.T.);
#3734 = VERTEX_POINT('',#3735);
#3735 = CARTESIAN_POINT('',(2.9,-0.4,0.3));
#3736 = CIRCLE('',#3737,0.2);
#3737 = AXIS2_PLACEMENT_3D('',#3738,#3739,#3740);
#3738 = CARTESIAN_POINT('',(2.9,-0.4,0.5));
#3739 = DIRECTION('',(0.,-1.,-2.2E-16));
#3740 = DIRECTION('',(1.,0.,0.));
#3741 = ORIENTED_EDGE('',*,*,#3742,.T.);
#3742 = EDGE_CURVE('',#3734,#3743,#3745,.T.);
#3743 = VERTEX_POINT('',#3744);
#3744 = CARTESIAN_POINT('',(3.4,-0.4,0.3));
#3745 = LINE('',#3746,#3747);
#3746 = CARTESIAN_POINT('',(3.05,-0.4,0.3));
#3747 = VECTOR('',#3748,1.);
#3748 = DIRECTION('',(1.,0.,0.));
#3749 = ORIENTED_EDGE('',*,*,#3750,.F.);
#3750 = EDGE_CURVE('',#3693,#3743,#3751,.T.);
#3751 = LINE('',#3752,#3753);
#3752 = CARTESIAN_POINT('',(3.4,-0.4,0.));
#3753 = VECTOR('',#3754,1.);
#3754 = DIRECTION('',(0.,0.,1.));
#3755 = PLANE('',#3756);
#3756 = AXIS2_PLACEMENT_3D('',#3757,#3758,#3759);
#3757 = CARTESIAN_POINT('',(1.6,-0.4,0.));
#3758 = DIRECTION('',(0.,1.,0.));
#3759 = DIRECTION('',(1.,0.,0.));
#3760 = ADVANCED_FACE('',(#3761),#3779,.T.);
#3761 = FACE_BOUND('',#3762,.T.);
#3762 = EDGE_LOOP('',(#3763,#3771,#3777,#3778));
#3763 = ORIENTED_EDGE('',*,*,#3764,.F.);
#3764 = EDGE_CURVE('',#3765,#3691,#3767,.T.);
#3765 = VERTEX_POINT('',#3766);
#3766 = CARTESIAN_POINT('',(1.6,-0.6,0.));
#3767 = LINE('',#3768,#3769);
#3768 = CARTESIAN_POINT('',(1.6,-0.6,0.));
#3769 = VECTOR('',#3770,1.);
#3770 = DIRECTION('',(0.,1.,0.));
#3771 = ORIENTED_EDGE('',*,*,#3772,.T.);
#3772 = EDGE_CURVE('',#3765,#1349,#3773,.T.);
#3773 = LINE('',#3774,#3775);
#3774 = CARTESIAN_POINT('',(1.6,-0.6,0.));
#3775 = VECTOR('',#3776,1.);
#3776 = DIRECTION('',(0.,0.,1.));
#3777 = ORIENTED_EDGE('',*,*,#1356,.F.);
#3778 = ORIENTED_EDGE('',*,*,#3700,.F.);
#3779 = PLANE('',#3780);
#3780 = AXIS2_PLACEMENT_3D('',#3781,#3782,#3783);
#3781 = CARTESIAN_POINT('',(1.6,-0.6,0.));
#3782 = DIRECTION('',(-1.,0.,0.));
#3783 = DIRECTION('',(0.,1.,0.));
#3784 = ADVANCED_FACE('',(#3785),#3851,.T.);
#3785 = FACE_BOUND('',#3786,.T.);
#3786 = EDGE_LOOP('',(#3787,#3795,#3803,#3811,#3820,#3828,#3836,#3842,
    #3843,#3849,#3850));
#3787 = ORIENTED_EDGE('',*,*,#3788,.F.);
#3788 = EDGE_CURVE('',#3789,#3765,#3791,.T.);
#3789 = VERTEX_POINT('',#3790);
#3790 = CARTESIAN_POINT('',(3.4,-0.6,0.));
#3791 = LINE('',#3792,#3793);
#3792 = CARTESIAN_POINT('',(3.4,-0.6,0.));
#3793 = VECTOR('',#3794,1.);
#3794 = DIRECTION('',(-1.,0.,0.));
#3795 = ORIENTED_EDGE('',*,*,#3796,.T.);
#3796 = EDGE_CURVE('',#3789,#3797,#3799,.T.);
#3797 = VERTEX_POINT('',#3798);
#3798 = CARTESIAN_POINT('',(3.4,-0.6,0.3));
#3799 = LINE('',#3800,#3801);
#3800 = CARTESIAN_POINT('',(3.4,-0.6,0.));
#3801 = VECTOR('',#3802,1.);
#3802 = DIRECTION('',(0.,0.,1.));
#3803 = ORIENTED_EDGE('',*,*,#3804,.T.);
#3804 = EDGE_CURVE('',#3797,#3805,#3807,.T.);
#3805 = VERTEX_POINT('',#3806);
#3806 = CARTESIAN_POINT('',(2.9,-0.6,0.3));
#3807 = LINE('',#3808,#3809);
#3808 = CARTESIAN_POINT('',(3.95,-0.6,0.3));
#3809 = VECTOR('',#3810,1.);
#3810 = DIRECTION('',(-1.,0.,0.));
#3811 = ORIENTED_EDGE('',*,*,#3812,.F.);
#3812 = EDGE_CURVE('',#3813,#3805,#3815,.T.);
#3813 = VERTEX_POINT('',#3814);
#3814 = CARTESIAN_POINT('',(2.7,-0.6,0.5));
#3815 = CIRCLE('',#3816,0.2);
#3816 = AXIS2_PLACEMENT_3D('',#3817,#3818,#3819);
#3817 = CARTESIAN_POINT('',(2.9,-0.6,0.5));
#3818 = DIRECTION('',(0.,-1.,-2.2E-16));
#3819 = DIRECTION('',(1.,0.,0.));
#3820 = ORIENTED_EDGE('',*,*,#3821,.T.);
#3821 = EDGE_CURVE('',#3813,#3822,#3824,.T.);
#3822 = VERTEX_POINT('',#3823);
#3823 = CARTESIAN_POINT('',(2.7,-0.6,1.8));
#3824 = LINE('',#3825,#3826);
#3825 = CARTESIAN_POINT('',(2.7,-0.6,0.25));
#3826 = VECTOR('',#3827,1.);
#3827 = DIRECTION('',(0.,0.,1.));
#3828 = ORIENTED_EDGE('',*,*,#3829,.T.);
#3829 = EDGE_CURVE('',#3822,#3830,#3832,.T.);
#3830 = VERTEX_POINT('',#3831);
#3831 = CARTESIAN_POINT('',(1.6,-0.6,1.8));
#3832 = LINE('',#3833,#3834);
#3833 = CARTESIAN_POINT('',(3.4,-0.6,1.8));
#3834 = VECTOR('',#3835,1.);
#3835 = DIRECTION('',(-1.,0.,0.));
#3836 = ORIENTED_EDGE('',*,*,#3837,.F.);
#3837 = EDGE_CURVE('',#1973,#3830,#3838,.T.);
#3838 = LINE('',#3839,#3840);
#3839 = CARTESIAN_POINT('',(1.6,-0.6,0.));
#3840 = VECTOR('',#3841,1.);
#3841 = DIRECTION('',(0.,0.,1.));
#3842 = ORIENTED_EDGE('',*,*,#1972,.T.);
#3843 = ORIENTED_EDGE('',*,*,#3844,.T.);
#3844 = EDGE_CURVE('',#1965,#1341,#3845,.T.);
#3845 = LINE('',#3846,#3847);
#3846 = CARTESIAN_POINT('',(1.7,-0.6,0.1));
#3847 = VECTOR('',#3848,1.);
#3848 = DIRECTION('',(0.,0.,-1.));
#3849 = ORIENTED_EDGE('',*,*,#1348,.F.);
#3850 = ORIENTED_EDGE('',*,*,#3772,.F.);
#3851 = PLANE('',#3852);
#3852 = AXIS2_PLACEMENT_3D('',#3853,#3854,#3855);
#3853 = CARTESIAN_POINT('',(3.4,-0.6,0.));
#3854 = DIRECTION('',(0.,-1.,0.));
#3855 = DIRECTION('',(-1.,0.,0.));
#3856 = ADVANCED_FACE('',(#3857),#3868,.T.);
#3857 = FACE_BOUND('',#3858,.T.);
#3858 = EDGE_LOOP('',(#3859,#3860,#3861,#3862));
#3859 = ORIENTED_EDGE('',*,*,#1340,.F.);
#3860 = ORIENTED_EDGE('',*,*,#3844,.F.);
#3861 = ORIENTED_EDGE('',*,*,#1964,.T.);
#3862 = ORIENTED_EDGE('',*,*,#3863,.F.);
#3863 = EDGE_CURVE('',#1333,#1957,#3864,.T.);
#3864 = LINE('',#3865,#3866);
#3865 = CARTESIAN_POINT('',(1.7,-0.9,0.1));
#3866 = VECTOR('',#3867,1.);
#3867 = DIRECTION('',(0.,0.,1.));
#3868 = PLANE('',#3869);
#3869 = AXIS2_PLACEMENT_3D('',#3870,#3871,#3872);
#3870 = CARTESIAN_POINT('',(1.7,4.25,0.2));
#3871 = DIRECTION('',(1.,0.,0.));
#3872 = DIRECTION('',(0.,-1.,0.));
#3873 = ADVANCED_FACE('',(#3874),#3942,.T.);
#3874 = FACE_BOUND('',#3875,.T.);
#3875 = EDGE_LOOP('',(#3876,#3886,#3892,#3893,#3894,#3895,#3903,#3911,
    #3919,#3928,#3936));
#3876 = ORIENTED_EDGE('',*,*,#3877,.F.);
#3877 = EDGE_CURVE('',#3878,#3880,#3882,.T.);
#3878 = VERTEX_POINT('',#3879);
#3879 = CARTESIAN_POINT('',(1.6,-0.9,0.));
#3880 = VERTEX_POINT('',#3881);
#3881 = CARTESIAN_POINT('',(3.4,-0.9,0.));
#3882 = LINE('',#3883,#3884);
#3883 = CARTESIAN_POINT('',(1.6,-0.9,0.));
#3884 = VECTOR('',#3885,1.);
#3885 = DIRECTION('',(1.,0.,0.));
#3886 = ORIENTED_EDGE('',*,*,#3887,.T.);
#3887 = EDGE_CURVE('',#3878,#1325,#3888,.T.);
#3888 = LINE('',#3889,#3890);
#3889 = CARTESIAN_POINT('',(1.6,-0.9,0.));
#3890 = VECTOR('',#3891,1.);
#3891 = DIRECTION('',(0.,0.,1.));
#3892 = ORIENTED_EDGE('',*,*,#1332,.F.);
#3893 = ORIENTED_EDGE('',*,*,#3863,.T.);
#3894 = ORIENTED_EDGE('',*,*,#1956,.T.);
#3895 = ORIENTED_EDGE('',*,*,#3896,.T.);
#3896 = EDGE_CURVE('',#1949,#3897,#3899,.T.);
#3897 = VERTEX_POINT('',#3898);
#3898 = CARTESIAN_POINT('',(1.6,-0.9,1.8));
#3899 = LINE('',#3900,#3901);
#3900 = CARTESIAN_POINT('',(1.6,-0.9,0.));
#3901 = VECTOR('',#3902,1.);
#3902 = DIRECTION('',(0.,0.,1.));
#3903 = ORIENTED_EDGE('',*,*,#3904,.T.);
#3904 = EDGE_CURVE('',#3897,#3905,#3907,.T.);
#3905 = VERTEX_POINT('',#3906);
#3906 = CARTESIAN_POINT('',(2.7,-0.9,1.8));
#3907 = LINE('',#3908,#3909);
#3908 = CARTESIAN_POINT('',(1.6,-0.9,1.8));
#3909 = VECTOR('',#3910,1.);
#3910 = DIRECTION('',(1.,0.,0.));
#3911 = ORIENTED_EDGE('',*,*,#3912,.T.);
#3912 = EDGE_CURVE('',#3905,#3913,#3915,.T.);
#3913 = VERTEX_POINT('',#3914);
#3914 = CARTESIAN_POINT('',(2.7,-0.9,0.5));
#3915 = LINE('',#3916,#3917);
#3916 = CARTESIAN_POINT('',(2.7,-0.9,0.25));
#3917 = VECTOR('',#3918,1.);
#3918 = DIRECTION('',(0.,0.,-1.));
#3919 = ORIENTED_EDGE('',*,*,#3920,.T.);
#3920 = EDGE_CURVE('',#3913,#3921,#3923,.T.);
#3921 = VERTEX_POINT('',#3922);
#3922 = CARTESIAN_POINT('',(2.9,-0.9,0.3));
#3923 = CIRCLE('',#3924,0.2);
#3924 = AXIS2_PLACEMENT_3D('',#3925,#3926,#3927);
#3925 = CARTESIAN_POINT('',(2.9,-0.9,0.5));
#3926 = DIRECTION('',(0.,-1.,-2.2E-16));
#3927 = DIRECTION('',(1.,0.,0.));
#3928 = ORIENTED_EDGE('',*,*,#3929,.T.);
#3929 = EDGE_CURVE('',#3921,#3930,#3932,.T.);
#3930 = VERTEX_POINT('',#3931);
#3931 = CARTESIAN_POINT('',(3.4,-0.9,0.3));
#3932 = LINE('',#3933,#3934);
#3933 = CARTESIAN_POINT('',(3.05,-0.9,0.3));
#3934 = VECTOR('',#3935,1.);
#3935 = DIRECTION('',(1.,0.,0.));
#3936 = ORIENTED_EDGE('',*,*,#3937,.F.);
#3937 = EDGE_CURVE('',#3880,#3930,#3938,.T.);
#3938 = LINE('',#3939,#3940);
#3939 = CARTESIAN_POINT('',(3.4,-0.9,0.));
#3940 = VECTOR('',#3941,1.);
#3941 = DIRECTION('',(0.,0.,1.));
#3942 = PLANE('',#3943);
#3943 = AXIS2_PLACEMENT_3D('',#3944,#3945,#3946);
#3944 = CARTESIAN_POINT('',(1.6,-0.9,0.));
#3945 = DIRECTION('',(0.,1.,0.));
#3946 = DIRECTION('',(1.,0.,0.));
#3947 = ADVANCED_FACE('',(#3948),#3966,.T.);
#3948 = FACE_BOUND('',#3949,.T.);
#3949 = EDGE_LOOP('',(#3950,#3958,#3964,#3965));
#3950 = ORIENTED_EDGE('',*,*,#3951,.F.);
#3951 = EDGE_CURVE('',#3952,#3878,#3954,.T.);
#3952 = VERTEX_POINT('',#3953);
#3953 = CARTESIAN_POINT('',(1.6,-1.1,0.));
#3954 = LINE('',#3955,#3956);
#3955 = CARTESIAN_POINT('',(1.6,-1.1,0.));
#3956 = VECTOR('',#3957,1.);
#3957 = DIRECTION('',(0.,1.,0.));
#3958 = ORIENTED_EDGE('',*,*,#3959,.T.);
#3959 = EDGE_CURVE('',#3952,#1317,#3960,.T.);
#3960 = LINE('',#3961,#3962);
#3961 = CARTESIAN_POINT('',(1.6,-1.1,0.));
#3962 = VECTOR('',#3963,1.);
#3963 = DIRECTION('',(0.,0.,1.));
#3964 = ORIENTED_EDGE('',*,*,#1324,.F.);
#3965 = ORIENTED_EDGE('',*,*,#3887,.F.);
#3966 = PLANE('',#3967);
#3967 = AXIS2_PLACEMENT_3D('',#3968,#3969,#3970);
#3968 = CARTESIAN_POINT('',(1.6,-1.1,0.));
#3969 = DIRECTION('',(-1.,0.,0.));
#3970 = DIRECTION('',(0.,1.,0.));
#3971 = ADVANCED_FACE('',(#3972),#4038,.T.);
#3972 = FACE_BOUND('',#3973,.T.);
#3973 = EDGE_LOOP('',(#3974,#3982,#3990,#3998,#4007,#4015,#4023,#4029,
    #4030,#4036,#4037));
#3974 = ORIENTED_EDGE('',*,*,#3975,.F.);
#3975 = EDGE_CURVE('',#3976,#3952,#3978,.T.);
#3976 = VERTEX_POINT('',#3977);
#3977 = CARTESIAN_POINT('',(3.4,-1.1,0.));
#3978 = LINE('',#3979,#3980);
#3979 = CARTESIAN_POINT('',(3.4,-1.1,0.));
#3980 = VECTOR('',#3981,1.);
#3981 = DIRECTION('',(-1.,0.,0.));
#3982 = ORIENTED_EDGE('',*,*,#3983,.T.);
#3983 = EDGE_CURVE('',#3976,#3984,#3986,.T.);
#3984 = VERTEX_POINT('',#3985);
#3985 = CARTESIAN_POINT('',(3.4,-1.1,0.3));
#3986 = LINE('',#3987,#3988);
#3987 = CARTESIAN_POINT('',(3.4,-1.1,0.));
#3988 = VECTOR('',#3989,1.);
#3989 = DIRECTION('',(0.,0.,1.));
#3990 = ORIENTED_EDGE('',*,*,#3991,.T.);
#3991 = EDGE_CURVE('',#3984,#3992,#3994,.T.);
#3992 = VERTEX_POINT('',#3993);
#3993 = CARTESIAN_POINT('',(2.9,-1.1,0.3));
#3994 = LINE('',#3995,#3996);
#3995 = CARTESIAN_POINT('',(3.95,-1.1,0.3));
#3996 = VECTOR('',#3997,1.);
#3997 = DIRECTION('',(-1.,0.,0.));
#3998 = ORIENTED_EDGE('',*,*,#3999,.F.);
#3999 = EDGE_CURVE('',#4000,#3992,#4002,.T.);
#4000 = VERTEX_POINT('',#4001);
#4001 = CARTESIAN_POINT('',(2.7,-1.1,0.5));
#4002 = CIRCLE('',#4003,0.2);
#4003 = AXIS2_PLACEMENT_3D('',#4004,#4005,#4006);
#4004 = CARTESIAN_POINT('',(2.9,-1.1,0.5));
#4005 = DIRECTION('',(0.,-1.,-2.2E-16));
#4006 = DIRECTION('',(1.,0.,0.));
#4007 = ORIENTED_EDGE('',*,*,#4008,.T.);
#4008 = EDGE_CURVE('',#4000,#4009,#4011,.T.);
#4009 = VERTEX_POINT('',#4010);
#4010 = CARTESIAN_POINT('',(2.7,-1.1,1.8));
#4011 = LINE('',#4012,#4013);
#4012 = CARTESIAN_POINT('',(2.7,-1.1,0.25));
#4013 = VECTOR('',#4014,1.);
#4014 = DIRECTION('',(0.,0.,1.));
#4015 = ORIENTED_EDGE('',*,*,#4016,.T.);
#4016 = EDGE_CURVE('',#4009,#4017,#4019,.T.);
#4017 = VERTEX_POINT('',#4018);
#4018 = CARTESIAN_POINT('',(1.6,-1.1,1.8));
#4019 = LINE('',#4020,#4021);
#4020 = CARTESIAN_POINT('',(3.4,-1.1,1.8));
#4021 = VECTOR('',#4022,1.);
#4022 = DIRECTION('',(-1.,0.,0.));
#4023 = ORIENTED_EDGE('',*,*,#4024,.F.);
#4024 = EDGE_CURVE('',#1941,#4017,#4025,.T.);
#4025 = LINE('',#4026,#4027);
#4026 = CARTESIAN_POINT('',(1.6,-1.1,0.));
#4027 = VECTOR('',#4028,1.);
#4028 = DIRECTION('',(0.,0.,1.));
#4029 = ORIENTED_EDGE('',*,*,#1940,.T.);
#4030 = ORIENTED_EDGE('',*,*,#4031,.T.);
#4031 = EDGE_CURVE('',#1933,#1309,#4032,.T.);
#4032 = LINE('',#4033,#4034);
#4033 = CARTESIAN_POINT('',(1.7,-1.1,0.1));
#4034 = VECTOR('',#4035,1.);
#4035 = DIRECTION('',(0.,0.,-1.));
#4036 = ORIENTED_EDGE('',*,*,#1316,.F.);
#4037 = ORIENTED_EDGE('',*,*,#3959,.F.);
#4038 = PLANE('',#4039);
#4039 = AXIS2_PLACEMENT_3D('',#4040,#4041,#4042);
#4040 = CARTESIAN_POINT('',(3.4,-1.1,0.));
#4041 = DIRECTION('',(0.,-1.,0.));
#4042 = DIRECTION('',(-1.,0.,0.));
#4043 = ADVANCED_FACE('',(#4044),#4055,.T.);
#4044 = FACE_BOUND('',#4045,.T.);
#4045 = EDGE_LOOP('',(#4046,#4047,#4048,#4049));
#4046 = ORIENTED_EDGE('',*,*,#1308,.F.);
#4047 = ORIENTED_EDGE('',*,*,#4031,.F.);
#4048 = ORIENTED_EDGE('',*,*,#1932,.T.);
#4049 = ORIENTED_EDGE('',*,*,#4050,.F.);
#4050 = EDGE_CURVE('',#1301,#1925,#4051,.T.);
#4051 = LINE('',#4052,#4053);
#4052 = CARTESIAN_POINT('',(1.7,-1.4,0.1));
#4053 = VECTOR('',#4054,1.);
#4054 = DIRECTION('',(0.,0.,1.));
#4055 = PLANE('',#4056);
#4056 = AXIS2_PLACEMENT_3D('',#4057,#4058,#4059);
#4057 = CARTESIAN_POINT('',(1.7,4.25,0.2));
#4058 = DIRECTION('',(1.,0.,0.));
#4059 = DIRECTION('',(0.,-1.,0.));
#4060 = ADVANCED_FACE('',(#4061),#4129,.T.);
#4061 = FACE_BOUND('',#4062,.T.);
#4062 = EDGE_LOOP('',(#4063,#4073,#4079,#4080,#4081,#4082,#4090,#4098,
    #4106,#4115,#4123));
#4063 = ORIENTED_EDGE('',*,*,#4064,.F.);
#4064 = EDGE_CURVE('',#4065,#4067,#4069,.T.);
#4065 = VERTEX_POINT('',#4066);
#4066 = CARTESIAN_POINT('',(1.6,-1.4,1.E-15));
#4067 = VERTEX_POINT('',#4068);
#4068 = CARTESIAN_POINT('',(3.4,-1.4,1.E-15));
#4069 = LINE('',#4070,#4071);
#4070 = CARTESIAN_POINT('',(1.6,-1.4,1.E-15));
#4071 = VECTOR('',#4072,1.);
#4072 = DIRECTION('',(1.,0.,0.));
#4073 = ORIENTED_EDGE('',*,*,#4074,.T.);
#4074 = EDGE_CURVE('',#4065,#1293,#4075,.T.);
#4075 = LINE('',#4076,#4077);
#4076 = CARTESIAN_POINT('',(1.6,-1.4,1.E-15));
#4077 = VECTOR('',#4078,1.);
#4078 = DIRECTION('',(0.,0.,1.));
#4079 = ORIENTED_EDGE('',*,*,#1300,.F.);
#4080 = ORIENTED_EDGE('',*,*,#4050,.T.);
#4081 = ORIENTED_EDGE('',*,*,#1924,.T.);
#4082 = ORIENTED_EDGE('',*,*,#4083,.T.);
#4083 = EDGE_CURVE('',#1917,#4084,#4086,.T.);
#4084 = VERTEX_POINT('',#4085);
#4085 = CARTESIAN_POINT('',(1.6,-1.4,1.8));
#4086 = LINE('',#4087,#4088);
#4087 = CARTESIAN_POINT('',(1.6,-1.4,1.E-15));
#4088 = VECTOR('',#4089,1.);
#4089 = DIRECTION('',(0.,0.,1.));
#4090 = ORIENTED_EDGE('',*,*,#4091,.T.);
#4091 = EDGE_CURVE('',#4084,#4092,#4094,.T.);
#4092 = VERTEX_POINT('',#4093);
#4093 = CARTESIAN_POINT('',(2.7,-1.4,1.8));
#4094 = LINE('',#4095,#4096);
#4095 = CARTESIAN_POINT('',(1.6,-1.4,1.8));
#4096 = VECTOR('',#4097,1.);
#4097 = DIRECTION('',(1.,0.,0.));
#4098 = ORIENTED_EDGE('',*,*,#4099,.T.);
#4099 = EDGE_CURVE('',#4092,#4100,#4102,.T.);
#4100 = VERTEX_POINT('',#4101);
#4101 = CARTESIAN_POINT('',(2.7,-1.4,0.5));
#4102 = LINE('',#4103,#4104);
#4103 = CARTESIAN_POINT('',(2.7,-1.4,0.25));
#4104 = VECTOR('',#4105,1.);
#4105 = DIRECTION('',(0.,0.,-1.));
#4106 = ORIENTED_EDGE('',*,*,#4107,.T.);
#4107 = EDGE_CURVE('',#4100,#4108,#4110,.T.);
#4108 = VERTEX_POINT('',#4109);
#4109 = CARTESIAN_POINT('',(2.9,-1.4,0.3));
#4110 = CIRCLE('',#4111,0.2);
#4111 = AXIS2_PLACEMENT_3D('',#4112,#4113,#4114);
#4112 = CARTESIAN_POINT('',(2.9,-1.4,0.5));
#4113 = DIRECTION('',(0.,-1.,-2.2E-16));
#4114 = DIRECTION('',(1.,0.,0.));
#4115 = ORIENTED_EDGE('',*,*,#4116,.T.);
#4116 = EDGE_CURVE('',#4108,#4117,#4119,.T.);
#4117 = VERTEX_POINT('',#4118);
#4118 = CARTESIAN_POINT('',(3.4,-1.4,0.3));
#4119 = LINE('',#4120,#4121);
#4120 = CARTESIAN_POINT('',(3.05,-1.4,0.3));
#4121 = VECTOR('',#4122,1.);
#4122 = DIRECTION('',(1.,0.,0.));
#4123 = ORIENTED_EDGE('',*,*,#4124,.F.);
#4124 = EDGE_CURVE('',#4067,#4117,#4125,.T.);
#4125 = LINE('',#4126,#4127);
#4126 = CARTESIAN_POINT('',(3.4,-1.4,1.E-15));
#4127 = VECTOR('',#4128,1.);
#4128 = DIRECTION('',(0.,0.,1.));
#4129 = PLANE('',#4130);
#4130 = AXIS2_PLACEMENT_3D('',#4131,#4132,#4133);
#4131 = CARTESIAN_POINT('',(1.6,-1.4,1.E-15));
#4132 = DIRECTION('',(0.,1.,0.));
#4133 = DIRECTION('',(1.,0.,0.));
#4134 = ADVANCED_FACE('',(#4135),#4153,.T.);
#4135 = FACE_BOUND('',#4136,.T.);
#4136 = EDGE_LOOP('',(#4137,#4145,#4151,#4152));
#4137 = ORIENTED_EDGE('',*,*,#4138,.F.);
#4138 = EDGE_CURVE('',#4139,#4065,#4141,.T.);
#4139 = VERTEX_POINT('',#4140);
#4140 = CARTESIAN_POINT('',(1.6,-1.6,1.E-15));
#4141 = LINE('',#4142,#4143);
#4142 = CARTESIAN_POINT('',(1.6,-1.6,1.E-15));
#4143 = VECTOR('',#4144,1.);
#4144 = DIRECTION('',(0.,1.,0.));
#4145 = ORIENTED_EDGE('',*,*,#4146,.T.);
#4146 = EDGE_CURVE('',#4139,#1285,#4147,.T.);
#4147 = LINE('',#4148,#4149);
#4148 = CARTESIAN_POINT('',(1.6,-1.6,1.E-15));
#4149 = VECTOR('',#4150,1.);
#4150 = DIRECTION('',(0.,0.,1.));
#4151 = ORIENTED_EDGE('',*,*,#1292,.F.);
#4152 = ORIENTED_EDGE('',*,*,#4074,.F.);
#4153 = PLANE('',#4154);
#4154 = AXIS2_PLACEMENT_3D('',#4155,#4156,#4157);
#4155 = CARTESIAN_POINT('',(1.6,-1.6,1.E-15));
#4156 = DIRECTION('',(-1.,0.,0.));
#4157 = DIRECTION('',(0.,1.,0.));
#4158 = ADVANCED_FACE('',(#4159),#4225,.T.);
#4159 = FACE_BOUND('',#4160,.T.);
#4160 = EDGE_LOOP('',(#4161,#4169,#4177,#4185,#4194,#4202,#4210,#4216,
    #4217,#4223,#4224));
#4161 = ORIENTED_EDGE('',*,*,#4162,.F.);
#4162 = EDGE_CURVE('',#4163,#4139,#4165,.T.);
#4163 = VERTEX_POINT('',#4164);
#4164 = CARTESIAN_POINT('',(3.4,-1.6,1.E-15));
#4165 = LINE('',#4166,#4167);
#4166 = CARTESIAN_POINT('',(3.4,-1.6,1.E-15));
#4167 = VECTOR('',#4168,1.);
#4168 = DIRECTION('',(-1.,0.,0.));
#4169 = ORIENTED_EDGE('',*,*,#4170,.T.);
#4170 = EDGE_CURVE('',#4163,#4171,#4173,.T.);
#4171 = VERTEX_POINT('',#4172);
#4172 = CARTESIAN_POINT('',(3.4,-1.6,0.3));
#4173 = LINE('',#4174,#4175);
#4174 = CARTESIAN_POINT('',(3.4,-1.6,1.E-15));
#4175 = VECTOR('',#4176,1.);
#4176 = DIRECTION('',(0.,0.,1.));
#4177 = ORIENTED_EDGE('',*,*,#4178,.T.);
#4178 = EDGE_CURVE('',#4171,#4179,#4181,.T.);
#4179 = VERTEX_POINT('',#4180);
#4180 = CARTESIAN_POINT('',(2.9,-1.6,0.3));
#4181 = LINE('',#4182,#4183);
#4182 = CARTESIAN_POINT('',(3.95,-1.6,0.3));
#4183 = VECTOR('',#4184,1.);
#4184 = DIRECTION('',(-1.,0.,0.));
#4185 = ORIENTED_EDGE('',*,*,#4186,.F.);
#4186 = EDGE_CURVE('',#4187,#4179,#4189,.T.);
#4187 = VERTEX_POINT('',#4188);
#4188 = CARTESIAN_POINT('',(2.7,-1.6,0.5));
#4189 = CIRCLE('',#4190,0.2);
#4190 = AXIS2_PLACEMENT_3D('',#4191,#4192,#4193);
#4191 = CARTESIAN_POINT('',(2.9,-1.6,0.5));
#4192 = DIRECTION('',(0.,-1.,-2.2E-16));
#4193 = DIRECTION('',(1.,0.,0.));
#4194 = ORIENTED_EDGE('',*,*,#4195,.T.);
#4195 = EDGE_CURVE('',#4187,#4196,#4198,.T.);
#4196 = VERTEX_POINT('',#4197);
#4197 = CARTESIAN_POINT('',(2.7,-1.6,1.8));
#4198 = LINE('',#4199,#4200);
#4199 = CARTESIAN_POINT('',(2.7,-1.6,0.25));
#4200 = VECTOR('',#4201,1.);
#4201 = DIRECTION('',(0.,0.,1.));
#4202 = ORIENTED_EDGE('',*,*,#4203,.T.);
#4203 = EDGE_CURVE('',#4196,#4204,#4206,.T.);
#4204 = VERTEX_POINT('',#4205);
#4205 = CARTESIAN_POINT('',(1.6,-1.6,1.8));
#4206 = LINE('',#4207,#4208);
#4207 = CARTESIAN_POINT('',(3.4,-1.6,1.8));
#4208 = VECTOR('',#4209,1.);
#4209 = DIRECTION('',(-1.,0.,0.));
#4210 = ORIENTED_EDGE('',*,*,#4211,.F.);
#4211 = EDGE_CURVE('',#1909,#4204,#4212,.T.);
#4212 = LINE('',#4213,#4214);
#4213 = CARTESIAN_POINT('',(1.6,-1.6,1.E-15));
#4214 = VECTOR('',#4215,1.);
#4215 = DIRECTION('',(0.,0.,1.));
#4216 = ORIENTED_EDGE('',*,*,#1908,.T.);
#4217 = ORIENTED_EDGE('',*,*,#4218,.T.);
#4218 = EDGE_CURVE('',#1901,#1277,#4219,.T.);
#4219 = LINE('',#4220,#4221);
#4220 = CARTESIAN_POINT('',(1.7,-1.6,0.1));
#4221 = VECTOR('',#4222,1.);
#4222 = DIRECTION('',(0.,0.,-1.));
#4223 = ORIENTED_EDGE('',*,*,#1284,.F.);
#4224 = ORIENTED_EDGE('',*,*,#4146,.F.);
#4225 = PLANE('',#4226);
#4226 = AXIS2_PLACEMENT_3D('',#4227,#4228,#4229);
#4227 = CARTESIAN_POINT('',(3.4,-1.6,1.E-15));
#4228 = DIRECTION('',(0.,-1.,0.));
#4229 = DIRECTION('',(-1.,0.,0.));
#4230 = ADVANCED_FACE('',(#4231),#4242,.T.);
#4231 = FACE_BOUND('',#4232,.T.);
#4232 = EDGE_LOOP('',(#4233,#4234,#4235,#4236));
#4233 = ORIENTED_EDGE('',*,*,#1276,.F.);
#4234 = ORIENTED_EDGE('',*,*,#4218,.F.);
#4235 = ORIENTED_EDGE('',*,*,#1900,.T.);
#4236 = ORIENTED_EDGE('',*,*,#4237,.F.);
#4237 = EDGE_CURVE('',#1269,#1893,#4238,.T.);
#4238 = LINE('',#4239,#4240);
#4239 = CARTESIAN_POINT('',(1.7,-1.9,0.1));
#4240 = VECTOR('',#4241,1.);
#4241 = DIRECTION('',(0.,0.,1.));
#4242 = PLANE('',#4243);
#4243 = AXIS2_PLACEMENT_3D('',#4244,#4245,#4246);
#4244 = CARTESIAN_POINT('',(1.7,4.25,0.2));
#4245 = DIRECTION('',(1.,0.,0.));
#4246 = DIRECTION('',(0.,-1.,0.));
#4247 = ADVANCED_FACE('',(#4248),#4316,.T.);
#4248 = FACE_BOUND('',#4249,.T.);
#4249 = EDGE_LOOP('',(#4250,#4260,#4266,#4267,#4268,#4269,#4277,#4285,
    #4293,#4302,#4310));
#4250 = ORIENTED_EDGE('',*,*,#4251,.F.);
#4251 = EDGE_CURVE('',#4252,#4254,#4256,.T.);
#4252 = VERTEX_POINT('',#4253);
#4253 = CARTESIAN_POINT('',(1.6,-1.9,1.E-15));
#4254 = VERTEX_POINT('',#4255);
#4255 = CARTESIAN_POINT('',(3.4,-1.9,1.E-15));
#4256 = LINE('',#4257,#4258);
#4257 = CARTESIAN_POINT('',(1.6,-1.9,1.E-15));
#4258 = VECTOR('',#4259,1.);
#4259 = DIRECTION('',(1.,0.,0.));
#4260 = ORIENTED_EDGE('',*,*,#4261,.T.);
#4261 = EDGE_CURVE('',#4252,#1261,#4262,.T.);
#4262 = LINE('',#4263,#4264);
#4263 = CARTESIAN_POINT('',(1.6,-1.9,1.E-15));
#4264 = VECTOR('',#4265,1.);
#4265 = DIRECTION('',(0.,0.,1.));
#4266 = ORIENTED_EDGE('',*,*,#1268,.F.);
#4267 = ORIENTED_EDGE('',*,*,#4237,.T.);
#4268 = ORIENTED_EDGE('',*,*,#1892,.T.);
#4269 = ORIENTED_EDGE('',*,*,#4270,.T.);
#4270 = EDGE_CURVE('',#1885,#4271,#4273,.T.);
#4271 = VERTEX_POINT('',#4272);
#4272 = CARTESIAN_POINT('',(1.6,-1.9,1.8));
#4273 = LINE('',#4274,#4275);
#4274 = CARTESIAN_POINT('',(1.6,-1.9,1.E-15));
#4275 = VECTOR('',#4276,1.);
#4276 = DIRECTION('',(0.,0.,1.));
#4277 = ORIENTED_EDGE('',*,*,#4278,.T.);
#4278 = EDGE_CURVE('',#4271,#4279,#4281,.T.);
#4279 = VERTEX_POINT('',#4280);
#4280 = CARTESIAN_POINT('',(2.7,-1.9,1.8));
#4281 = LINE('',#4282,#4283);
#4282 = CARTESIAN_POINT('',(1.6,-1.9,1.8));
#4283 = VECTOR('',#4284,1.);
#4284 = DIRECTION('',(1.,0.,0.));
#4285 = ORIENTED_EDGE('',*,*,#4286,.T.);
#4286 = EDGE_CURVE('',#4279,#4287,#4289,.T.);
#4287 = VERTEX_POINT('',#4288);
#4288 = CARTESIAN_POINT('',(2.7,-1.9,0.5));
#4289 = LINE('',#4290,#4291);
#4290 = CARTESIAN_POINT('',(2.7,-1.9,0.25));
#4291 = VECTOR('',#4292,1.);
#4292 = DIRECTION('',(0.,0.,-1.));
#4293 = ORIENTED_EDGE('',*,*,#4294,.T.);
#4294 = EDGE_CURVE('',#4287,#4295,#4297,.T.);
#4295 = VERTEX_POINT('',#4296);
#4296 = CARTESIAN_POINT('',(2.9,-1.9,0.3));
#4297 = CIRCLE('',#4298,0.2);
#4298 = AXIS2_PLACEMENT_3D('',#4299,#4300,#4301);
#4299 = CARTESIAN_POINT('',(2.9,-1.9,0.5));
#4300 = DIRECTION('',(0.,-1.,-2.2E-16));
#4301 = DIRECTION('',(1.,0.,0.));
#4302 = ORIENTED_EDGE('',*,*,#4303,.T.);
#4303 = EDGE_CURVE('',#4295,#4304,#4306,.T.);
#4304 = VERTEX_POINT('',#4305);
#4305 = CARTESIAN_POINT('',(3.4,-1.9,0.3));
#4306 = LINE('',#4307,#4308);
#4307 = CARTESIAN_POINT('',(3.05,-1.9,0.3));
#4308 = VECTOR('',#4309,1.);
#4309 = DIRECTION('',(1.,0.,0.));
#4310 = ORIENTED_EDGE('',*,*,#4311,.F.);
#4311 = EDGE_CURVE('',#4254,#4304,#4312,.T.);
#4312 = LINE('',#4313,#4314);
#4313 = CARTESIAN_POINT('',(3.4,-1.9,1.E-15));
#4314 = VECTOR('',#4315,1.);
#4315 = DIRECTION('',(0.,0.,1.));
#4316 = PLANE('',#4317);
#4317 = AXIS2_PLACEMENT_3D('',#4318,#4319,#4320);
#4318 = CARTESIAN_POINT('',(1.6,-1.9,1.E-15));
#4319 = DIRECTION('',(0.,1.,0.));
#4320 = DIRECTION('',(1.,0.,0.));
#4321 = ADVANCED_FACE('',(#4322),#4340,.T.);
#4322 = FACE_BOUND('',#4323,.T.);
#4323 = EDGE_LOOP('',(#4324,#4332,#4338,#4339));
#4324 = ORIENTED_EDGE('',*,*,#4325,.F.);
#4325 = EDGE_CURVE('',#4326,#4252,#4328,.T.);
#4326 = VERTEX_POINT('',#4327);
#4327 = CARTESIAN_POINT('',(1.6,-2.1,1.E-15));
#4328 = LINE('',#4329,#4330);
#4329 = CARTESIAN_POINT('',(1.6,-2.1,1.E-15));
#4330 = VECTOR('',#4331,1.);
#4331 = DIRECTION('',(0.,1.,0.));
#4332 = ORIENTED_EDGE('',*,*,#4333,.T.);
#4333 = EDGE_CURVE('',#4326,#1253,#4334,.T.);
#4334 = LINE('',#4335,#4336);
#4335 = CARTESIAN_POINT('',(1.6,-2.1,1.E-15));
#4336 = VECTOR('',#4337,1.);
#4337 = DIRECTION('',(0.,0.,1.));
#4338 = ORIENTED_EDGE('',*,*,#1260,.F.);
#4339 = ORIENTED_EDGE('',*,*,#4261,.F.);
#4340 = PLANE('',#4341);
#4341 = AXIS2_PLACEMENT_3D('',#4342,#4343,#4344);
#4342 = CARTESIAN_POINT('',(1.6,-2.1,1.E-15));
#4343 = DIRECTION('',(-1.,0.,0.));
#4344 = DIRECTION('',(0.,1.,0.));
#4345 = ADVANCED_FACE('',(#4346),#4412,.T.);
#4346 = FACE_BOUND('',#4347,.T.);
#4347 = EDGE_LOOP('',(#4348,#4356,#4364,#4372,#4381,#4389,#4397,#4403,
    #4404,#4410,#4411));
#4348 = ORIENTED_EDGE('',*,*,#4349,.F.);
#4349 = EDGE_CURVE('',#4350,#4326,#4352,.T.);
#4350 = VERTEX_POINT('',#4351);
#4351 = CARTESIAN_POINT('',(3.4,-2.1,1.E-15));
#4352 = LINE('',#4353,#4354);
#4353 = CARTESIAN_POINT('',(3.4,-2.1,1.E-15));
#4354 = VECTOR('',#4355,1.);
#4355 = DIRECTION('',(-1.,0.,0.));
#4356 = ORIENTED_EDGE('',*,*,#4357,.T.);
#4357 = EDGE_CURVE('',#4350,#4358,#4360,.T.);
#4358 = VERTEX_POINT('',#4359);
#4359 = CARTESIAN_POINT('',(3.4,-2.1,0.3));
#4360 = LINE('',#4361,#4362);
#4361 = CARTESIAN_POINT('',(3.4,-2.1,1.E-15));
#4362 = VECTOR('',#4363,1.);
#4363 = DIRECTION('',(0.,0.,1.));
#4364 = ORIENTED_EDGE('',*,*,#4365,.T.);
#4365 = EDGE_CURVE('',#4358,#4366,#4368,.T.);
#4366 = VERTEX_POINT('',#4367);
#4367 = CARTESIAN_POINT('',(2.9,-2.1,0.3));
#4368 = LINE('',#4369,#4370);
#4369 = CARTESIAN_POINT('',(3.95,-2.1,0.3));
#4370 = VECTOR('',#4371,1.);
#4371 = DIRECTION('',(-1.,0.,0.));
#4372 = ORIENTED_EDGE('',*,*,#4373,.F.);
#4373 = EDGE_CURVE('',#4374,#4366,#4376,.T.);
#4374 = VERTEX_POINT('',#4375);
#4375 = CARTESIAN_POINT('',(2.7,-2.1,0.5));
#4376 = CIRCLE('',#4377,0.2);
#4377 = AXIS2_PLACEMENT_3D('',#4378,#4379,#4380);
#4378 = CARTESIAN_POINT('',(2.9,-2.1,0.5));
#4379 = DIRECTION('',(0.,-1.,-2.2E-16));
#4380 = DIRECTION('',(1.,0.,0.));
#4381 = ORIENTED_EDGE('',*,*,#4382,.T.);
#4382 = EDGE_CURVE('',#4374,#4383,#4385,.T.);
#4383 = VERTEX_POINT('',#4384);
#4384 = CARTESIAN_POINT('',(2.7,-2.1,1.8));
#4385 = LINE('',#4386,#4387);
#4386 = CARTESIAN_POINT('',(2.7,-2.1,0.25));
#4387 = VECTOR('',#4388,1.);
#4388 = DIRECTION('',(0.,0.,1.));
#4389 = ORIENTED_EDGE('',*,*,#4390,.T.);
#4390 = EDGE_CURVE('',#4383,#4391,#4393,.T.);
#4391 = VERTEX_POINT('',#4392);
#4392 = CARTESIAN_POINT('',(1.6,-2.1,1.8));
#4393 = LINE('',#4394,#4395);
#4394 = CARTESIAN_POINT('',(3.4,-2.1,1.8));
#4395 = VECTOR('',#4396,1.);
#4396 = DIRECTION('',(-1.,0.,0.));
#4397 = ORIENTED_EDGE('',*,*,#4398,.F.);
#4398 = EDGE_CURVE('',#1877,#4391,#4399,.T.);
#4399 = LINE('',#4400,#4401);
#4400 = CARTESIAN_POINT('',(1.6,-2.1,1.E-15));
#4401 = VECTOR('',#4402,1.);
#4402 = DIRECTION('',(0.,0.,1.));
#4403 = ORIENTED_EDGE('',*,*,#1876,.T.);
#4404 = ORIENTED_EDGE('',*,*,#4405,.T.);
#4405 = EDGE_CURVE('',#1869,#1245,#4406,.T.);
#4406 = LINE('',#4407,#4408);
#4407 = CARTESIAN_POINT('',(1.7,-2.1,0.1));
#4408 = VECTOR('',#4409,1.);
#4409 = DIRECTION('',(0.,0.,-1.));
#4410 = ORIENTED_EDGE('',*,*,#1252,.F.);
#4411 = ORIENTED_EDGE('',*,*,#4333,.F.);
#4412 = PLANE('',#4413);
#4413 = AXIS2_PLACEMENT_3D('',#4414,#4415,#4416);
#4414 = CARTESIAN_POINT('',(3.4,-2.1,1.E-15));
#4415 = DIRECTION('',(0.,-1.,0.));
#4416 = DIRECTION('',(-1.,0.,0.));
#4417 = ADVANCED_FACE('',(#4418),#4429,.T.);
#4418 = FACE_BOUND('',#4419,.T.);
#4419 = EDGE_LOOP('',(#4420,#4421,#4422,#4423));
#4420 = ORIENTED_EDGE('',*,*,#1244,.F.);
#4421 = ORIENTED_EDGE('',*,*,#4405,.F.);
#4422 = ORIENTED_EDGE('',*,*,#1868,.T.);
#4423 = ORIENTED_EDGE('',*,*,#4424,.F.);
#4424 = EDGE_CURVE('',#1237,#1861,#4425,.T.);
#4425 = LINE('',#4426,#4427);
#4426 = CARTESIAN_POINT('',(1.7,-2.4,0.1));
#4427 = VECTOR('',#4428,1.);
#4428 = DIRECTION('',(0.,0.,1.));
#4429 = PLANE('',#4430);
#4430 = AXIS2_PLACEMENT_3D('',#4431,#4432,#4433);
#4431 = CARTESIAN_POINT('',(1.7,4.25,0.2));
#4432 = DIRECTION('',(1.,0.,0.));
#4433 = DIRECTION('',(0.,-1.,0.));
#4434 = ADVANCED_FACE('',(#4435),#4503,.T.);
#4435 = FACE_BOUND('',#4436,.T.);
#4436 = EDGE_LOOP('',(#4437,#4447,#4453,#4454,#4455,#4456,#4464,#4472,
    #4480,#4489,#4497));
#4437 = ORIENTED_EDGE('',*,*,#4438,.F.);
#4438 = EDGE_CURVE('',#4439,#4441,#4443,.T.);
#4439 = VERTEX_POINT('',#4440);
#4440 = CARTESIAN_POINT('',(1.6,-2.4,1.E-15));
#4441 = VERTEX_POINT('',#4442);
#4442 = CARTESIAN_POINT('',(3.4,-2.4,1.E-15));
#4443 = LINE('',#4444,#4445);
#4444 = CARTESIAN_POINT('',(1.6,-2.4,1.E-15));
#4445 = VECTOR('',#4446,1.);
#4446 = DIRECTION('',(1.,0.,0.));
#4447 = ORIENTED_EDGE('',*,*,#4448,.T.);
#4448 = EDGE_CURVE('',#4439,#1229,#4449,.T.);
#4449 = LINE('',#4450,#4451);
#4450 = CARTESIAN_POINT('',(1.6,-2.4,1.E-15));
#4451 = VECTOR('',#4452,1.);
#4452 = DIRECTION('',(0.,0.,1.));
#4453 = ORIENTED_EDGE('',*,*,#1236,.F.);
#4454 = ORIENTED_EDGE('',*,*,#4424,.T.);
#4455 = ORIENTED_EDGE('',*,*,#1860,.T.);
#4456 = ORIENTED_EDGE('',*,*,#4457,.T.);
#4457 = EDGE_CURVE('',#1853,#4458,#4460,.T.);
#4458 = VERTEX_POINT('',#4459);
#4459 = CARTESIAN_POINT('',(1.6,-2.4,1.8));
#4460 = LINE('',#4461,#4462);
#4461 = CARTESIAN_POINT('',(1.6,-2.4,1.E-15));
#4462 = VECTOR('',#4463,1.);
#4463 = DIRECTION('',(0.,0.,1.));
#4464 = ORIENTED_EDGE('',*,*,#4465,.T.);
#4465 = EDGE_CURVE('',#4458,#4466,#4468,.T.);
#4466 = VERTEX_POINT('',#4467);
#4467 = CARTESIAN_POINT('',(2.7,-2.4,1.8));
#4468 = LINE('',#4469,#4470);
#4469 = CARTESIAN_POINT('',(1.6,-2.4,1.8));
#4470 = VECTOR('',#4471,1.);
#4471 = DIRECTION('',(1.,0.,0.));
#4472 = ORIENTED_EDGE('',*,*,#4473,.T.);
#4473 = EDGE_CURVE('',#4466,#4474,#4476,.T.);
#4474 = VERTEX_POINT('',#4475);
#4475 = CARTESIAN_POINT('',(2.7,-2.4,0.5));
#4476 = LINE('',#4477,#4478);
#4477 = CARTESIAN_POINT('',(2.7,-2.4,0.25));
#4478 = VECTOR('',#4479,1.);
#4479 = DIRECTION('',(0.,0.,-1.));
#4480 = ORIENTED_EDGE('',*,*,#4481,.T.);
#4481 = EDGE_CURVE('',#4474,#4482,#4484,.T.);
#4482 = VERTEX_POINT('',#4483);
#4483 = CARTESIAN_POINT('',(2.9,-2.4,0.3));
#4484 = CIRCLE('',#4485,0.2);
#4485 = AXIS2_PLACEMENT_3D('',#4486,#4487,#4488);
#4486 = CARTESIAN_POINT('',(2.9,-2.4,0.5));
#4487 = DIRECTION('',(0.,-1.,-2.2E-16));
#4488 = DIRECTION('',(1.,0.,0.));
#4489 = ORIENTED_EDGE('',*,*,#4490,.T.);
#4490 = EDGE_CURVE('',#4482,#4491,#4493,.T.);
#4491 = VERTEX_POINT('',#4492);
#4492 = CARTESIAN_POINT('',(3.4,-2.4,0.3));
#4493 = LINE('',#4494,#4495);
#4494 = CARTESIAN_POINT('',(3.05,-2.4,0.3));
#4495 = VECTOR('',#4496,1.);
#4496 = DIRECTION('',(1.,0.,0.));
#4497 = ORIENTED_EDGE('',*,*,#4498,.F.);
#4498 = EDGE_CURVE('',#4441,#4491,#4499,.T.);
#4499 = LINE('',#4500,#4501);
#4500 = CARTESIAN_POINT('',(3.4,-2.4,1.E-15));
#4501 = VECTOR('',#4502,1.);
#4502 = DIRECTION('',(0.,0.,1.));
#4503 = PLANE('',#4504);
#4504 = AXIS2_PLACEMENT_3D('',#4505,#4506,#4507);
#4505 = CARTESIAN_POINT('',(1.6,-2.4,1.E-15));
#4506 = DIRECTION('',(0.,1.,0.));
#4507 = DIRECTION('',(1.,0.,0.));
#4508 = ADVANCED_FACE('',(#4509),#4527,.T.);
#4509 = FACE_BOUND('',#4510,.T.);
#4510 = EDGE_LOOP('',(#4511,#4519,#4525,#4526));
#4511 = ORIENTED_EDGE('',*,*,#4512,.F.);
#4512 = EDGE_CURVE('',#4513,#4439,#4515,.T.);
#4513 = VERTEX_POINT('',#4514);
#4514 = CARTESIAN_POINT('',(1.6,-2.6,1.E-15));
#4515 = LINE('',#4516,#4517);
#4516 = CARTESIAN_POINT('',(1.6,-2.6,1.E-15));
#4517 = VECTOR('',#4518,1.);
#4518 = DIRECTION('',(0.,1.,0.));
#4519 = ORIENTED_EDGE('',*,*,#4520,.T.);
#4520 = EDGE_CURVE('',#4513,#1221,#4521,.T.);
#4521 = LINE('',#4522,#4523);
#4522 = CARTESIAN_POINT('',(1.6,-2.6,1.E-15));
#4523 = VECTOR('',#4524,1.);
#4524 = DIRECTION('',(0.,0.,1.));
#4525 = ORIENTED_EDGE('',*,*,#1228,.F.);
#4526 = ORIENTED_EDGE('',*,*,#4448,.F.);
#4527 = PLANE('',#4528);
#4528 = AXIS2_PLACEMENT_3D('',#4529,#4530,#4531);
#4529 = CARTESIAN_POINT('',(1.6,-2.6,1.E-15));
#4530 = DIRECTION('',(-1.,0.,0.));
#4531 = DIRECTION('',(0.,1.,0.));
#4532 = ADVANCED_FACE('',(#4533),#4599,.T.);
#4533 = FACE_BOUND('',#4534,.T.);
#4534 = EDGE_LOOP('',(#4535,#4543,#4551,#4559,#4568,#4576,#4584,#4590,
    #4591,#4597,#4598));
#4535 = ORIENTED_EDGE('',*,*,#4536,.F.);
#4536 = EDGE_CURVE('',#4537,#4513,#4539,.T.);
#4537 = VERTEX_POINT('',#4538);
#4538 = CARTESIAN_POINT('',(3.4,-2.6,1.E-15));
#4539 = LINE('',#4540,#4541);
#4540 = CARTESIAN_POINT('',(3.4,-2.6,1.E-15));
#4541 = VECTOR('',#4542,1.);
#4542 = DIRECTION('',(-1.,0.,0.));
#4543 = ORIENTED_EDGE('',*,*,#4544,.T.);
#4544 = EDGE_CURVE('',#4537,#4545,#4547,.T.);
#4545 = VERTEX_POINT('',#4546);
#4546 = CARTESIAN_POINT('',(3.4,-2.6,0.3));
#4547 = LINE('',#4548,#4549);
#4548 = CARTESIAN_POINT('',(3.4,-2.6,1.E-15));
#4549 = VECTOR('',#4550,1.);
#4550 = DIRECTION('',(0.,0.,1.));
#4551 = ORIENTED_EDGE('',*,*,#4552,.T.);
#4552 = EDGE_CURVE('',#4545,#4553,#4555,.T.);
#4553 = VERTEX_POINT('',#4554);
#4554 = CARTESIAN_POINT('',(2.9,-2.6,0.3));
#4555 = LINE('',#4556,#4557);
#4556 = CARTESIAN_POINT('',(3.95,-2.6,0.3));
#4557 = VECTOR('',#4558,1.);
#4558 = DIRECTION('',(-1.,0.,0.));
#4559 = ORIENTED_EDGE('',*,*,#4560,.F.);
#4560 = EDGE_CURVE('',#4561,#4553,#4563,.T.);
#4561 = VERTEX_POINT('',#4562);
#4562 = CARTESIAN_POINT('',(2.7,-2.6,0.5));
#4563 = CIRCLE('',#4564,0.2);
#4564 = AXIS2_PLACEMENT_3D('',#4565,#4566,#4567);
#4565 = CARTESIAN_POINT('',(2.9,-2.6,0.5));
#4566 = DIRECTION('',(0.,-1.,-2.2E-16));
#4567 = DIRECTION('',(1.,0.,0.));
#4568 = ORIENTED_EDGE('',*,*,#4569,.T.);
#4569 = EDGE_CURVE('',#4561,#4570,#4572,.T.);
#4570 = VERTEX_POINT('',#4571);
#4571 = CARTESIAN_POINT('',(2.7,-2.6,1.8));
#4572 = LINE('',#4573,#4574);
#4573 = CARTESIAN_POINT('',(2.7,-2.6,0.25));
#4574 = VECTOR('',#4575,1.);
#4575 = DIRECTION('',(0.,0.,1.));
#4576 = ORIENTED_EDGE('',*,*,#4577,.T.);
#4577 = EDGE_CURVE('',#4570,#4578,#4580,.T.);
#4578 = VERTEX_POINT('',#4579);
#4579 = CARTESIAN_POINT('',(1.6,-2.6,1.8));
#4580 = LINE('',#4581,#4582);
#4581 = CARTESIAN_POINT('',(3.4,-2.6,1.8));
#4582 = VECTOR('',#4583,1.);
#4583 = DIRECTION('',(-1.,0.,0.));
#4584 = ORIENTED_EDGE('',*,*,#4585,.F.);
#4585 = EDGE_CURVE('',#1845,#4578,#4586,.T.);
#4586 = LINE('',#4587,#4588);
#4587 = CARTESIAN_POINT('',(1.6,-2.6,1.E-15));
#4588 = VECTOR('',#4589,1.);
#4589 = DIRECTION('',(0.,0.,1.));
#4590 = ORIENTED_EDGE('',*,*,#1844,.T.);
#4591 = ORIENTED_EDGE('',*,*,#4592,.T.);
#4592 = EDGE_CURVE('',#1837,#1213,#4593,.T.);
#4593 = LINE('',#4594,#4595);
#4594 = CARTESIAN_POINT('',(1.7,-2.6,0.1));
#4595 = VECTOR('',#4596,1.);
#4596 = DIRECTION('',(0.,0.,-1.));
#4597 = ORIENTED_EDGE('',*,*,#1220,.F.);
#4598 = ORIENTED_EDGE('',*,*,#4520,.F.);
#4599 = PLANE('',#4600);
#4600 = AXIS2_PLACEMENT_3D('',#4601,#4602,#4603);
#4601 = CARTESIAN_POINT('',(3.4,-2.6,1.E-15));
#4602 = DIRECTION('',(0.,-1.,0.));
#4603 = DIRECTION('',(-1.,0.,0.));
#4604 = ADVANCED_FACE('',(#4605),#4616,.T.);
#4605 = FACE_BOUND('',#4606,.T.);
#4606 = EDGE_LOOP('',(#4607,#4608,#4609,#4610));
#4607 = ORIENTED_EDGE('',*,*,#1212,.F.);
#4608 = ORIENTED_EDGE('',*,*,#4592,.F.);
#4609 = ORIENTED_EDGE('',*,*,#1836,.T.);
#4610 = ORIENTED_EDGE('',*,*,#4611,.F.);
#4611 = EDGE_CURVE('',#1205,#1829,#4612,.T.);
#4612 = LINE('',#4613,#4614);
#4613 = CARTESIAN_POINT('',(1.7,-2.9,0.1));
#4614 = VECTOR('',#4615,1.);
#4615 = DIRECTION('',(0.,0.,1.));
#4616 = PLANE('',#4617);
#4617 = AXIS2_PLACEMENT_3D('',#4618,#4619,#4620);
#4618 = CARTESIAN_POINT('',(1.7,4.25,0.2));
#4619 = DIRECTION('',(1.,0.,0.));
#4620 = DIRECTION('',(0.,-1.,0.));
#4621 = ADVANCED_FACE('',(#4622),#4690,.T.);
#4622 = FACE_BOUND('',#4623,.T.);
#4623 = EDGE_LOOP('',(#4624,#4634,#4640,#4641,#4642,#4643,#4651,#4659,
    #4667,#4676,#4684));
#4624 = ORIENTED_EDGE('',*,*,#4625,.F.);
#4625 = EDGE_CURVE('',#4626,#4628,#4630,.T.);
#4626 = VERTEX_POINT('',#4627);
#4627 = CARTESIAN_POINT('',(1.6,-2.9,1.E-15));
#4628 = VERTEX_POINT('',#4629);
#4629 = CARTESIAN_POINT('',(3.4,-2.9,1.E-15));
#4630 = LINE('',#4631,#4632);
#4631 = CARTESIAN_POINT('',(1.6,-2.9,1.E-15));
#4632 = VECTOR('',#4633,1.);
#4633 = DIRECTION('',(1.,0.,0.));
#4634 = ORIENTED_EDGE('',*,*,#4635,.T.);
#4635 = EDGE_CURVE('',#4626,#1197,#4636,.T.);
#4636 = LINE('',#4637,#4638);
#4637 = CARTESIAN_POINT('',(1.6,-2.9,1.E-15));
#4638 = VECTOR('',#4639,1.);
#4639 = DIRECTION('',(0.,0.,1.));
#4640 = ORIENTED_EDGE('',*,*,#1204,.F.);
#4641 = ORIENTED_EDGE('',*,*,#4611,.T.);
#4642 = ORIENTED_EDGE('',*,*,#1828,.T.);
#4643 = ORIENTED_EDGE('',*,*,#4644,.T.);
#4644 = EDGE_CURVE('',#1821,#4645,#4647,.T.);
#4645 = VERTEX_POINT('',#4646);
#4646 = CARTESIAN_POINT('',(1.6,-2.9,1.8));
#4647 = LINE('',#4648,#4649);
#4648 = CARTESIAN_POINT('',(1.6,-2.9,1.E-15));
#4649 = VECTOR('',#4650,1.);
#4650 = DIRECTION('',(0.,0.,1.));
#4651 = ORIENTED_EDGE('',*,*,#4652,.T.);
#4652 = EDGE_CURVE('',#4645,#4653,#4655,.T.);
#4653 = VERTEX_POINT('',#4654);
#4654 = CARTESIAN_POINT('',(2.7,-2.9,1.8));
#4655 = LINE('',#4656,#4657);
#4656 = CARTESIAN_POINT('',(1.6,-2.9,1.8));
#4657 = VECTOR('',#4658,1.);
#4658 = DIRECTION('',(1.,0.,0.));
#4659 = ORIENTED_EDGE('',*,*,#4660,.T.);
#4660 = EDGE_CURVE('',#4653,#4661,#4663,.T.);
#4661 = VERTEX_POINT('',#4662);
#4662 = CARTESIAN_POINT('',(2.7,-2.9,0.5));
#4663 = LINE('',#4664,#4665);
#4664 = CARTESIAN_POINT('',(2.7,-2.9,0.25));
#4665 = VECTOR('',#4666,1.);
#4666 = DIRECTION('',(0.,0.,-1.));
#4667 = ORIENTED_EDGE('',*,*,#4668,.T.);
#4668 = EDGE_CURVE('',#4661,#4669,#4671,.T.);
#4669 = VERTEX_POINT('',#4670);
#4670 = CARTESIAN_POINT('',(2.9,-2.9,0.3));
#4671 = CIRCLE('',#4672,0.2);
#4672 = AXIS2_PLACEMENT_3D('',#4673,#4674,#4675);
#4673 = CARTESIAN_POINT('',(2.9,-2.9,0.5));
#4674 = DIRECTION('',(0.,-1.,-2.2E-16));
#4675 = DIRECTION('',(1.,0.,0.));
#4676 = ORIENTED_EDGE('',*,*,#4677,.T.);
#4677 = EDGE_CURVE('',#4669,#4678,#4680,.T.);
#4678 = VERTEX_POINT('',#4679);
#4679 = CARTESIAN_POINT('',(3.4,-2.9,0.3));
#4680 = LINE('',#4681,#4682);
#4681 = CARTESIAN_POINT('',(3.05,-2.9,0.3));
#4682 = VECTOR('',#4683,1.);
#4683 = DIRECTION('',(1.,0.,0.));
#4684 = ORIENTED_EDGE('',*,*,#4685,.F.);
#4685 = EDGE_CURVE('',#4628,#4678,#4686,.T.);
#4686 = LINE('',#4687,#4688);
#4687 = CARTESIAN_POINT('',(3.4,-2.9,1.E-15));
#4688 = VECTOR('',#4689,1.);
#4689 = DIRECTION('',(0.,0.,1.));
#4690 = PLANE('',#4691);
#4691 = AXIS2_PLACEMENT_3D('',#4692,#4693,#4694);
#4692 = CARTESIAN_POINT('',(1.6,-2.9,1.E-15));
#4693 = DIRECTION('',(0.,1.,0.));
#4694 = DIRECTION('',(1.,0.,0.));
#4695 = ADVANCED_FACE('',(#4696),#4714,.T.);
#4696 = FACE_BOUND('',#4697,.T.);
#4697 = EDGE_LOOP('',(#4698,#4706,#4712,#4713));
#4698 = ORIENTED_EDGE('',*,*,#4699,.F.);
#4699 = EDGE_CURVE('',#4700,#4626,#4702,.T.);
#4700 = VERTEX_POINT('',#4701);
#4701 = CARTESIAN_POINT('',(1.6,-3.1,1.E-15));
#4702 = LINE('',#4703,#4704);
#4703 = CARTESIAN_POINT('',(1.6,-3.1,1.E-15));
#4704 = VECTOR('',#4705,1.);
#4705 = DIRECTION('',(0.,1.,0.));
#4706 = ORIENTED_EDGE('',*,*,#4707,.T.);
#4707 = EDGE_CURVE('',#4700,#1189,#4708,.T.);
#4708 = LINE('',#4709,#4710);
#4709 = CARTESIAN_POINT('',(1.6,-3.1,1.E-15));
#4710 = VECTOR('',#4711,1.);
#4711 = DIRECTION('',(0.,0.,1.));
#4712 = ORIENTED_EDGE('',*,*,#1196,.F.);
#4713 = ORIENTED_EDGE('',*,*,#4635,.F.);
#4714 = PLANE('',#4715);
#4715 = AXIS2_PLACEMENT_3D('',#4716,#4717,#4718);
#4716 = CARTESIAN_POINT('',(1.6,-3.1,1.E-15));
#4717 = DIRECTION('',(-1.,0.,0.));
#4718 = DIRECTION('',(0.,1.,0.));
#4719 = ADVANCED_FACE('',(#4720),#4786,.T.);
#4720 = FACE_BOUND('',#4721,.T.);
#4721 = EDGE_LOOP('',(#4722,#4730,#4738,#4746,#4755,#4763,#4771,#4777,
    #4778,#4784,#4785));
#4722 = ORIENTED_EDGE('',*,*,#4723,.F.);
#4723 = EDGE_CURVE('',#4724,#4700,#4726,.T.);
#4724 = VERTEX_POINT('',#4725);
#4725 = CARTESIAN_POINT('',(3.4,-3.1,1.E-15));
#4726 = LINE('',#4727,#4728);
#4727 = CARTESIAN_POINT('',(3.4,-3.1,1.E-15));
#4728 = VECTOR('',#4729,1.);
#4729 = DIRECTION('',(-1.,0.,0.));
#4730 = ORIENTED_EDGE('',*,*,#4731,.T.);
#4731 = EDGE_CURVE('',#4724,#4732,#4734,.T.);
#4732 = VERTEX_POINT('',#4733);
#4733 = CARTESIAN_POINT('',(3.4,-3.1,0.3));
#4734 = LINE('',#4735,#4736);
#4735 = CARTESIAN_POINT('',(3.4,-3.1,1.E-15));
#4736 = VECTOR('',#4737,1.);
#4737 = DIRECTION('',(0.,0.,1.));
#4738 = ORIENTED_EDGE('',*,*,#4739,.T.);
#4739 = EDGE_CURVE('',#4732,#4740,#4742,.T.);
#4740 = VERTEX_POINT('',#4741);
#4741 = CARTESIAN_POINT('',(2.9,-3.1,0.3));
#4742 = LINE('',#4743,#4744);
#4743 = CARTESIAN_POINT('',(3.95,-3.1,0.3));
#4744 = VECTOR('',#4745,1.);
#4745 = DIRECTION('',(-1.,0.,0.));
#4746 = ORIENTED_EDGE('',*,*,#4747,.F.);
#4747 = EDGE_CURVE('',#4748,#4740,#4750,.T.);
#4748 = VERTEX_POINT('',#4749);
#4749 = CARTESIAN_POINT('',(2.7,-3.1,0.5));
#4750 = CIRCLE('',#4751,0.2);
#4751 = AXIS2_PLACEMENT_3D('',#4752,#4753,#4754);
#4752 = CARTESIAN_POINT('',(2.9,-3.1,0.5));
#4753 = DIRECTION('',(0.,-1.,-2.2E-16));
#4754 = DIRECTION('',(1.,0.,0.));
#4755 = ORIENTED_EDGE('',*,*,#4756,.T.);
#4756 = EDGE_CURVE('',#4748,#4757,#4759,.T.);
#4757 = VERTEX_POINT('',#4758);
#4758 = CARTESIAN_POINT('',(2.7,-3.1,1.8));
#4759 = LINE('',#4760,#4761);
#4760 = CARTESIAN_POINT('',(2.7,-3.1,0.25));
#4761 = VECTOR('',#4762,1.);
#4762 = DIRECTION('',(0.,0.,1.));
#4763 = ORIENTED_EDGE('',*,*,#4764,.T.);
#4764 = EDGE_CURVE('',#4757,#4765,#4767,.T.);
#4765 = VERTEX_POINT('',#4766);
#4766 = CARTESIAN_POINT('',(1.6,-3.1,1.8));
#4767 = LINE('',#4768,#4769);
#4768 = CARTESIAN_POINT('',(3.4,-3.1,1.8));
#4769 = VECTOR('',#4770,1.);
#4770 = DIRECTION('',(-1.,0.,0.));
#4771 = ORIENTED_EDGE('',*,*,#4772,.F.);
#4772 = EDGE_CURVE('',#1813,#4765,#4773,.T.);
#4773 = LINE('',#4774,#4775);
#4774 = CARTESIAN_POINT('',(1.6,-3.1,1.E-15));
#4775 = VECTOR('',#4776,1.);
#4776 = DIRECTION('',(0.,0.,1.));
#4777 = ORIENTED_EDGE('',*,*,#1812,.T.);
#4778 = ORIENTED_EDGE('',*,*,#4779,.T.);
#4779 = EDGE_CURVE('',#1805,#1181,#4780,.T.);
#4780 = LINE('',#4781,#4782);
#4781 = CARTESIAN_POINT('',(1.7,-3.1,0.1));
#4782 = VECTOR('',#4783,1.);
#4783 = DIRECTION('',(0.,0.,-1.));
#4784 = ORIENTED_EDGE('',*,*,#1188,.F.);
#4785 = ORIENTED_EDGE('',*,*,#4707,.F.);
#4786 = PLANE('',#4787);
#4787 = AXIS2_PLACEMENT_3D('',#4788,#4789,#4790);
#4788 = CARTESIAN_POINT('',(3.4,-3.1,1.E-15));
#4789 = DIRECTION('',(0.,-1.,0.));
#4790 = DIRECTION('',(-1.,0.,0.));
#4791 = ADVANCED_FACE('',(#4792),#4803,.T.);
#4792 = FACE_BOUND('',#4793,.T.);
#4793 = EDGE_LOOP('',(#4794,#4795,#4796,#4797));
#4794 = ORIENTED_EDGE('',*,*,#1180,.F.);
#4795 = ORIENTED_EDGE('',*,*,#4779,.F.);
#4796 = ORIENTED_EDGE('',*,*,#1804,.T.);
#4797 = ORIENTED_EDGE('',*,*,#4798,.F.);
#4798 = EDGE_CURVE('',#1173,#1797,#4799,.T.);
#4799 = LINE('',#4800,#4801);
#4800 = CARTESIAN_POINT('',(1.7,-3.4,0.1));
#4801 = VECTOR('',#4802,1.);
#4802 = DIRECTION('',(0.,0.,1.));
#4803 = PLANE('',#4804);
#4804 = AXIS2_PLACEMENT_3D('',#4805,#4806,#4807);
#4805 = CARTESIAN_POINT('',(1.7,4.25,0.2));
#4806 = DIRECTION('',(1.,0.,0.));
#4807 = DIRECTION('',(0.,-1.,0.));
#4808 = ADVANCED_FACE('',(#4809),#4877,.T.);
#4809 = FACE_BOUND('',#4810,.T.);
#4810 = EDGE_LOOP('',(#4811,#4821,#4827,#4828,#4829,#4830,#4838,#4846,
    #4854,#4863,#4871));
#4811 = ORIENTED_EDGE('',*,*,#4812,.F.);
#4812 = EDGE_CURVE('',#4813,#4815,#4817,.T.);
#4813 = VERTEX_POINT('',#4814);
#4814 = CARTESIAN_POINT('',(1.6,-3.4,1.E-15));
#4815 = VERTEX_POINT('',#4816);
#4816 = CARTESIAN_POINT('',(3.4,-3.4,1.E-15));
#4817 = LINE('',#4818,#4819);
#4818 = CARTESIAN_POINT('',(1.6,-3.4,1.E-15));
#4819 = VECTOR('',#4820,1.);
#4820 = DIRECTION('',(1.,0.,0.));
#4821 = ORIENTED_EDGE('',*,*,#4822,.T.);
#4822 = EDGE_CURVE('',#4813,#1165,#4823,.T.);
#4823 = LINE('',#4824,#4825);
#4824 = CARTESIAN_POINT('',(1.6,-3.4,1.E-15));
#4825 = VECTOR('',#4826,1.);
#4826 = DIRECTION('',(0.,0.,1.));
#4827 = ORIENTED_EDGE('',*,*,#1172,.F.);
#4828 = ORIENTED_EDGE('',*,*,#4798,.T.);
#4829 = ORIENTED_EDGE('',*,*,#1796,.T.);
#4830 = ORIENTED_EDGE('',*,*,#4831,.T.);
#4831 = EDGE_CURVE('',#1789,#4832,#4834,.T.);
#4832 = VERTEX_POINT('',#4833);
#4833 = CARTESIAN_POINT('',(1.6,-3.4,1.8));
#4834 = LINE('',#4835,#4836);
#4835 = CARTESIAN_POINT('',(1.6,-3.4,1.E-15));
#4836 = VECTOR('',#4837,1.);
#4837 = DIRECTION('',(0.,0.,1.));
#4838 = ORIENTED_EDGE('',*,*,#4839,.T.);
#4839 = EDGE_CURVE('',#4832,#4840,#4842,.T.);
#4840 = VERTEX_POINT('',#4841);
#4841 = CARTESIAN_POINT('',(2.7,-3.4,1.8));
#4842 = LINE('',#4843,#4844);
#4843 = CARTESIAN_POINT('',(1.6,-3.4,1.8));
#4844 = VECTOR('',#4845,1.);
#4845 = DIRECTION('',(1.,0.,0.));
#4846 = ORIENTED_EDGE('',*,*,#4847,.T.);
#4847 = EDGE_CURVE('',#4840,#4848,#4850,.T.);
#4848 = VERTEX_POINT('',#4849);
#4849 = CARTESIAN_POINT('',(2.7,-3.4,0.5));
#4850 = LINE('',#4851,#4852);
#4851 = CARTESIAN_POINT('',(2.7,-3.4,0.25));
#4852 = VECTOR('',#4853,1.);
#4853 = DIRECTION('',(0.,0.,-1.));
#4854 = ORIENTED_EDGE('',*,*,#4855,.T.);
#4855 = EDGE_CURVE('',#4848,#4856,#4858,.T.);
#4856 = VERTEX_POINT('',#4857);
#4857 = CARTESIAN_POINT('',(2.9,-3.4,0.3));
#4858 = CIRCLE('',#4859,0.2);
#4859 = AXIS2_PLACEMENT_3D('',#4860,#4861,#4862);
#4860 = CARTESIAN_POINT('',(2.9,-3.4,0.5));
#4861 = DIRECTION('',(0.,-1.,-2.2E-16));
#4862 = DIRECTION('',(1.,0.,0.));
#4863 = ORIENTED_EDGE('',*,*,#4864,.T.);
#4864 = EDGE_CURVE('',#4856,#4865,#4867,.T.);
#4865 = VERTEX_POINT('',#4866);
#4866 = CARTESIAN_POINT('',(3.4,-3.4,0.3));
#4867 = LINE('',#4868,#4869);
#4868 = CARTESIAN_POINT('',(3.05,-3.4,0.3));
#4869 = VECTOR('',#4870,1.);
#4870 = DIRECTION('',(1.,0.,0.));
#4871 = ORIENTED_EDGE('',*,*,#4872,.F.);
#4872 = EDGE_CURVE('',#4815,#4865,#4873,.T.);
#4873 = LINE('',#4874,#4875);
#4874 = CARTESIAN_POINT('',(3.4,-3.4,1.E-15));
#4875 = VECTOR('',#4876,1.);
#4876 = DIRECTION('',(0.,0.,1.));
#4877 = PLANE('',#4878);
#4878 = AXIS2_PLACEMENT_3D('',#4879,#4880,#4881);
#4879 = CARTESIAN_POINT('',(1.6,-3.4,1.E-15));
#4880 = DIRECTION('',(0.,1.,0.));
#4881 = DIRECTION('',(1.,0.,0.));
#4882 = ADVANCED_FACE('',(#4883),#4901,.T.);
#4883 = FACE_BOUND('',#4884,.T.);
#4884 = EDGE_LOOP('',(#4885,#4893,#4899,#4900));
#4885 = ORIENTED_EDGE('',*,*,#4886,.F.);
#4886 = EDGE_CURVE('',#4887,#4813,#4889,.T.);
#4887 = VERTEX_POINT('',#4888);
#4888 = CARTESIAN_POINT('',(1.6,-3.6,1.E-15));
#4889 = LINE('',#4890,#4891);
#4890 = CARTESIAN_POINT('',(1.6,-3.6,1.E-15));
#4891 = VECTOR('',#4892,1.);
#4892 = DIRECTION('',(0.,1.,0.));
#4893 = ORIENTED_EDGE('',*,*,#4894,.T.);
#4894 = EDGE_CURVE('',#4887,#1157,#4895,.T.);
#4895 = LINE('',#4896,#4897);
#4896 = CARTESIAN_POINT('',(1.6,-3.6,1.E-15));
#4897 = VECTOR('',#4898,1.);
#4898 = DIRECTION('',(0.,0.,1.));
#4899 = ORIENTED_EDGE('',*,*,#1164,.F.);
#4900 = ORIENTED_EDGE('',*,*,#4822,.F.);
#4901 = PLANE('',#4902);
#4902 = AXIS2_PLACEMENT_3D('',#4903,#4904,#4905);
#4903 = CARTESIAN_POINT('',(1.6,-3.6,1.E-15));
#4904 = DIRECTION('',(-1.,0.,0.));
#4905 = DIRECTION('',(0.,1.,0.));
#4906 = ADVANCED_FACE('',(#4907),#4973,.T.);
#4907 = FACE_BOUND('',#4908,.T.);
#4908 = EDGE_LOOP('',(#4909,#4917,#4925,#4933,#4942,#4950,#4958,#4964,
    #4965,#4971,#4972));
#4909 = ORIENTED_EDGE('',*,*,#4910,.F.);
#4910 = EDGE_CURVE('',#4911,#4887,#4913,.T.);
#4911 = VERTEX_POINT('',#4912);
#4912 = CARTESIAN_POINT('',(3.4,-3.6,1.E-15));
#4913 = LINE('',#4914,#4915);
#4914 = CARTESIAN_POINT('',(3.4,-3.6,1.E-15));
#4915 = VECTOR('',#4916,1.);
#4916 = DIRECTION('',(-1.,0.,0.));
#4917 = ORIENTED_EDGE('',*,*,#4918,.T.);
#4918 = EDGE_CURVE('',#4911,#4919,#4921,.T.);
#4919 = VERTEX_POINT('',#4920);
#4920 = CARTESIAN_POINT('',(3.4,-3.6,0.3));
#4921 = LINE('',#4922,#4923);
#4922 = CARTESIAN_POINT('',(3.4,-3.6,1.E-15));
#4923 = VECTOR('',#4924,1.);
#4924 = DIRECTION('',(0.,0.,1.));
#4925 = ORIENTED_EDGE('',*,*,#4926,.T.);
#4926 = EDGE_CURVE('',#4919,#4927,#4929,.T.);
#4927 = VERTEX_POINT('',#4928);
#4928 = CARTESIAN_POINT('',(2.9,-3.6,0.3));
#4929 = LINE('',#4930,#4931);
#4930 = CARTESIAN_POINT('',(3.95,-3.6,0.3));
#4931 = VECTOR('',#4932,1.);
#4932 = DIRECTION('',(-1.,0.,0.));
#4933 = ORIENTED_EDGE('',*,*,#4934,.F.);
#4934 = EDGE_CURVE('',#4935,#4927,#4937,.T.);
#4935 = VERTEX_POINT('',#4936);
#4936 = CARTESIAN_POINT('',(2.7,-3.6,0.5));
#4937 = CIRCLE('',#4938,0.2);
#4938 = AXIS2_PLACEMENT_3D('',#4939,#4940,#4941);
#4939 = CARTESIAN_POINT('',(2.9,-3.6,0.5));
#4940 = DIRECTION('',(0.,-1.,-2.2E-16));
#4941 = DIRECTION('',(1.,0.,0.));
#4942 = ORIENTED_EDGE('',*,*,#4943,.T.);
#4943 = EDGE_CURVE('',#4935,#4944,#4946,.T.);
#4944 = VERTEX_POINT('',#4945);
#4945 = CARTESIAN_POINT('',(2.7,-3.6,1.8));
#4946 = LINE('',#4947,#4948);
#4947 = CARTESIAN_POINT('',(2.7,-3.6,0.25));
#4948 = VECTOR('',#4949,1.);
#4949 = DIRECTION('',(0.,0.,1.));
#4950 = ORIENTED_EDGE('',*,*,#4951,.T.);
#4951 = EDGE_CURVE('',#4944,#4952,#4954,.T.);
#4952 = VERTEX_POINT('',#4953);
#4953 = CARTESIAN_POINT('',(1.6,-3.6,1.8));
#4954 = LINE('',#4955,#4956);
#4955 = CARTESIAN_POINT('',(3.4,-3.6,1.8));
#4956 = VECTOR('',#4957,1.);
#4957 = DIRECTION('',(-1.,0.,0.));
#4958 = ORIENTED_EDGE('',*,*,#4959,.F.);
#4959 = EDGE_CURVE('',#1781,#4952,#4960,.T.);
#4960 = LINE('',#4961,#4962);
#4961 = CARTESIAN_POINT('',(1.6,-3.6,1.E-15));
#4962 = VECTOR('',#4963,1.);
#4963 = DIRECTION('',(0.,0.,1.));
#4964 = ORIENTED_EDGE('',*,*,#1780,.T.);
#4965 = ORIENTED_EDGE('',*,*,#4966,.T.);
#4966 = EDGE_CURVE('',#1773,#1149,#4967,.T.);
#4967 = LINE('',#4968,#4969);
#4968 = CARTESIAN_POINT('',(1.7,-3.6,0.1));
#4969 = VECTOR('',#4970,1.);
#4970 = DIRECTION('',(0.,0.,-1.));
#4971 = ORIENTED_EDGE('',*,*,#1156,.F.);
#4972 = ORIENTED_EDGE('',*,*,#4894,.F.);
#4973 = PLANE('',#4974);
#4974 = AXIS2_PLACEMENT_3D('',#4975,#4976,#4977);
#4975 = CARTESIAN_POINT('',(3.4,-3.6,1.E-15));
#4976 = DIRECTION('',(0.,-1.,0.));
#4977 = DIRECTION('',(-1.,0.,0.));
#4978 = ADVANCED_FACE('',(#4979),#4990,.T.);
#4979 = FACE_BOUND('',#4980,.T.);
#4980 = EDGE_LOOP('',(#4981,#4982,#4983,#4984));
#4981 = ORIENTED_EDGE('',*,*,#1148,.F.);
#4982 = ORIENTED_EDGE('',*,*,#4966,.F.);
#4983 = ORIENTED_EDGE('',*,*,#1772,.T.);
#4984 = ORIENTED_EDGE('',*,*,#4985,.F.);
#4985 = EDGE_CURVE('',#1141,#1765,#4986,.T.);
#4986 = LINE('',#4987,#4988);
#4987 = CARTESIAN_POINT('',(1.7,-4.25,0.2));
#4988 = VECTOR('',#4989,1.);
#4989 = DIRECTION('',(0.,0.,1.));
#4990 = PLANE('',#4991);
#4991 = AXIS2_PLACEMENT_3D('',#4992,#4993,#4994);
#4992 = CARTESIAN_POINT('',(1.7,4.25,0.2));
#4993 = DIRECTION('',(1.,0.,0.));
#4994 = DIRECTION('',(0.,-1.,0.));
#4995 = ADVANCED_FACE('',(#4996),#5007,.T.);
#4996 = FACE_BOUND('',#4997,.T.);
#4997 = EDGE_LOOP('',(#4998,#4999,#5000,#5006));
#4998 = ORIENTED_EDGE('',*,*,#4985,.T.);
#4999 = ORIENTED_EDGE('',*,*,#1764,.T.);
#5000 = ORIENTED_EDGE('',*,*,#5001,.F.);
#5001 = EDGE_CURVE('',#1133,#1757,#5002,.T.);
#5002 = LINE('',#5003,#5004);
#5003 = CARTESIAN_POINT('',(0.6,-4.25,0.2));
#5004 = VECTOR('',#5005,1.);
#5005 = DIRECTION('',(0.,0.,1.));
#5006 = ORIENTED_EDGE('',*,*,#1140,.F.);
#5007 = PLANE('',#5008);
#5008 = AXIS2_PLACEMENT_3D('',#5009,#5010,#5011);
#5009 = CARTESIAN_POINT('',(1.7,-4.25,0.2));
#5010 = DIRECTION('',(0.,-1.,0.));
#5011 = DIRECTION('',(-1.,0.,0.));
#5012 = ADVANCED_FACE('',(#5013),#5024,.T.);
#5013 = FACE_BOUND('',#5014,.T.);
#5014 = EDGE_LOOP('',(#5015,#5016,#5017,#5018));
#5015 = ORIENTED_EDGE('',*,*,#1132,.F.);
#5016 = ORIENTED_EDGE('',*,*,#5001,.T.);
#5017 = ORIENTED_EDGE('',*,*,#1756,.T.);
#5018 = ORIENTED_EDGE('',*,*,#5019,.T.);
#5019 = EDGE_CURVE('',#1749,#1125,#5020,.T.);
#5020 = LINE('',#5021,#5022);
#5021 = CARTESIAN_POINT('',(0.6,-4.8,0.8));
#5022 = VECTOR('',#5023,1.);
#5023 = DIRECTION('',(0.,0.,-1.));
#5024 = PLANE('',#5025);
#5025 = AXIS2_PLACEMENT_3D('',#5026,#5027,#5028);
#5026 = CARTESIAN_POINT('',(0.6,-4.25,0.2));
#5027 = DIRECTION('',(1.,0.,0.));
#5028 = DIRECTION('',(0.,-1.,0.));
#5029 = ADVANCED_FACE('',(#5030),#5078,.F.);
#5030 = FACE_BOUND('',#5031,.F.);
#5031 = EDGE_LOOP('',(#5032,#5040,#5048,#5056,#5064,#5070,#5071,#5077));
#5032 = ORIENTED_EDGE('',*,*,#5033,.F.);
#5033 = EDGE_CURVE('',#5034,#1749,#5036,.T.);
#5034 = VERTEX_POINT('',#5035);
#5035 = CARTESIAN_POINT('',(0.6,-4.8,0.8));
#5036 = LINE('',#5037,#5038);
#5037 = CARTESIAN_POINT('',(0.6,-4.8,0.8));
#5038 = VECTOR('',#5039,1.);
#5039 = DIRECTION('',(0.,0.,-1.));
#5040 = ORIENTED_EDGE('',*,*,#5041,.T.);
#5041 = EDGE_CURVE('',#5034,#5042,#5044,.T.);
#5042 = VERTEX_POINT('',#5043);
#5043 = CARTESIAN_POINT('',(-0.6,-4.8,0.8));
#5044 = LINE('',#5045,#5046);
#5045 = CARTESIAN_POINT('',(0.6,-4.8,0.8));
#5046 = VECTOR('',#5047,1.);
#5047 = DIRECTION('',(-1.,2.2E-16,-2.8E-16));
#5048 = ORIENTED_EDGE('',*,*,#5049,.T.);
#5049 = EDGE_CURVE('',#5042,#5050,#5052,.T.);
#5050 = VERTEX_POINT('',#5051);
#5051 = CARTESIAN_POINT('',(-0.6,-4.8,0.1));
#5052 = LINE('',#5053,#5054);
#5053 = CARTESIAN_POINT('',(-0.6,-4.8,0.8));
#5054 = VECTOR('',#5055,1.);
#5055 = DIRECTION('',(0.,0.,-1.));
#5056 = ORIENTED_EDGE('',*,*,#5057,.F.);
#5057 = EDGE_CURVE('',#5058,#5050,#5060,.T.);
#5058 = VERTEX_POINT('',#5059);
#5059 = CARTESIAN_POINT('',(0.6,-4.8,0.1));
#5060 = LINE('',#5061,#5062);
#5061 = CARTESIAN_POINT('',(0.6,-4.8,0.1));
#5062 = VECTOR('',#5063,1.);
#5063 = DIRECTION('',(-1.,2.2E-16,-2.8E-16));
#5064 = ORIENTED_EDGE('',*,*,#5065,.F.);
#5065 = EDGE_CURVE('',#1125,#5058,#5066,.T.);
#5066 = LINE('',#5067,#5068);
#5067 = CARTESIAN_POINT('',(0.6,-4.8,0.8));
#5068 = VECTOR('',#5069,1.);
#5069 = DIRECTION('',(0.,0.,-1.));
#5070 = ORIENTED_EDGE('',*,*,#1124,.F.);
#5071 = ORIENTED_EDGE('',*,*,#5072,.T.);
#5072 = EDGE_CURVE('',#1117,#1741,#5073,.T.);
#5073 = LINE('',#5074,#5075);
#5074 = CARTESIAN_POINT('',(0.3,-4.8,0.5));
#5075 = VECTOR('',#5076,1.);
#5076 = DIRECTION('',(0.,2.2E-16,1.));
#5077 = ORIENTED_EDGE('',*,*,#1748,.T.);
#5078 = PLANE('',#5079);
#5079 = AXIS2_PLACEMENT_3D('',#5080,#5081,#5082);
#5080 = CARTESIAN_POINT('',(0.6,-4.8,0.8));
#5081 = DIRECTION('',(-2.2E-16,-1.,2.2E-16));
#5082 = DIRECTION('',(2.2E-16,-2.2E-16,-1.));
#5083 = ADVANCED_FACE('',(#5084),#5095,.T.);
#5084 = FACE_BOUND('',#5085,.T.);
#5085 = EDGE_LOOP('',(#5086,#5087,#5088,#5089));
#5086 = ORIENTED_EDGE('',*,*,#1116,.F.);
#5087 = ORIENTED_EDGE('',*,*,#5072,.T.);
#5088 = ORIENTED_EDGE('',*,*,#1740,.T.);
#5089 = ORIENTED_EDGE('',*,*,#5090,.F.);
#5090 = EDGE_CURVE('',#1109,#1733,#5091,.T.);
#5091 = LINE('',#5092,#5093);
#5092 = CARTESIAN_POINT('',(0.3,4.8,0.5));
#5093 = VECTOR('',#5094,1.);
#5094 = DIRECTION('',(0.,-6.7E-16,1.));
#5095 = PLANE('',#5096);
#5096 = AXIS2_PLACEMENT_3D('',#5097,#5098,#5099);
#5097 = CARTESIAN_POINT('',(0.3,-4.9,0.2));
#5098 = DIRECTION('',(-1.,0.,0.));
#5099 = DIRECTION('',(0.,1.,0.));
#5100 = ADVANCED_FACE('',(#5101),#5144,.F.);
#5101 = FACE_BOUND('',#5102,.T.);
#5102 = EDGE_LOOP('',(#5103,#5111,#5119,#5127,#5135,#5141,#5142,#5143));
#5103 = ORIENTED_EDGE('',*,*,#5104,.F.);
#5104 = EDGE_CURVE('',#5105,#1725,#5107,.T.);
#5105 = VERTEX_POINT('',#5106);
#5106 = CARTESIAN_POINT('',(0.6,4.8,0.8));
#5107 = LINE('',#5108,#5109);
#5108 = CARTESIAN_POINT('',(0.6,4.8,0.8));
#5109 = VECTOR('',#5110,1.);
#5110 = DIRECTION('',(0.,8.9E-16,-1.));
#5111 = ORIENTED_EDGE('',*,*,#5112,.T.);
#5112 = EDGE_CURVE('',#5105,#5113,#5115,.T.);
#5113 = VERTEX_POINT('',#5114);
#5114 = CARTESIAN_POINT('',(-0.6,4.8,0.8));
#5115 = LINE('',#5116,#5117);
#5116 = CARTESIAN_POINT('',(0.6,4.8,0.8));
#5117 = VECTOR('',#5118,1.);
#5118 = DIRECTION('',(-1.,-2.2E-16,-2.8E-16));
#5119 = ORIENTED_EDGE('',*,*,#5120,.T.);
#5120 = EDGE_CURVE('',#5113,#5121,#5123,.T.);
#5121 = VERTEX_POINT('',#5122);
#5122 = CARTESIAN_POINT('',(-0.6,4.8,0.1));
#5123 = LINE('',#5124,#5125);
#5124 = CARTESIAN_POINT('',(-0.6,4.8,0.8));
#5125 = VECTOR('',#5126,1.);
#5126 = DIRECTION('',(0.,8.9E-16,-1.));
#5127 = ORIENTED_EDGE('',*,*,#5128,.F.);
#5128 = EDGE_CURVE('',#5129,#5121,#5131,.T.);
#5129 = VERTEX_POINT('',#5130);
#5130 = CARTESIAN_POINT('',(0.6,4.8,0.1));
#5131 = LINE('',#5132,#5133);
#5132 = CARTESIAN_POINT('',(0.6,4.8,0.1));
#5133 = VECTOR('',#5134,1.);
#5134 = DIRECTION('',(-1.,-2.2E-16,-2.8E-16));
#5135 = ORIENTED_EDGE('',*,*,#5136,.F.);
#5136 = EDGE_CURVE('',#1101,#5129,#5137,.T.);
#5137 = LINE('',#5138,#5139);
#5138 = CARTESIAN_POINT('',(0.6,4.8,0.8));
#5139 = VECTOR('',#5140,1.);
#5140 = DIRECTION('',(0.,8.9E-16,-1.));
#5141 = ORIENTED_EDGE('',*,*,#1108,.F.);
#5142 = ORIENTED_EDGE('',*,*,#5090,.T.);
#5143 = ORIENTED_EDGE('',*,*,#1732,.T.);
#5144 = PLANE('',#5145);
#5145 = AXIS2_PLACEMENT_3D('',#5146,#5147,#5148);
#5146 = CARTESIAN_POINT('',(0.6,4.8,0.8));
#5147 = DIRECTION('',(-2.2E-16,1.,6.7E-16));
#5148 = DIRECTION('',(-2.2E-16,-6.7E-16,1.));
#5149 = ADVANCED_FACE('',(#5150),#5161,.T.);
#5150 = FACE_BOUND('',#5151,.T.);
#5151 = EDGE_LOOP('',(#5152,#5153,#5159,#5160));
#5152 = ORIENTED_EDGE('',*,*,#1100,.F.);
#5153 = ORIENTED_EDGE('',*,*,#5154,.F.);
#5154 = EDGE_CURVE('',#1725,#1101,#5155,.T.);
#5155 = LINE('',#5156,#5157);
#5156 = CARTESIAN_POINT('',(0.6,4.8,0.8));
#5157 = VECTOR('',#5158,1.);
#5158 = DIRECTION('',(0.,8.9E-16,-1.));
#5159 = ORIENTED_EDGE('',*,*,#1724,.T.);
#5160 = ORIENTED_EDGE('',*,*,#2251,.F.);
#5161 = PLANE('',#5162);
#5162 = AXIS2_PLACEMENT_3D('',#5163,#5164,#5165);
#5163 = CARTESIAN_POINT('',(0.6,4.9,0.2));
#5164 = DIRECTION('',(1.,1.7E-16,0.));
#5165 = DIRECTION('',(1.7E-16,-1.,0.));
#5166 = ADVANCED_FACE('',(#5167),#5178,.F.);
#5167 = FACE_BOUND('',#5168,.T.);
#5168 = EDGE_LOOP('',(#5169,#5170,#5171,#5172));
#5169 = ORIENTED_EDGE('',*,*,#2292,.T.);
#5170 = ORIENTED_EDGE('',*,*,#2268,.T.);
#5171 = ORIENTED_EDGE('',*,*,#1634,.T.);
#5172 = ORIENTED_EDGE('',*,*,#5173,.T.);
#5173 = EDGE_CURVE('',#1637,#2293,#5174,.T.);
#5174 = LINE('',#5175,#5176);
#5175 = CARTESIAN_POINT('',(3.4,3.6,0.));
#5176 = VECTOR('',#5177,1.);
#5177 = DIRECTION('',(0.,-1.,0.));
#5178 = PLANE('',#5179);
#5179 = AXIS2_PLACEMENT_3D('',#5180,#5181,#5182);
#5180 = CARTESIAN_POINT('',(2.5,3.5,0.));
#5181 = DIRECTION('',(0.,0.,1.));
#5182 = DIRECTION('',(1.,0.,-0.));
#5183 = ADVANCED_FACE('',(#5184),#5195,.T.);
#5184 = FACE_BOUND('',#5185,.T.);
#5185 = EDGE_LOOP('',(#5186,#5187,#5188,#5194));
#5186 = ORIENTED_EDGE('',*,*,#5173,.F.);
#5187 = ORIENTED_EDGE('',*,*,#1701,.T.);
#5188 = ORIENTED_EDGE('',*,*,#5189,.T.);
#5189 = EDGE_CURVE('',#1694,#2301,#5190,.T.);
#5190 = LINE('',#5191,#5192);
#5191 = CARTESIAN_POINT('',(3.4,-4.340891364452,0.3));
#5192 = VECTOR('',#5193,1.);
#5193 = DIRECTION('',(0.,-1.,-2.2E-16));
#5194 = ORIENTED_EDGE('',*,*,#2300,.F.);
#5195 = PLANE('',#5196);
#5196 = AXIS2_PLACEMENT_3D('',#5197,#5198,#5199);
#5197 = CARTESIAN_POINT('',(3.4,3.6,0.));
#5198 = DIRECTION('',(1.,0.,0.));
#5199 = DIRECTION('',(0.,-1.,0.));
#5200 = ADVANCED_FACE('',(#5201),#5212,.T.);
#5201 = FACE_BOUND('',#5202,.T.);
#5202 = EDGE_LOOP('',(#5203,#5204,#5210,#5211));
#5203 = ORIENTED_EDGE('',*,*,#1693,.F.);
#5204 = ORIENTED_EDGE('',*,*,#5205,.F.);
#5205 = EDGE_CURVE('',#2309,#1685,#5206,.T.);
#5206 = LINE('',#5207,#5208);
#5207 = CARTESIAN_POINT('',(2.9,-12.2817827289,0.3));
#5208 = VECTOR('',#5209,1.);
#5209 = DIRECTION('',(0.,1.,2.2E-16));
#5210 = ORIENTED_EDGE('',*,*,#2308,.F.);
#5211 = ORIENTED_EDGE('',*,*,#5189,.F.);
#5212 = PLANE('',#5213);
#5213 = AXIS2_PLACEMENT_3D('',#5214,#5215,#5216);
#5214 = CARTESIAN_POINT('',(4.5,-12.2817827289,0.3));
#5215 = DIRECTION('',(0.,-2.2E-16,1.));
#5216 = DIRECTION('',(-1.,0.,0.));
#5217 = ADVANCED_FACE('',(#5218),#5229,.F.);
#5218 = FACE_BOUND('',#5219,.F.);
#5219 = EDGE_LOOP('',(#5220,#5221,#5227,#5228));
#5220 = ORIENTED_EDGE('',*,*,#2316,.F.);
#5221 = ORIENTED_EDGE('',*,*,#5222,.T.);
#5222 = EDGE_CURVE('',#2317,#1677,#5223,.T.);
#5223 = LINE('',#5224,#5225);
#5224 = CARTESIAN_POINT('',(2.7,-12.2817827289,0.5));
#5225 = VECTOR('',#5226,1.);
#5226 = DIRECTION('',(0.,1.,2.2E-16));
#5227 = ORIENTED_EDGE('',*,*,#1684,.T.);
#5228 = ORIENTED_EDGE('',*,*,#5205,.F.);
#5229 = CYLINDRICAL_SURFACE('',#5230,0.2);
#5230 = AXIS2_PLACEMENT_3D('',#5231,#5232,#5233);
#5231 = CARTESIAN_POINT('',(2.9,-12.2817827289,0.5));
#5232 = DIRECTION('',(0.,-1.,-2.2E-16));
#5233 = DIRECTION('',(1.,0.,0.));
#5234 = ADVANCED_FACE('',(#5235),#5246,.T.);
#5235 = FACE_BOUND('',#5236,.T.);
#5236 = EDGE_LOOP('',(#5237,#5238,#5239,#5245));
#5237 = ORIENTED_EDGE('',*,*,#5222,.T.);
#5238 = ORIENTED_EDGE('',*,*,#1676,.F.);
#5239 = ORIENTED_EDGE('',*,*,#5240,.F.);
#5240 = EDGE_CURVE('',#2326,#1669,#5241,.T.);
#5241 = LINE('',#5242,#5243);
#5242 = CARTESIAN_POINT('',(2.7,-4.390891364452,1.8));
#5243 = VECTOR('',#5244,1.);
#5244 = DIRECTION('',(0.,1.,0.));
#5245 = ORIENTED_EDGE('',*,*,#2325,.F.);
#5246 = PLANE('',#5247);
#5247 = AXIS2_PLACEMENT_3D('',#5248,#5249,#5250);
#5248 = CARTESIAN_POINT('',(2.7,-12.2817827289,0.5));
#5249 = DIRECTION('',(1.,0.,0.));
#5250 = DIRECTION('',(0.,-2.2E-16,1.));
#5251 = ADVANCED_FACE('',(#5252),#5263,.T.);
#5252 = FACE_BOUND('',#5253,.T.);
#5253 = EDGE_LOOP('',(#5254,#5255,#5256,#5257));
#5254 = ORIENTED_EDGE('',*,*,#2333,.F.);
#5255 = ORIENTED_EDGE('',*,*,#5240,.T.);
#5256 = ORIENTED_EDGE('',*,*,#1668,.F.);
#5257 = ORIENTED_EDGE('',*,*,#5258,.F.);
#5258 = EDGE_CURVE('',#2334,#1661,#5259,.T.);
#5259 = LINE('',#5260,#5261);
#5260 = CARTESIAN_POINT('',(1.6,3.4,1.8));
#5261 = VECTOR('',#5262,1.);
#5262 = DIRECTION('',(0.,1.,0.));
#5263 = PLANE('',#5264);
#5264 = AXIS2_PLACEMENT_3D('',#5265,#5266,#5267);
#5265 = CARTESIAN_POINT('',(2.5,3.5,1.8));
#5266 = DIRECTION('',(0.,0.,1.));
#5267 = DIRECTION('',(1.,0.,-0.));
#5268 = ADVANCED_FACE('',(#5269),#5275,.T.);
#5269 = FACE_BOUND('',#5270,.T.);
#5270 = EDGE_LOOP('',(#5271,#5272,#5273,#5274));
#5271 = ORIENTED_EDGE('',*,*,#2236,.T.);
#5272 = ORIENTED_EDGE('',*,*,#2341,.T.);
#5273 = ORIENTED_EDGE('',*,*,#5258,.T.);
#5274 = ORIENTED_EDGE('',*,*,#1660,.F.);
#5275 = PLANE('',#5276);
#5276 = AXIS2_PLACEMENT_3D('',#5277,#5278,#5279);
#5277 = CARTESIAN_POINT('',(1.6,3.4,0.));
#5278 = DIRECTION('',(-1.,0.,0.));
#5279 = DIRECTION('',(0.,1.,0.));
#5280 = ADVANCED_FACE('',(#5281),#5292,.T.);
#5281 = FACE_BOUND('',#5282,.T.);
#5282 = EDGE_LOOP('',(#5283,#5284,#5285,#5291));
#5283 = ORIENTED_EDGE('',*,*,#2204,.T.);
#5284 = ORIENTED_EDGE('',*,*,#2528,.T.);
#5285 = ORIENTED_EDGE('',*,*,#5286,.T.);
#5286 = EDGE_CURVE('',#2521,#2401,#5287,.T.);
#5287 = LINE('',#5288,#5289);
#5288 = CARTESIAN_POINT('',(1.6,2.9,1.8));
#5289 = VECTOR('',#5290,1.);
#5290 = DIRECTION('',(0.,1.,0.));
#5291 = ORIENTED_EDGE('',*,*,#2400,.F.);
#5292 = PLANE('',#5293);
#5293 = AXIS2_PLACEMENT_3D('',#5294,#5295,#5296);
#5294 = CARTESIAN_POINT('',(1.6,2.9,0.));
#5295 = DIRECTION('',(-1.,0.,0.));
#5296 = DIRECTION('',(0.,1.,0.));
#5297 = ADVANCED_FACE('',(#5298),#5309,.T.);
#5298 = FACE_BOUND('',#5299,.T.);
#5299 = EDGE_LOOP('',(#5300,#5301,#5302,#5308));
#5300 = ORIENTED_EDGE('',*,*,#2172,.T.);
#5301 = ORIENTED_EDGE('',*,*,#2715,.T.);
#5302 = ORIENTED_EDGE('',*,*,#5303,.T.);
#5303 = EDGE_CURVE('',#2708,#2588,#5304,.T.);
#5304 = LINE('',#5305,#5306);
#5305 = CARTESIAN_POINT('',(1.6,2.4,1.8));
#5306 = VECTOR('',#5307,1.);
#5307 = DIRECTION('',(0.,1.,0.));
#5308 = ORIENTED_EDGE('',*,*,#2587,.F.);
#5309 = PLANE('',#5310);
#5310 = AXIS2_PLACEMENT_3D('',#5311,#5312,#5313);
#5311 = CARTESIAN_POINT('',(1.6,2.4,0.));
#5312 = DIRECTION('',(-1.,0.,0.));
#5313 = DIRECTION('',(0.,1.,0.));
#5314 = ADVANCED_FACE('',(#5315),#5326,.T.);
#5315 = FACE_BOUND('',#5316,.T.);
#5316 = EDGE_LOOP('',(#5317,#5318,#5319,#5325));
#5317 = ORIENTED_EDGE('',*,*,#2140,.T.);
#5318 = ORIENTED_EDGE('',*,*,#2902,.T.);
#5319 = ORIENTED_EDGE('',*,*,#5320,.T.);
#5320 = EDGE_CURVE('',#2895,#2775,#5321,.T.);
#5321 = LINE('',#5322,#5323);
#5322 = CARTESIAN_POINT('',(1.6,1.9,1.8));
#5323 = VECTOR('',#5324,1.);
#5324 = DIRECTION('',(0.,1.,0.));
#5325 = ORIENTED_EDGE('',*,*,#2774,.F.);
#5326 = PLANE('',#5327);
#5327 = AXIS2_PLACEMENT_3D('',#5328,#5329,#5330);
#5328 = CARTESIAN_POINT('',(1.6,1.9,0.));
#5329 = DIRECTION('',(-1.,0.,0.));
#5330 = DIRECTION('',(0.,1.,0.));
#5331 = ADVANCED_FACE('',(#5332),#5343,.T.);
#5332 = FACE_BOUND('',#5333,.T.);
#5333 = EDGE_LOOP('',(#5334,#5335,#5336,#5342));
#5334 = ORIENTED_EDGE('',*,*,#2108,.T.);
#5335 = ORIENTED_EDGE('',*,*,#3089,.T.);
#5336 = ORIENTED_EDGE('',*,*,#5337,.T.);
#5337 = EDGE_CURVE('',#3082,#2962,#5338,.T.);
#5338 = LINE('',#5339,#5340);
#5339 = CARTESIAN_POINT('',(1.6,1.4,1.8));
#5340 = VECTOR('',#5341,1.);
#5341 = DIRECTION('',(0.,1.,0.));
#5342 = ORIENTED_EDGE('',*,*,#2961,.F.);
#5343 = PLANE('',#5344);
#5344 = AXIS2_PLACEMENT_3D('',#5345,#5346,#5347);
#5345 = CARTESIAN_POINT('',(1.6,1.4,0.));
#5346 = DIRECTION('',(-1.,0.,0.));
#5347 = DIRECTION('',(0.,1.,0.));
#5348 = ADVANCED_FACE('',(#5349),#5360,.T.);
#5349 = FACE_BOUND('',#5350,.T.);
#5350 = EDGE_LOOP('',(#5351,#5352,#5353,#5359));
#5351 = ORIENTED_EDGE('',*,*,#2076,.T.);
#5352 = ORIENTED_EDGE('',*,*,#3276,.T.);
#5353 = ORIENTED_EDGE('',*,*,#5354,.T.);
#5354 = EDGE_CURVE('',#3269,#3149,#5355,.T.);
#5355 = LINE('',#5356,#5357);
#5356 = CARTESIAN_POINT('',(1.6,0.9,1.8));
#5357 = VECTOR('',#5358,1.);
#5358 = DIRECTION('',(0.,1.,0.));
#5359 = ORIENTED_EDGE('',*,*,#3148,.F.);
#5360 = PLANE('',#5361);
#5361 = AXIS2_PLACEMENT_3D('',#5362,#5363,#5364);
#5362 = CARTESIAN_POINT('',(1.6,0.9,0.));
#5363 = DIRECTION('',(-1.,0.,0.));
#5364 = DIRECTION('',(0.,1.,0.));
#5365 = ADVANCED_FACE('',(#5366),#5377,.T.);
#5366 = FACE_BOUND('',#5367,.T.);
#5367 = EDGE_LOOP('',(#5368,#5369,#5370,#5376));
#5368 = ORIENTED_EDGE('',*,*,#2044,.T.);
#5369 = ORIENTED_EDGE('',*,*,#3463,.T.);
#5370 = ORIENTED_EDGE('',*,*,#5371,.T.);
#5371 = EDGE_CURVE('',#3456,#3336,#5372,.T.);
#5372 = LINE('',#5373,#5374);
#5373 = CARTESIAN_POINT('',(1.6,0.4,1.8));
#5374 = VECTOR('',#5375,1.);
#5375 = DIRECTION('',(0.,1.,0.));
#5376 = ORIENTED_EDGE('',*,*,#3335,.F.);
#5377 = PLANE('',#5378);
#5378 = AXIS2_PLACEMENT_3D('',#5379,#5380,#5381);
#5379 = CARTESIAN_POINT('',(1.6,0.4,0.));
#5380 = DIRECTION('',(-1.,0.,0.));
#5381 = DIRECTION('',(0.,1.,0.));
#5382 = ADVANCED_FACE('',(#5383),#5394,.T.);
#5383 = FACE_BOUND('',#5384,.T.);
#5384 = EDGE_LOOP('',(#5385,#5386,#5387,#5393));
#5385 = ORIENTED_EDGE('',*,*,#2012,.T.);
#5386 = ORIENTED_EDGE('',*,*,#3650,.T.);
#5387 = ORIENTED_EDGE('',*,*,#5388,.T.);
#5388 = EDGE_CURVE('',#3643,#3523,#5389,.T.);
#5389 = LINE('',#5390,#5391);
#5390 = CARTESIAN_POINT('',(1.6,-0.1,1.8));
#5391 = VECTOR('',#5392,1.);
#5392 = DIRECTION('',(0.,1.,0.));
#5393 = ORIENTED_EDGE('',*,*,#3522,.F.);
#5394 = PLANE('',#5395);
#5395 = AXIS2_PLACEMENT_3D('',#5396,#5397,#5398);
#5396 = CARTESIAN_POINT('',(1.6,-0.1,0.));
#5397 = DIRECTION('',(-1.,0.,0.));
#5398 = DIRECTION('',(0.,1.,0.));
#5399 = ADVANCED_FACE('',(#5400),#5411,.T.);
#5400 = FACE_BOUND('',#5401,.T.);
#5401 = EDGE_LOOP('',(#5402,#5403,#5404,#5410));
#5402 = ORIENTED_EDGE('',*,*,#1980,.T.);
#5403 = ORIENTED_EDGE('',*,*,#3837,.T.);
#5404 = ORIENTED_EDGE('',*,*,#5405,.T.);
#5405 = EDGE_CURVE('',#3830,#3710,#5406,.T.);
#5406 = LINE('',#5407,#5408);
#5407 = CARTESIAN_POINT('',(1.6,-0.6,1.8));
#5408 = VECTOR('',#5409,1.);
#5409 = DIRECTION('',(0.,1.,0.));
#5410 = ORIENTED_EDGE('',*,*,#3709,.F.);
#5411 = PLANE('',#5412);
#5412 = AXIS2_PLACEMENT_3D('',#5413,#5414,#5415);
#5413 = CARTESIAN_POINT('',(1.6,-0.6,0.));
#5414 = DIRECTION('',(-1.,0.,0.));
#5415 = DIRECTION('',(0.,1.,0.));
#5416 = ADVANCED_FACE('',(#5417),#5428,.T.);
#5417 = FACE_BOUND('',#5418,.T.);
#5418 = EDGE_LOOP('',(#5419,#5420,#5421,#5427));
#5419 = ORIENTED_EDGE('',*,*,#1948,.T.);
#5420 = ORIENTED_EDGE('',*,*,#4024,.T.);
#5421 = ORIENTED_EDGE('',*,*,#5422,.T.);
#5422 = EDGE_CURVE('',#4017,#3897,#5423,.T.);
#5423 = LINE('',#5424,#5425);
#5424 = CARTESIAN_POINT('',(1.6,-1.1,1.8));
#5425 = VECTOR('',#5426,1.);
#5426 = DIRECTION('',(0.,1.,0.));
#5427 = ORIENTED_EDGE('',*,*,#3896,.F.);
#5428 = PLANE('',#5429);
#5429 = AXIS2_PLACEMENT_3D('',#5430,#5431,#5432);
#5430 = CARTESIAN_POINT('',(1.6,-1.1,0.));
#5431 = DIRECTION('',(-1.,0.,0.));
#5432 = DIRECTION('',(0.,1.,0.));
#5433 = ADVANCED_FACE('',(#5434),#5445,.T.);
#5434 = FACE_BOUND('',#5435,.T.);
#5435 = EDGE_LOOP('',(#5436,#5437,#5438,#5444));
#5436 = ORIENTED_EDGE('',*,*,#1916,.T.);
#5437 = ORIENTED_EDGE('',*,*,#4211,.T.);
#5438 = ORIENTED_EDGE('',*,*,#5439,.T.);
#5439 = EDGE_CURVE('',#4204,#4084,#5440,.T.);
#5440 = LINE('',#5441,#5442);
#5441 = CARTESIAN_POINT('',(1.6,-1.6,1.8));
#5442 = VECTOR('',#5443,1.);
#5443 = DIRECTION('',(0.,1.,0.));
#5444 = ORIENTED_EDGE('',*,*,#4083,.F.);
#5445 = PLANE('',#5446);
#5446 = AXIS2_PLACEMENT_3D('',#5447,#5448,#5449);
#5447 = CARTESIAN_POINT('',(1.6,-1.6,1.E-15));
#5448 = DIRECTION('',(-1.,0.,0.));
#5449 = DIRECTION('',(0.,1.,0.));
#5450 = ADVANCED_FACE('',(#5451),#5462,.T.);
#5451 = FACE_BOUND('',#5452,.T.);
#5452 = EDGE_LOOP('',(#5453,#5454,#5455,#5461));
#5453 = ORIENTED_EDGE('',*,*,#1884,.T.);
#5454 = ORIENTED_EDGE('',*,*,#4398,.T.);
#5455 = ORIENTED_EDGE('',*,*,#5456,.T.);
#5456 = EDGE_CURVE('',#4391,#4271,#5457,.T.);
#5457 = LINE('',#5458,#5459);
#5458 = CARTESIAN_POINT('',(1.6,-2.1,1.8));
#5459 = VECTOR('',#5460,1.);
#5460 = DIRECTION('',(0.,1.,0.));
#5461 = ORIENTED_EDGE('',*,*,#4270,.F.);
#5462 = PLANE('',#5463);
#5463 = AXIS2_PLACEMENT_3D('',#5464,#5465,#5466);
#5464 = CARTESIAN_POINT('',(1.6,-2.1,1.E-15));
#5465 = DIRECTION('',(-1.,0.,0.));
#5466 = DIRECTION('',(0.,1.,0.));
#5467 = ADVANCED_FACE('',(#5468),#5479,.T.);
#5468 = FACE_BOUND('',#5469,.T.);
#5469 = EDGE_LOOP('',(#5470,#5471,#5472,#5478));
#5470 = ORIENTED_EDGE('',*,*,#1852,.T.);
#5471 = ORIENTED_EDGE('',*,*,#4585,.T.);
#5472 = ORIENTED_EDGE('',*,*,#5473,.T.);
#5473 = EDGE_CURVE('',#4578,#4458,#5474,.T.);
#5474 = LINE('',#5475,#5476);
#5475 = CARTESIAN_POINT('',(1.6,-2.6,1.8));
#5476 = VECTOR('',#5477,1.);
#5477 = DIRECTION('',(0.,1.,0.));
#5478 = ORIENTED_EDGE('',*,*,#4457,.F.);
#5479 = PLANE('',#5480);
#5480 = AXIS2_PLACEMENT_3D('',#5481,#5482,#5483);
#5481 = CARTESIAN_POINT('',(1.6,-2.6,1.E-15));
#5482 = DIRECTION('',(-1.,0.,0.));
#5483 = DIRECTION('',(0.,1.,0.));
#5484 = ADVANCED_FACE('',(#5485),#5496,.T.);
#5485 = FACE_BOUND('',#5486,.T.);
#5486 = EDGE_LOOP('',(#5487,#5488,#5489,#5495));
#5487 = ORIENTED_EDGE('',*,*,#1820,.T.);
#5488 = ORIENTED_EDGE('',*,*,#4772,.T.);
#5489 = ORIENTED_EDGE('',*,*,#5490,.T.);
#5490 = EDGE_CURVE('',#4765,#4645,#5491,.T.);
#5491 = LINE('',#5492,#5493);
#5492 = CARTESIAN_POINT('',(1.6,-3.1,1.8));
#5493 = VECTOR('',#5494,1.);
#5494 = DIRECTION('',(0.,1.,0.));
#5495 = ORIENTED_EDGE('',*,*,#4644,.F.);
#5496 = PLANE('',#5497);
#5497 = AXIS2_PLACEMENT_3D('',#5498,#5499,#5500);
#5498 = CARTESIAN_POINT('',(1.6,-3.1,1.E-15));
#5499 = DIRECTION('',(-1.,0.,0.));
#5500 = DIRECTION('',(0.,1.,0.));
#5501 = ADVANCED_FACE('',(#5502),#5513,.T.);
#5502 = FACE_BOUND('',#5503,.T.);
#5503 = EDGE_LOOP('',(#5504,#5505,#5506,#5512));
#5504 = ORIENTED_EDGE('',*,*,#1788,.T.);
#5505 = ORIENTED_EDGE('',*,*,#4959,.T.);
#5506 = ORIENTED_EDGE('',*,*,#5507,.T.);
#5507 = EDGE_CURVE('',#4952,#4832,#5508,.T.);
#5508 = LINE('',#5509,#5510);
#5509 = CARTESIAN_POINT('',(1.6,-3.6,1.8));
#5510 = VECTOR('',#5511,1.);
#5511 = DIRECTION('',(0.,1.,0.));
#5512 = ORIENTED_EDGE('',*,*,#4831,.F.);
#5513 = PLANE('',#5514);
#5514 = AXIS2_PLACEMENT_3D('',#5515,#5516,#5517);
#5515 = CARTESIAN_POINT('',(1.6,-3.6,1.E-15));
#5516 = DIRECTION('',(-1.,0.,0.));
#5517 = DIRECTION('',(0.,1.,0.));
#5518 = ADVANCED_FACE('',(#5519),#5530,.F.);
#5519 = FACE_BOUND('',#5520,.T.);
#5520 = EDGE_LOOP('',(#5521,#5522,#5523,#5524));
#5521 = ORIENTED_EDGE('',*,*,#2479,.T.);
#5522 = ORIENTED_EDGE('',*,*,#2455,.T.);
#5523 = ORIENTED_EDGE('',*,*,#2381,.T.);
#5524 = ORIENTED_EDGE('',*,*,#5525,.T.);
#5525 = EDGE_CURVE('',#2384,#2480,#5526,.T.);
#5526 = LINE('',#5527,#5528);
#5527 = CARTESIAN_POINT('',(3.4,3.1,0.));
#5528 = VECTOR('',#5529,1.);
#5529 = DIRECTION('',(0.,-1.,0.));
#5530 = PLANE('',#5531);
#5531 = AXIS2_PLACEMENT_3D('',#5532,#5533,#5534);
#5532 = CARTESIAN_POINT('',(2.5,3.,0.));
#5533 = DIRECTION('',(0.,0.,1.));
#5534 = DIRECTION('',(1.,0.,-0.));
#5535 = ADVANCED_FACE('',(#5536),#5547,.T.);
#5536 = FACE_BOUND('',#5537,.T.);
#5537 = EDGE_LOOP('',(#5538,#5539,#5540,#5546));
#5538 = ORIENTED_EDGE('',*,*,#5525,.F.);
#5539 = ORIENTED_EDGE('',*,*,#2441,.T.);
#5540 = ORIENTED_EDGE('',*,*,#5541,.T.);
#5541 = EDGE_CURVE('',#2434,#2488,#5542,.T.);
#5542 = LINE('',#5543,#5544);
#5543 = CARTESIAN_POINT('',(3.4,-4.590891364452,0.3));
#5544 = VECTOR('',#5545,1.);
#5545 = DIRECTION('',(0.,-1.,-2.2E-16));
#5546 = ORIENTED_EDGE('',*,*,#2487,.F.);
#5547 = PLANE('',#5548);
#5548 = AXIS2_PLACEMENT_3D('',#5549,#5550,#5551);
#5549 = CARTESIAN_POINT('',(3.4,3.1,0.));
#5550 = DIRECTION('',(1.,0.,0.));
#5551 = DIRECTION('',(0.,-1.,0.));
#5552 = ADVANCED_FACE('',(#5553),#5564,.T.);
#5553 = FACE_BOUND('',#5554,.T.);
#5554 = EDGE_LOOP('',(#5555,#5556,#5562,#5563));
#5555 = ORIENTED_EDGE('',*,*,#2433,.F.);
#5556 = ORIENTED_EDGE('',*,*,#5557,.F.);
#5557 = EDGE_CURVE('',#2496,#2425,#5558,.T.);
#5558 = LINE('',#5559,#5560);
#5559 = CARTESIAN_POINT('',(2.9,-12.2817827289,0.3));
#5560 = VECTOR('',#5561,1.);
#5561 = DIRECTION('',(0.,1.,2.2E-16));
#5562 = ORIENTED_EDGE('',*,*,#2495,.F.);
#5563 = ORIENTED_EDGE('',*,*,#5541,.F.);
#5564 = PLANE('',#5565);
#5565 = AXIS2_PLACEMENT_3D('',#5566,#5567,#5568);
#5566 = CARTESIAN_POINT('',(4.5,-12.2817827289,0.3));
#5567 = DIRECTION('',(0.,-2.2E-16,1.));
#5568 = DIRECTION('',(-1.,0.,0.));
#5569 = ADVANCED_FACE('',(#5570),#5581,.F.);
#5570 = FACE_BOUND('',#5571,.F.);
#5571 = EDGE_LOOP('',(#5572,#5573,#5579,#5580));
#5572 = ORIENTED_EDGE('',*,*,#2503,.F.);
#5573 = ORIENTED_EDGE('',*,*,#5574,.T.);
#5574 = EDGE_CURVE('',#2504,#2417,#5575,.T.);
#5575 = LINE('',#5576,#5577);
#5576 = CARTESIAN_POINT('',(2.7,-12.2817827289,0.5));
#5577 = VECTOR('',#5578,1.);
#5578 = DIRECTION('',(0.,1.,2.2E-16));
#5579 = ORIENTED_EDGE('',*,*,#2424,.T.);
#5580 = ORIENTED_EDGE('',*,*,#5557,.F.);
#5581 = CYLINDRICAL_SURFACE('',#5582,0.2);
#5582 = AXIS2_PLACEMENT_3D('',#5583,#5584,#5585);
#5583 = CARTESIAN_POINT('',(2.9,-12.2817827289,0.5));
#5584 = DIRECTION('',(0.,-1.,-2.2E-16));
#5585 = DIRECTION('',(1.,0.,0.));
#5586 = ADVANCED_FACE('',(#5587),#5598,.T.);
#5587 = FACE_BOUND('',#5588,.T.);
#5588 = EDGE_LOOP('',(#5589,#5590,#5591,#5597));
#5589 = ORIENTED_EDGE('',*,*,#5574,.T.);
#5590 = ORIENTED_EDGE('',*,*,#2416,.F.);
#5591 = ORIENTED_EDGE('',*,*,#5592,.F.);
#5592 = EDGE_CURVE('',#2513,#2409,#5593,.T.);
#5593 = LINE('',#5594,#5595);
#5594 = CARTESIAN_POINT('',(2.7,-4.640891364452,1.8));
#5595 = VECTOR('',#5596,1.);
#5596 = DIRECTION('',(0.,1.,0.));
#5597 = ORIENTED_EDGE('',*,*,#2512,.F.);
#5598 = PLANE('',#5599);
#5599 = AXIS2_PLACEMENT_3D('',#5600,#5601,#5602);
#5600 = CARTESIAN_POINT('',(2.7,-12.2817827289,0.5));
#5601 = DIRECTION('',(1.,0.,0.));
#5602 = DIRECTION('',(0.,-2.2E-16,1.));
#5603 = ADVANCED_FACE('',(#5604),#5610,.T.);
#5604 = FACE_BOUND('',#5605,.T.);
#5605 = EDGE_LOOP('',(#5606,#5607,#5608,#5609));
#5606 = ORIENTED_EDGE('',*,*,#2520,.F.);
#5607 = ORIENTED_EDGE('',*,*,#5592,.T.);
#5608 = ORIENTED_EDGE('',*,*,#2408,.F.);
#5609 = ORIENTED_EDGE('',*,*,#5286,.F.);
#5610 = PLANE('',#5611);
#5611 = AXIS2_PLACEMENT_3D('',#5612,#5613,#5614);
#5612 = CARTESIAN_POINT('',(2.5,3.,1.8));
#5613 = DIRECTION('',(0.,0.,1.));
#5614 = DIRECTION('',(1.,0.,-0.));
#5615 = ADVANCED_FACE('',(#5616),#5627,.F.);
#5616 = FACE_BOUND('',#5617,.T.);
#5617 = EDGE_LOOP('',(#5618,#5619,#5620,#5621));
#5618 = ORIENTED_EDGE('',*,*,#2666,.T.);
#5619 = ORIENTED_EDGE('',*,*,#2642,.T.);
#5620 = ORIENTED_EDGE('',*,*,#2568,.T.);
#5621 = ORIENTED_EDGE('',*,*,#5622,.T.);
#5622 = EDGE_CURVE('',#2571,#2667,#5623,.T.);
#5623 = LINE('',#5624,#5625);
#5624 = CARTESIAN_POINT('',(3.4,2.6,0.));
#5625 = VECTOR('',#5626,1.);
#5626 = DIRECTION('',(0.,-1.,0.));
#5627 = PLANE('',#5628);
#5628 = AXIS2_PLACEMENT_3D('',#5629,#5630,#5631);
#5629 = CARTESIAN_POINT('',(2.5,2.5,0.));
#5630 = DIRECTION('',(0.,0.,1.));
#5631 = DIRECTION('',(1.,0.,-0.));
#5632 = ADVANCED_FACE('',(#5633),#5644,.T.);
#5633 = FACE_BOUND('',#5634,.T.);
#5634 = EDGE_LOOP('',(#5635,#5636,#5637,#5643));
#5635 = ORIENTED_EDGE('',*,*,#5622,.F.);
#5636 = ORIENTED_EDGE('',*,*,#2628,.T.);
#5637 = ORIENTED_EDGE('',*,*,#5638,.T.);
#5638 = EDGE_CURVE('',#2621,#2675,#5639,.T.);
#5639 = LINE('',#5640,#5641);
#5640 = CARTESIAN_POINT('',(3.4,-4.840891364452,0.3));
#5641 = VECTOR('',#5642,1.);
#5642 = DIRECTION('',(0.,-1.,-2.2E-16));
#5643 = ORIENTED_EDGE('',*,*,#2674,.F.);
#5644 = PLANE('',#5645);
#5645 = AXIS2_PLACEMENT_3D('',#5646,#5647,#5648);
#5646 = CARTESIAN_POINT('',(3.4,2.6,0.));
#5647 = DIRECTION('',(1.,0.,0.));
#5648 = DIRECTION('',(0.,-1.,0.));
#5649 = ADVANCED_FACE('',(#5650),#5661,.T.);
#5650 = FACE_BOUND('',#5651,.T.);
#5651 = EDGE_LOOP('',(#5652,#5653,#5659,#5660));
#5652 = ORIENTED_EDGE('',*,*,#2620,.F.);
#5653 = ORIENTED_EDGE('',*,*,#5654,.F.);
#5654 = EDGE_CURVE('',#2683,#2612,#5655,.T.);
#5655 = LINE('',#5656,#5657);
#5656 = CARTESIAN_POINT('',(2.9,-12.2817827289,0.3));
#5657 = VECTOR('',#5658,1.);
#5658 = DIRECTION('',(0.,1.,2.2E-16));
#5659 = ORIENTED_EDGE('',*,*,#2682,.F.);
#5660 = ORIENTED_EDGE('',*,*,#5638,.F.);
#5661 = PLANE('',#5662);
#5662 = AXIS2_PLACEMENT_3D('',#5663,#5664,#5665);
#5663 = CARTESIAN_POINT('',(4.5,-12.2817827289,0.3));
#5664 = DIRECTION('',(0.,-2.2E-16,1.));
#5665 = DIRECTION('',(-1.,0.,0.));
#5666 = ADVANCED_FACE('',(#5667),#5678,.F.);
#5667 = FACE_BOUND('',#5668,.F.);
#5668 = EDGE_LOOP('',(#5669,#5670,#5676,#5677));
#5669 = ORIENTED_EDGE('',*,*,#2690,.F.);
#5670 = ORIENTED_EDGE('',*,*,#5671,.T.);
#5671 = EDGE_CURVE('',#2691,#2604,#5672,.T.);
#5672 = LINE('',#5673,#5674);
#5673 = CARTESIAN_POINT('',(2.7,-12.2817827289,0.5));
#5674 = VECTOR('',#5675,1.);
#5675 = DIRECTION('',(0.,1.,2.2E-16));
#5676 = ORIENTED_EDGE('',*,*,#2611,.T.);
#5677 = ORIENTED_EDGE('',*,*,#5654,.F.);
#5678 = CYLINDRICAL_SURFACE('',#5679,0.2);
#5679 = AXIS2_PLACEMENT_3D('',#5680,#5681,#5682);
#5680 = CARTESIAN_POINT('',(2.9,-12.2817827289,0.5));
#5681 = DIRECTION('',(0.,-1.,-2.2E-16));
#5682 = DIRECTION('',(1.,0.,0.));
#5683 = ADVANCED_FACE('',(#5684),#5695,.T.);
#5684 = FACE_BOUND('',#5685,.T.);
#5685 = EDGE_LOOP('',(#5686,#5687,#5688,#5694));
#5686 = ORIENTED_EDGE('',*,*,#5671,.T.);
#5687 = ORIENTED_EDGE('',*,*,#2603,.F.);
#5688 = ORIENTED_EDGE('',*,*,#5689,.F.);
#5689 = EDGE_CURVE('',#2700,#2596,#5690,.T.);
#5690 = LINE('',#5691,#5692);
#5691 = CARTESIAN_POINT('',(2.7,-4.890891364452,1.8));
#5692 = VECTOR('',#5693,1.);
#5693 = DIRECTION('',(0.,1.,0.));
#5694 = ORIENTED_EDGE('',*,*,#2699,.F.);
#5695 = PLANE('',#5696);
#5696 = AXIS2_PLACEMENT_3D('',#5697,#5698,#5699);
#5697 = CARTESIAN_POINT('',(2.7,-12.2817827289,0.5));
#5698 = DIRECTION('',(1.,0.,0.));
#5699 = DIRECTION('',(0.,-2.2E-16,1.));
#5700 = ADVANCED_FACE('',(#5701),#5707,.T.);
#5701 = FACE_BOUND('',#5702,.T.);
#5702 = EDGE_LOOP('',(#5703,#5704,#5705,#5706));
#5703 = ORIENTED_EDGE('',*,*,#2707,.F.);
#5704 = ORIENTED_EDGE('',*,*,#5689,.T.);
#5705 = ORIENTED_EDGE('',*,*,#2595,.F.);
#5706 = ORIENTED_EDGE('',*,*,#5303,.F.);
#5707 = PLANE('',#5708);
#5708 = AXIS2_PLACEMENT_3D('',#5709,#5710,#5711);
#5709 = CARTESIAN_POINT('',(2.5,2.5,1.8));
#5710 = DIRECTION('',(0.,0.,1.));
#5711 = DIRECTION('',(1.,0.,-0.));
#5712 = ADVANCED_FACE('',(#5713),#5724,.F.);
#5713 = FACE_BOUND('',#5714,.T.);
#5714 = EDGE_LOOP('',(#5715,#5716,#5717,#5718));
#5715 = ORIENTED_EDGE('',*,*,#2853,.T.);
#5716 = ORIENTED_EDGE('',*,*,#2829,.T.);
#5717 = ORIENTED_EDGE('',*,*,#2755,.T.);
#5718 = ORIENTED_EDGE('',*,*,#5719,.T.);
#5719 = EDGE_CURVE('',#2758,#2854,#5720,.T.);
#5720 = LINE('',#5721,#5722);
#5721 = CARTESIAN_POINT('',(3.4,2.1,0.));
#5722 = VECTOR('',#5723,1.);
#5723 = DIRECTION('',(0.,-1.,0.));
#5724 = PLANE('',#5725);
#5725 = AXIS2_PLACEMENT_3D('',#5726,#5727,#5728);
#5726 = CARTESIAN_POINT('',(2.5,2.,0.));
#5727 = DIRECTION('',(0.,0.,1.));
#5728 = DIRECTION('',(1.,0.,-0.));
#5729 = ADVANCED_FACE('',(#5730),#5741,.T.);
#5730 = FACE_BOUND('',#5731,.T.);
#5731 = EDGE_LOOP('',(#5732,#5733,#5734,#5740));
#5732 = ORIENTED_EDGE('',*,*,#5719,.F.);
#5733 = ORIENTED_EDGE('',*,*,#2815,.T.);
#5734 = ORIENTED_EDGE('',*,*,#5735,.T.);
#5735 = EDGE_CURVE('',#2808,#2862,#5736,.T.);
#5736 = LINE('',#5737,#5738);
#5737 = CARTESIAN_POINT('',(3.4,-5.090891364452,0.3));
#5738 = VECTOR('',#5739,1.);
#5739 = DIRECTION('',(0.,-1.,-2.2E-16));
#5740 = ORIENTED_EDGE('',*,*,#2861,.F.);
#5741 = PLANE('',#5742);
#5742 = AXIS2_PLACEMENT_3D('',#5743,#5744,#5745);
#5743 = CARTESIAN_POINT('',(3.4,2.1,0.));
#5744 = DIRECTION('',(1.,0.,0.));
#5745 = DIRECTION('',(0.,-1.,0.));
#5746 = ADVANCED_FACE('',(#5747),#5758,.T.);
#5747 = FACE_BOUND('',#5748,.T.);
#5748 = EDGE_LOOP('',(#5749,#5750,#5756,#5757));
#5749 = ORIENTED_EDGE('',*,*,#2807,.F.);
#5750 = ORIENTED_EDGE('',*,*,#5751,.F.);
#5751 = EDGE_CURVE('',#2870,#2799,#5752,.T.);
#5752 = LINE('',#5753,#5754);
#5753 = CARTESIAN_POINT('',(2.9,-12.2817827289,0.3));
#5754 = VECTOR('',#5755,1.);
#5755 = DIRECTION('',(0.,1.,2.2E-16));
#5756 = ORIENTED_EDGE('',*,*,#2869,.F.);
#5757 = ORIENTED_EDGE('',*,*,#5735,.F.);
#5758 = PLANE('',#5759);
#5759 = AXIS2_PLACEMENT_3D('',#5760,#5761,#5762);
#5760 = CARTESIAN_POINT('',(4.5,-12.2817827289,0.3));
#5761 = DIRECTION('',(0.,-2.2E-16,1.));
#5762 = DIRECTION('',(-1.,0.,0.));
#5763 = ADVANCED_FACE('',(#5764),#5775,.F.);
#5764 = FACE_BOUND('',#5765,.F.);
#5765 = EDGE_LOOP('',(#5766,#5767,#5773,#5774));
#5766 = ORIENTED_EDGE('',*,*,#2877,.F.);
#5767 = ORIENTED_EDGE('',*,*,#5768,.T.);
#5768 = EDGE_CURVE('',#2878,#2791,#5769,.T.);
#5769 = LINE('',#5770,#5771);
#5770 = CARTESIAN_POINT('',(2.7,-12.2817827289,0.5));
#5771 = VECTOR('',#5772,1.);
#5772 = DIRECTION('',(0.,1.,2.2E-16));
#5773 = ORIENTED_EDGE('',*,*,#2798,.T.);
#5774 = ORIENTED_EDGE('',*,*,#5751,.F.);
#5775 = CYLINDRICAL_SURFACE('',#5776,0.2);
#5776 = AXIS2_PLACEMENT_3D('',#5777,#5778,#5779);
#5777 = CARTESIAN_POINT('',(2.9,-12.2817827289,0.5));
#5778 = DIRECTION('',(0.,-1.,-2.2E-16));
#5779 = DIRECTION('',(1.,0.,0.));
#5780 = ADVANCED_FACE('',(#5781),#5792,.T.);
#5781 = FACE_BOUND('',#5782,.T.);
#5782 = EDGE_LOOP('',(#5783,#5784,#5785,#5791));
#5783 = ORIENTED_EDGE('',*,*,#5768,.T.);
#5784 = ORIENTED_EDGE('',*,*,#2790,.F.);
#5785 = ORIENTED_EDGE('',*,*,#5786,.F.);
#5786 = EDGE_CURVE('',#2887,#2783,#5787,.T.);
#5787 = LINE('',#5788,#5789);
#5788 = CARTESIAN_POINT('',(2.7,-5.140891364452,1.8));
#5789 = VECTOR('',#5790,1.);
#5790 = DIRECTION('',(0.,1.,0.));
#5791 = ORIENTED_EDGE('',*,*,#2886,.F.);
#5792 = PLANE('',#5793);
#5793 = AXIS2_PLACEMENT_3D('',#5794,#5795,#5796);
#5794 = CARTESIAN_POINT('',(2.7,-12.2817827289,0.5));
#5795 = DIRECTION('',(1.,0.,0.));
#5796 = DIRECTION('',(0.,-2.2E-16,1.));
#5797 = ADVANCED_FACE('',(#5798),#5804,.T.);
#5798 = FACE_BOUND('',#5799,.T.);
#5799 = EDGE_LOOP('',(#5800,#5801,#5802,#5803));
#5800 = ORIENTED_EDGE('',*,*,#2894,.F.);
#5801 = ORIENTED_EDGE('',*,*,#5786,.T.);
#5802 = ORIENTED_EDGE('',*,*,#2782,.F.);
#5803 = ORIENTED_EDGE('',*,*,#5320,.F.);
#5804 = PLANE('',#5805);
#5805 = AXIS2_PLACEMENT_3D('',#5806,#5807,#5808);
#5806 = CARTESIAN_POINT('',(2.5,2.,1.8));
#5807 = DIRECTION('',(0.,0.,1.));
#5808 = DIRECTION('',(1.,0.,-0.));
#5809 = ADVANCED_FACE('',(#5810),#5821,.F.);
#5810 = FACE_BOUND('',#5811,.T.);
#5811 = EDGE_LOOP('',(#5812,#5813,#5814,#5815));
#5812 = ORIENTED_EDGE('',*,*,#3040,.T.);
#5813 = ORIENTED_EDGE('',*,*,#3016,.T.);
#5814 = ORIENTED_EDGE('',*,*,#2942,.T.);
#5815 = ORIENTED_EDGE('',*,*,#5816,.T.);
#5816 = EDGE_CURVE('',#2945,#3041,#5817,.T.);
#5817 = LINE('',#5818,#5819);
#5818 = CARTESIAN_POINT('',(3.4,1.6,0.));
#5819 = VECTOR('',#5820,1.);
#5820 = DIRECTION('',(0.,-1.,0.));
#5821 = PLANE('',#5822);
#5822 = AXIS2_PLACEMENT_3D('',#5823,#5824,#5825);
#5823 = CARTESIAN_POINT('',(2.5,1.5,0.));
#5824 = DIRECTION('',(0.,0.,1.));
#5825 = DIRECTION('',(1.,0.,-0.));
#5826 = ADVANCED_FACE('',(#5827),#5838,.T.);
#5827 = FACE_BOUND('',#5828,.T.);
#5828 = EDGE_LOOP('',(#5829,#5830,#5831,#5837));
#5829 = ORIENTED_EDGE('',*,*,#5816,.F.);
#5830 = ORIENTED_EDGE('',*,*,#3002,.T.);
#5831 = ORIENTED_EDGE('',*,*,#5832,.T.);
#5832 = EDGE_CURVE('',#2995,#3049,#5833,.T.);
#5833 = LINE('',#5834,#5835);
#5834 = CARTESIAN_POINT('',(3.4,-5.340891364452,0.3));
#5835 = VECTOR('',#5836,1.);
#5836 = DIRECTION('',(0.,-1.,-2.2E-16));
#5837 = ORIENTED_EDGE('',*,*,#3048,.F.);
#5838 = PLANE('',#5839);
#5839 = AXIS2_PLACEMENT_3D('',#5840,#5841,#5842);
#5840 = CARTESIAN_POINT('',(3.4,1.6,0.));
#5841 = DIRECTION('',(1.,0.,0.));
#5842 = DIRECTION('',(0.,-1.,0.));
#5843 = ADVANCED_FACE('',(#5844),#5855,.T.);
#5844 = FACE_BOUND('',#5845,.T.);
#5845 = EDGE_LOOP('',(#5846,#5847,#5853,#5854));
#5846 = ORIENTED_EDGE('',*,*,#2994,.F.);
#5847 = ORIENTED_EDGE('',*,*,#5848,.F.);
#5848 = EDGE_CURVE('',#3057,#2986,#5849,.T.);
#5849 = LINE('',#5850,#5851);
#5850 = CARTESIAN_POINT('',(2.9,-12.2817827289,0.3));
#5851 = VECTOR('',#5852,1.);
#5852 = DIRECTION('',(0.,1.,2.2E-16));
#5853 = ORIENTED_EDGE('',*,*,#3056,.F.);
#5854 = ORIENTED_EDGE('',*,*,#5832,.F.);
#5855 = PLANE('',#5856);
#5856 = AXIS2_PLACEMENT_3D('',#5857,#5858,#5859);
#5857 = CARTESIAN_POINT('',(4.5,-12.2817827289,0.3));
#5858 = DIRECTION('',(0.,-2.2E-16,1.));
#5859 = DIRECTION('',(-1.,0.,0.));
#5860 = ADVANCED_FACE('',(#5861),#5872,.F.);
#5861 = FACE_BOUND('',#5862,.F.);
#5862 = EDGE_LOOP('',(#5863,#5864,#5870,#5871));
#5863 = ORIENTED_EDGE('',*,*,#3064,.F.);
#5864 = ORIENTED_EDGE('',*,*,#5865,.T.);
#5865 = EDGE_CURVE('',#3065,#2978,#5866,.T.);
#5866 = LINE('',#5867,#5868);
#5867 = CARTESIAN_POINT('',(2.7,-12.2817827289,0.5));
#5868 = VECTOR('',#5869,1.);
#5869 = DIRECTION('',(0.,1.,2.2E-16));
#5870 = ORIENTED_EDGE('',*,*,#2985,.T.);
#5871 = ORIENTED_EDGE('',*,*,#5848,.F.);
#5872 = CYLINDRICAL_SURFACE('',#5873,0.2);
#5873 = AXIS2_PLACEMENT_3D('',#5874,#5875,#5876);
#5874 = CARTESIAN_POINT('',(2.9,-12.2817827289,0.5));
#5875 = DIRECTION('',(0.,-1.,-2.2E-16));
#5876 = DIRECTION('',(1.,0.,0.));
#5877 = ADVANCED_FACE('',(#5878),#5889,.T.);
#5878 = FACE_BOUND('',#5879,.T.);
#5879 = EDGE_LOOP('',(#5880,#5881,#5882,#5888));
#5880 = ORIENTED_EDGE('',*,*,#5865,.T.);
#5881 = ORIENTED_EDGE('',*,*,#2977,.F.);
#5882 = ORIENTED_EDGE('',*,*,#5883,.F.);
#5883 = EDGE_CURVE('',#3074,#2970,#5884,.T.);
#5884 = LINE('',#5885,#5886);
#5885 = CARTESIAN_POINT('',(2.7,-5.390891364452,1.8));
#5886 = VECTOR('',#5887,1.);
#5887 = DIRECTION('',(0.,1.,0.));
#5888 = ORIENTED_EDGE('',*,*,#3073,.F.);
#5889 = PLANE('',#5890);
#5890 = AXIS2_PLACEMENT_3D('',#5891,#5892,#5893);
#5891 = CARTESIAN_POINT('',(2.7,-12.2817827289,0.5));
#5892 = DIRECTION('',(1.,0.,0.));
#5893 = DIRECTION('',(0.,-2.2E-16,1.));
#5894 = ADVANCED_FACE('',(#5895),#5901,.T.);
#5895 = FACE_BOUND('',#5896,.T.);
#5896 = EDGE_LOOP('',(#5897,#5898,#5899,#5900));
#5897 = ORIENTED_EDGE('',*,*,#3081,.F.);
#5898 = ORIENTED_EDGE('',*,*,#5883,.T.);
#5899 = ORIENTED_EDGE('',*,*,#2969,.F.);
#5900 = ORIENTED_EDGE('',*,*,#5337,.F.);
#5901 = PLANE('',#5902);
#5902 = AXIS2_PLACEMENT_3D('',#5903,#5904,#5905);
#5903 = CARTESIAN_POINT('',(2.5,1.5,1.8));
#5904 = DIRECTION('',(0.,0.,1.));
#5905 = DIRECTION('',(1.,0.,-0.));
#5906 = ADVANCED_FACE('',(#5907),#5918,.F.);
#5907 = FACE_BOUND('',#5908,.T.);
#5908 = EDGE_LOOP('',(#5909,#5910,#5911,#5912));
#5909 = ORIENTED_EDGE('',*,*,#3227,.T.);
#5910 = ORIENTED_EDGE('',*,*,#3203,.T.);
#5911 = ORIENTED_EDGE('',*,*,#3129,.T.);
#5912 = ORIENTED_EDGE('',*,*,#5913,.T.);
#5913 = EDGE_CURVE('',#3132,#3228,#5914,.T.);
#5914 = LINE('',#5915,#5916);
#5915 = CARTESIAN_POINT('',(3.4,1.1,0.));
#5916 = VECTOR('',#5917,1.);
#5917 = DIRECTION('',(0.,-1.,0.));
#5918 = PLANE('',#5919);
#5919 = AXIS2_PLACEMENT_3D('',#5920,#5921,#5922);
#5920 = CARTESIAN_POINT('',(2.5,1.,0.));
#5921 = DIRECTION('',(0.,0.,1.));
#5922 = DIRECTION('',(1.,0.,-0.));
#5923 = ADVANCED_FACE('',(#5924),#5935,.T.);
#5924 = FACE_BOUND('',#5925,.T.);
#5925 = EDGE_LOOP('',(#5926,#5927,#5928,#5934));
#5926 = ORIENTED_EDGE('',*,*,#5913,.F.);
#5927 = ORIENTED_EDGE('',*,*,#3189,.T.);
#5928 = ORIENTED_EDGE('',*,*,#5929,.T.);
#5929 = EDGE_CURVE('',#3182,#3236,#5930,.T.);
#5930 = LINE('',#5931,#5932);
#5931 = CARTESIAN_POINT('',(3.4,-5.590891364452,0.3));
#5932 = VECTOR('',#5933,1.);
#5933 = DIRECTION('',(0.,-1.,-2.2E-16));
#5934 = ORIENTED_EDGE('',*,*,#3235,.F.);
#5935 = PLANE('',#5936);
#5936 = AXIS2_PLACEMENT_3D('',#5937,#5938,#5939);
#5937 = CARTESIAN_POINT('',(3.4,1.1,0.));
#5938 = DIRECTION('',(1.,0.,0.));
#5939 = DIRECTION('',(0.,-1.,0.));
#5940 = ADVANCED_FACE('',(#5941),#5952,.T.);
#5941 = FACE_BOUND('',#5942,.T.);
#5942 = EDGE_LOOP('',(#5943,#5944,#5950,#5951));
#5943 = ORIENTED_EDGE('',*,*,#3181,.F.);
#5944 = ORIENTED_EDGE('',*,*,#5945,.F.);
#5945 = EDGE_CURVE('',#3244,#3173,#5946,.T.);
#5946 = LINE('',#5947,#5948);
#5947 = CARTESIAN_POINT('',(2.9,-12.2817827289,0.3));
#5948 = VECTOR('',#5949,1.);
#5949 = DIRECTION('',(0.,1.,2.2E-16));
#5950 = ORIENTED_EDGE('',*,*,#3243,.F.);
#5951 = ORIENTED_EDGE('',*,*,#5929,.F.);
#5952 = PLANE('',#5953);
#5953 = AXIS2_PLACEMENT_3D('',#5954,#5955,#5956);
#5954 = CARTESIAN_POINT('',(4.5,-12.2817827289,0.3));
#5955 = DIRECTION('',(0.,-2.2E-16,1.));
#5956 = DIRECTION('',(-1.,0.,0.));
#5957 = ADVANCED_FACE('',(#5958),#5969,.F.);
#5958 = FACE_BOUND('',#5959,.F.);
#5959 = EDGE_LOOP('',(#5960,#5961,#5967,#5968));
#5960 = ORIENTED_EDGE('',*,*,#3251,.F.);
#5961 = ORIENTED_EDGE('',*,*,#5962,.T.);
#5962 = EDGE_CURVE('',#3252,#3165,#5963,.T.);
#5963 = LINE('',#5964,#5965);
#5964 = CARTESIAN_POINT('',(2.7,-12.2817827289,0.5));
#5965 = VECTOR('',#5966,1.);
#5966 = DIRECTION('',(0.,1.,2.2E-16));
#5967 = ORIENTED_EDGE('',*,*,#3172,.T.);
#5968 = ORIENTED_EDGE('',*,*,#5945,.F.);
#5969 = CYLINDRICAL_SURFACE('',#5970,0.2);
#5970 = AXIS2_PLACEMENT_3D('',#5971,#5972,#5973);
#5971 = CARTESIAN_POINT('',(2.9,-12.2817827289,0.5));
#5972 = DIRECTION('',(0.,-1.,-2.2E-16));
#5973 = DIRECTION('',(1.,0.,0.));
#5974 = ADVANCED_FACE('',(#5975),#5986,.T.);
#5975 = FACE_BOUND('',#5976,.T.);
#5976 = EDGE_LOOP('',(#5977,#5978,#5979,#5985));
#5977 = ORIENTED_EDGE('',*,*,#5962,.T.);
#5978 = ORIENTED_EDGE('',*,*,#3164,.F.);
#5979 = ORIENTED_EDGE('',*,*,#5980,.F.);
#5980 = EDGE_CURVE('',#3261,#3157,#5981,.T.);
#5981 = LINE('',#5982,#5983);
#5982 = CARTESIAN_POINT('',(2.7,-5.640891364452,1.8));
#5983 = VECTOR('',#5984,1.);
#5984 = DIRECTION('',(0.,1.,0.));
#5985 = ORIENTED_EDGE('',*,*,#3260,.F.);
#5986 = PLANE('',#5987);
#5987 = AXIS2_PLACEMENT_3D('',#5988,#5989,#5990);
#5988 = CARTESIAN_POINT('',(2.7,-12.2817827289,0.5));
#5989 = DIRECTION('',(1.,0.,0.));
#5990 = DIRECTION('',(0.,-2.2E-16,1.));
#5991 = ADVANCED_FACE('',(#5992),#5998,.T.);
#5992 = FACE_BOUND('',#5993,.T.);
#5993 = EDGE_LOOP('',(#5994,#5995,#5996,#5997));
#5994 = ORIENTED_EDGE('',*,*,#3268,.F.);
#5995 = ORIENTED_EDGE('',*,*,#5980,.T.);
#5996 = ORIENTED_EDGE('',*,*,#3156,.F.);
#5997 = ORIENTED_EDGE('',*,*,#5354,.F.);
#5998 = PLANE('',#5999);
#5999 = AXIS2_PLACEMENT_3D('',#6000,#6001,#6002);
#6000 = CARTESIAN_POINT('',(2.5,1.,1.8));
#6001 = DIRECTION('',(0.,0.,1.));
#6002 = DIRECTION('',(1.,0.,-0.));
#6003 = ADVANCED_FACE('',(#6004),#6015,.F.);
#6004 = FACE_BOUND('',#6005,.T.);
#6005 = EDGE_LOOP('',(#6006,#6007,#6008,#6009));
#6006 = ORIENTED_EDGE('',*,*,#3414,.T.);
#6007 = ORIENTED_EDGE('',*,*,#3390,.T.);
#6008 = ORIENTED_EDGE('',*,*,#3316,.T.);
#6009 = ORIENTED_EDGE('',*,*,#6010,.T.);
#6010 = EDGE_CURVE('',#3319,#3415,#6011,.T.);
#6011 = LINE('',#6012,#6013);
#6012 = CARTESIAN_POINT('',(3.4,0.6,0.));
#6013 = VECTOR('',#6014,1.);
#6014 = DIRECTION('',(0.,-1.,0.));
#6015 = PLANE('',#6016);
#6016 = AXIS2_PLACEMENT_3D('',#6017,#6018,#6019);
#6017 = CARTESIAN_POINT('',(2.5,0.5,0.));
#6018 = DIRECTION('',(0.,0.,1.));
#6019 = DIRECTION('',(1.,0.,-0.));
#6020 = ADVANCED_FACE('',(#6021),#6032,.T.);
#6021 = FACE_BOUND('',#6022,.T.);
#6022 = EDGE_LOOP('',(#6023,#6024,#6025,#6031));
#6023 = ORIENTED_EDGE('',*,*,#6010,.F.);
#6024 = ORIENTED_EDGE('',*,*,#3376,.T.);
#6025 = ORIENTED_EDGE('',*,*,#6026,.T.);
#6026 = EDGE_CURVE('',#3369,#3423,#6027,.T.);
#6027 = LINE('',#6028,#6029);
#6028 = CARTESIAN_POINT('',(3.4,-5.840891364452,0.3));
#6029 = VECTOR('',#6030,1.);
#6030 = DIRECTION('',(0.,-1.,-2.2E-16));
#6031 = ORIENTED_EDGE('',*,*,#3422,.F.);
#6032 = PLANE('',#6033);
#6033 = AXIS2_PLACEMENT_3D('',#6034,#6035,#6036);
#6034 = CARTESIAN_POINT('',(3.4,0.6,0.));
#6035 = DIRECTION('',(1.,0.,0.));
#6036 = DIRECTION('',(0.,-1.,0.));
#6037 = ADVANCED_FACE('',(#6038),#6049,.T.);
#6038 = FACE_BOUND('',#6039,.T.);
#6039 = EDGE_LOOP('',(#6040,#6041,#6047,#6048));
#6040 = ORIENTED_EDGE('',*,*,#3368,.F.);
#6041 = ORIENTED_EDGE('',*,*,#6042,.F.);
#6042 = EDGE_CURVE('',#3431,#3360,#6043,.T.);
#6043 = LINE('',#6044,#6045);
#6044 = CARTESIAN_POINT('',(2.9,-12.2817827289,0.3));
#6045 = VECTOR('',#6046,1.);
#6046 = DIRECTION('',(0.,1.,2.2E-16));
#6047 = ORIENTED_EDGE('',*,*,#3430,.F.);
#6048 = ORIENTED_EDGE('',*,*,#6026,.F.);
#6049 = PLANE('',#6050);
#6050 = AXIS2_PLACEMENT_3D('',#6051,#6052,#6053);
#6051 = CARTESIAN_POINT('',(4.5,-12.2817827289,0.3));
#6052 = DIRECTION('',(0.,-2.2E-16,1.));
#6053 = DIRECTION('',(-1.,0.,0.));
#6054 = ADVANCED_FACE('',(#6055),#6066,.F.);
#6055 = FACE_BOUND('',#6056,.F.);
#6056 = EDGE_LOOP('',(#6057,#6058,#6064,#6065));
#6057 = ORIENTED_EDGE('',*,*,#3438,.F.);
#6058 = ORIENTED_EDGE('',*,*,#6059,.T.);
#6059 = EDGE_CURVE('',#3439,#3352,#6060,.T.);
#6060 = LINE('',#6061,#6062);
#6061 = CARTESIAN_POINT('',(2.7,-12.2817827289,0.5));
#6062 = VECTOR('',#6063,1.);
#6063 = DIRECTION('',(0.,1.,2.2E-16));
#6064 = ORIENTED_EDGE('',*,*,#3359,.T.);
#6065 = ORIENTED_EDGE('',*,*,#6042,.F.);
#6066 = CYLINDRICAL_SURFACE('',#6067,0.2);
#6067 = AXIS2_PLACEMENT_3D('',#6068,#6069,#6070);
#6068 = CARTESIAN_POINT('',(2.9,-12.2817827289,0.5));
#6069 = DIRECTION('',(0.,-1.,-2.2E-16));
#6070 = DIRECTION('',(1.,0.,0.));
#6071 = ADVANCED_FACE('',(#6072),#6083,.T.);
#6072 = FACE_BOUND('',#6073,.T.);
#6073 = EDGE_LOOP('',(#6074,#6075,#6076,#6082));
#6074 = ORIENTED_EDGE('',*,*,#6059,.T.);
#6075 = ORIENTED_EDGE('',*,*,#3351,.F.);
#6076 = ORIENTED_EDGE('',*,*,#6077,.F.);
#6077 = EDGE_CURVE('',#3448,#3344,#6078,.T.);
#6078 = LINE('',#6079,#6080);
#6079 = CARTESIAN_POINT('',(2.7,-5.890891364452,1.8));
#6080 = VECTOR('',#6081,1.);
#6081 = DIRECTION('',(0.,1.,0.));
#6082 = ORIENTED_EDGE('',*,*,#3447,.F.);
#6083 = PLANE('',#6084);
#6084 = AXIS2_PLACEMENT_3D('',#6085,#6086,#6087);
#6085 = CARTESIAN_POINT('',(2.7,-12.2817827289,0.5));
#6086 = DIRECTION('',(1.,0.,0.));
#6087 = DIRECTION('',(0.,-2.2E-16,1.));
#6088 = ADVANCED_FACE('',(#6089),#6095,.T.);
#6089 = FACE_BOUND('',#6090,.T.);
#6090 = EDGE_LOOP('',(#6091,#6092,#6093,#6094));
#6091 = ORIENTED_EDGE('',*,*,#3455,.F.);
#6092 = ORIENTED_EDGE('',*,*,#6077,.T.);
#6093 = ORIENTED_EDGE('',*,*,#3343,.F.);
#6094 = ORIENTED_EDGE('',*,*,#5371,.F.);
#6095 = PLANE('',#6096);
#6096 = AXIS2_PLACEMENT_3D('',#6097,#6098,#6099);
#6097 = CARTESIAN_POINT('',(2.5,0.5,1.8));
#6098 = DIRECTION('',(0.,0.,1.));
#6099 = DIRECTION('',(1.,0.,-0.));
#6100 = ADVANCED_FACE('',(#6101),#6112,.F.);
#6101 = FACE_BOUND('',#6102,.T.);
#6102 = EDGE_LOOP('',(#6103,#6104,#6105,#6106));
#6103 = ORIENTED_EDGE('',*,*,#3601,.T.);
#6104 = ORIENTED_EDGE('',*,*,#3577,.T.);
#6105 = ORIENTED_EDGE('',*,*,#3503,.T.);
#6106 = ORIENTED_EDGE('',*,*,#6107,.T.);
#6107 = EDGE_CURVE('',#3506,#3602,#6108,.T.);
#6108 = LINE('',#6109,#6110);
#6109 = CARTESIAN_POINT('',(3.4,0.1,0.));
#6110 = VECTOR('',#6111,1.);
#6111 = DIRECTION('',(0.,-1.,0.));
#6112 = PLANE('',#6113);
#6113 = AXIS2_PLACEMENT_3D('',#6114,#6115,#6116);
#6114 = CARTESIAN_POINT('',(2.5,0.,0.));
#6115 = DIRECTION('',(0.,0.,1.));
#6116 = DIRECTION('',(1.,0.,-0.));
#6117 = ADVANCED_FACE('',(#6118),#6129,.T.);
#6118 = FACE_BOUND('',#6119,.T.);
#6119 = EDGE_LOOP('',(#6120,#6121,#6122,#6128));
#6120 = ORIENTED_EDGE('',*,*,#6107,.F.);
#6121 = ORIENTED_EDGE('',*,*,#3563,.T.);
#6122 = ORIENTED_EDGE('',*,*,#6123,.T.);
#6123 = EDGE_CURVE('',#3556,#3610,#6124,.T.);
#6124 = LINE('',#6125,#6126);
#6125 = CARTESIAN_POINT('',(3.4,-6.090891364452,0.3));
#6126 = VECTOR('',#6127,1.);
#6127 = DIRECTION('',(0.,-1.,-2.2E-16));
#6128 = ORIENTED_EDGE('',*,*,#3609,.F.);
#6129 = PLANE('',#6130);
#6130 = AXIS2_PLACEMENT_3D('',#6131,#6132,#6133);
#6131 = CARTESIAN_POINT('',(3.4,0.1,0.));
#6132 = DIRECTION('',(1.,0.,0.));
#6133 = DIRECTION('',(0.,-1.,0.));
#6134 = ADVANCED_FACE('',(#6135),#6146,.T.);
#6135 = FACE_BOUND('',#6136,.T.);
#6136 = EDGE_LOOP('',(#6137,#6143,#6144,#6145));
#6137 = ORIENTED_EDGE('',*,*,#6138,.F.);
#6138 = EDGE_CURVE('',#3618,#3547,#6139,.T.);
#6139 = LINE('',#6140,#6141);
#6140 = CARTESIAN_POINT('',(2.9,-12.2817827289,0.3));
#6141 = VECTOR('',#6142,1.);
#6142 = DIRECTION('',(0.,1.,2.2E-16));
#6143 = ORIENTED_EDGE('',*,*,#3617,.F.);
#6144 = ORIENTED_EDGE('',*,*,#6123,.F.);
#6145 = ORIENTED_EDGE('',*,*,#3555,.F.);
#6146 = PLANE('',#6147);
#6147 = AXIS2_PLACEMENT_3D('',#6148,#6149,#6150);
#6148 = CARTESIAN_POINT('',(4.5,-12.2817827289,0.3));
#6149 = DIRECTION('',(0.,-2.2E-16,1.));
#6150 = DIRECTION('',(-1.,0.,0.));
#6151 = ADVANCED_FACE('',(#6152),#6163,.F.);
#6152 = FACE_BOUND('',#6153,.F.);
#6153 = EDGE_LOOP('',(#6154,#6155,#6161,#6162));
#6154 = ORIENTED_EDGE('',*,*,#3625,.F.);
#6155 = ORIENTED_EDGE('',*,*,#6156,.T.);
#6156 = EDGE_CURVE('',#3626,#3539,#6157,.T.);
#6157 = LINE('',#6158,#6159);
#6158 = CARTESIAN_POINT('',(2.7,-12.2817827289,0.5));
#6159 = VECTOR('',#6160,1.);
#6160 = DIRECTION('',(0.,1.,2.2E-16));
#6161 = ORIENTED_EDGE('',*,*,#3546,.T.);
#6162 = ORIENTED_EDGE('',*,*,#6138,.F.);
#6163 = CYLINDRICAL_SURFACE('',#6164,0.2);
#6164 = AXIS2_PLACEMENT_3D('',#6165,#6166,#6167);
#6165 = CARTESIAN_POINT('',(2.9,-12.2817827289,0.5));
#6166 = DIRECTION('',(0.,-1.,-2.2E-16));
#6167 = DIRECTION('',(1.,0.,0.));
#6168 = ADVANCED_FACE('',(#6169),#6180,.T.);
#6169 = FACE_BOUND('',#6170,.T.);
#6170 = EDGE_LOOP('',(#6171,#6172,#6173,#6174));
#6171 = ORIENTED_EDGE('',*,*,#3634,.F.);
#6172 = ORIENTED_EDGE('',*,*,#6156,.T.);
#6173 = ORIENTED_EDGE('',*,*,#3538,.F.);
#6174 = ORIENTED_EDGE('',*,*,#6175,.F.);
#6175 = EDGE_CURVE('',#3635,#3531,#6176,.T.);
#6176 = LINE('',#6177,#6178);
#6177 = CARTESIAN_POINT('',(2.7,-6.140891364452,1.8));
#6178 = VECTOR('',#6179,1.);
#6179 = DIRECTION('',(0.,1.,0.));
#6180 = PLANE('',#6181);
#6181 = AXIS2_PLACEMENT_3D('',#6182,#6183,#6184);
#6182 = CARTESIAN_POINT('',(2.7,-12.2817827289,0.5));
#6183 = DIRECTION('',(1.,0.,0.));
#6184 = DIRECTION('',(0.,-2.2E-16,1.));
#6185 = ADVANCED_FACE('',(#6186),#6192,.T.);
#6186 = FACE_BOUND('',#6187,.T.);
#6187 = EDGE_LOOP('',(#6188,#6189,#6190,#6191));
#6188 = ORIENTED_EDGE('',*,*,#3642,.F.);
#6189 = ORIENTED_EDGE('',*,*,#6175,.T.);
#6190 = ORIENTED_EDGE('',*,*,#3530,.F.);
#6191 = ORIENTED_EDGE('',*,*,#5388,.F.);
#6192 = PLANE('',#6193);
#6193 = AXIS2_PLACEMENT_3D('',#6194,#6195,#6196);
#6194 = CARTESIAN_POINT('',(2.5,0.,1.8));
#6195 = DIRECTION('',(0.,0.,1.));
#6196 = DIRECTION('',(1.,0.,-0.));
#6197 = ADVANCED_FACE('',(#6198),#6209,.F.);
#6198 = FACE_BOUND('',#6199,.T.);
#6199 = EDGE_LOOP('',(#6200,#6201,#6202,#6203));
#6200 = ORIENTED_EDGE('',*,*,#3788,.T.);
#6201 = ORIENTED_EDGE('',*,*,#3764,.T.);
#6202 = ORIENTED_EDGE('',*,*,#3690,.T.);
#6203 = ORIENTED_EDGE('',*,*,#6204,.T.);
#6204 = EDGE_CURVE('',#3693,#3789,#6205,.T.);
#6205 = LINE('',#6206,#6207);
#6206 = CARTESIAN_POINT('',(3.4,-0.4,0.));
#6207 = VECTOR('',#6208,1.);
#6208 = DIRECTION('',(0.,-1.,0.));
#6209 = PLANE('',#6210);
#6210 = AXIS2_PLACEMENT_3D('',#6211,#6212,#6213);
#6211 = CARTESIAN_POINT('',(2.5,-0.5,0.));
#6212 = DIRECTION('',(0.,0.,1.));
#6213 = DIRECTION('',(1.,0.,-0.));
#6214 = ADVANCED_FACE('',(#6215),#6226,.T.);
#6215 = FACE_BOUND('',#6216,.T.);
#6216 = EDGE_LOOP('',(#6217,#6218,#6219,#6225));
#6217 = ORIENTED_EDGE('',*,*,#6204,.F.);
#6218 = ORIENTED_EDGE('',*,*,#3750,.T.);
#6219 = ORIENTED_EDGE('',*,*,#6220,.T.);
#6220 = EDGE_CURVE('',#3743,#3797,#6221,.T.);
#6221 = LINE('',#6222,#6223);
#6222 = CARTESIAN_POINT('',(3.4,-6.340891364452,0.3));
#6223 = VECTOR('',#6224,1.);
#6224 = DIRECTION('',(0.,-1.,-2.2E-16));
#6225 = ORIENTED_EDGE('',*,*,#3796,.F.);
#6226 = PLANE('',#6227);
#6227 = AXIS2_PLACEMENT_3D('',#6228,#6229,#6230);
#6228 = CARTESIAN_POINT('',(3.4,-0.4,0.));
#6229 = DIRECTION('',(1.,0.,0.));
#6230 = DIRECTION('',(0.,-1.,0.));
#6231 = ADVANCED_FACE('',(#6232),#6243,.T.);
#6232 = FACE_BOUND('',#6233,.T.);
#6233 = EDGE_LOOP('',(#6234,#6240,#6241,#6242));
#6234 = ORIENTED_EDGE('',*,*,#6235,.F.);
#6235 = EDGE_CURVE('',#3805,#3734,#6236,.T.);
#6236 = LINE('',#6237,#6238);
#6237 = CARTESIAN_POINT('',(2.9,-12.2817827289,0.3));
#6238 = VECTOR('',#6239,1.);
#6239 = DIRECTION('',(0.,1.,2.2E-16));
#6240 = ORIENTED_EDGE('',*,*,#3804,.F.);
#6241 = ORIENTED_EDGE('',*,*,#6220,.F.);
#6242 = ORIENTED_EDGE('',*,*,#3742,.F.);
#6243 = PLANE('',#6244);
#6244 = AXIS2_PLACEMENT_3D('',#6245,#6246,#6247);
#6245 = CARTESIAN_POINT('',(4.5,-12.2817827289,0.3));
#6246 = DIRECTION('',(0.,-2.2E-16,1.));
#6247 = DIRECTION('',(-1.,0.,0.));
#6248 = ADVANCED_FACE('',(#6249),#6260,.F.);
#6249 = FACE_BOUND('',#6250,.F.);
#6250 = EDGE_LOOP('',(#6251,#6252,#6258,#6259));
#6251 = ORIENTED_EDGE('',*,*,#3812,.F.);
#6252 = ORIENTED_EDGE('',*,*,#6253,.T.);
#6253 = EDGE_CURVE('',#3813,#3726,#6254,.T.);
#6254 = LINE('',#6255,#6256);
#6255 = CARTESIAN_POINT('',(2.7,-12.2817827289,0.5));
#6256 = VECTOR('',#6257,1.);
#6257 = DIRECTION('',(0.,1.,2.2E-16));
#6258 = ORIENTED_EDGE('',*,*,#3733,.T.);
#6259 = ORIENTED_EDGE('',*,*,#6235,.F.);
#6260 = CYLINDRICAL_SURFACE('',#6261,0.2);
#6261 = AXIS2_PLACEMENT_3D('',#6262,#6263,#6264);
#6262 = CARTESIAN_POINT('',(2.9,-12.2817827289,0.5));
#6263 = DIRECTION('',(0.,-1.,-2.2E-16));
#6264 = DIRECTION('',(1.,0.,0.));
#6265 = ADVANCED_FACE('',(#6266),#6277,.T.);
#6266 = FACE_BOUND('',#6267,.T.);
#6267 = EDGE_LOOP('',(#6268,#6269,#6270,#6271));
#6268 = ORIENTED_EDGE('',*,*,#3821,.F.);
#6269 = ORIENTED_EDGE('',*,*,#6253,.T.);
#6270 = ORIENTED_EDGE('',*,*,#3725,.F.);
#6271 = ORIENTED_EDGE('',*,*,#6272,.F.);
#6272 = EDGE_CURVE('',#3822,#3718,#6273,.T.);
#6273 = LINE('',#6274,#6275);
#6274 = CARTESIAN_POINT('',(2.7,-6.390891364452,1.8));
#6275 = VECTOR('',#6276,1.);
#6276 = DIRECTION('',(0.,1.,0.));
#6277 = PLANE('',#6278);
#6278 = AXIS2_PLACEMENT_3D('',#6279,#6280,#6281);
#6279 = CARTESIAN_POINT('',(2.7,-12.2817827289,0.5));
#6280 = DIRECTION('',(1.,0.,0.));
#6281 = DIRECTION('',(0.,-2.2E-16,1.));
#6282 = ADVANCED_FACE('',(#6283),#6289,.T.);
#6283 = FACE_BOUND('',#6284,.T.);
#6284 = EDGE_LOOP('',(#6285,#6286,#6287,#6288));
#6285 = ORIENTED_EDGE('',*,*,#3829,.F.);
#6286 = ORIENTED_EDGE('',*,*,#6272,.T.);
#6287 = ORIENTED_EDGE('',*,*,#3717,.F.);
#6288 = ORIENTED_EDGE('',*,*,#5405,.F.);
#6289 = PLANE('',#6290);
#6290 = AXIS2_PLACEMENT_3D('',#6291,#6292,#6293);
#6291 = CARTESIAN_POINT('',(2.5,-0.5,1.8));
#6292 = DIRECTION('',(0.,0.,1.));
#6293 = DIRECTION('',(1.,0.,-0.));
#6294 = ADVANCED_FACE('',(#6295),#6306,.F.);
#6295 = FACE_BOUND('',#6296,.T.);
#6296 = EDGE_LOOP('',(#6297,#6298,#6299,#6300));
#6297 = ORIENTED_EDGE('',*,*,#3975,.T.);
#6298 = ORIENTED_EDGE('',*,*,#3951,.T.);
#6299 = ORIENTED_EDGE('',*,*,#3877,.T.);
#6300 = ORIENTED_EDGE('',*,*,#6301,.T.);
#6301 = EDGE_CURVE('',#3880,#3976,#6302,.T.);
#6302 = LINE('',#6303,#6304);
#6303 = CARTESIAN_POINT('',(3.4,-0.9,0.));
#6304 = VECTOR('',#6305,1.);
#6305 = DIRECTION('',(0.,-1.,0.));
#6306 = PLANE('',#6307);
#6307 = AXIS2_PLACEMENT_3D('',#6308,#6309,#6310);
#6308 = CARTESIAN_POINT('',(2.5,-1.,0.));
#6309 = DIRECTION('',(0.,0.,1.));
#6310 = DIRECTION('',(1.,0.,-0.));
#6311 = ADVANCED_FACE('',(#6312),#6323,.T.);
#6312 = FACE_BOUND('',#6313,.T.);
#6313 = EDGE_LOOP('',(#6314,#6315,#6316,#6322));
#6314 = ORIENTED_EDGE('',*,*,#6301,.F.);
#6315 = ORIENTED_EDGE('',*,*,#3937,.T.);
#6316 = ORIENTED_EDGE('',*,*,#6317,.T.);
#6317 = EDGE_CURVE('',#3930,#3984,#6318,.T.);
#6318 = LINE('',#6319,#6320);
#6319 = CARTESIAN_POINT('',(3.4,-6.590891364452,0.3));
#6320 = VECTOR('',#6321,1.);
#6321 = DIRECTION('',(0.,-1.,-2.2E-16));
#6322 = ORIENTED_EDGE('',*,*,#3983,.F.);
#6323 = PLANE('',#6324);
#6324 = AXIS2_PLACEMENT_3D('',#6325,#6326,#6327);
#6325 = CARTESIAN_POINT('',(3.4,-0.9,0.));
#6326 = DIRECTION('',(1.,0.,0.));
#6327 = DIRECTION('',(0.,-1.,0.));
#6328 = ADVANCED_FACE('',(#6329),#6340,.T.);
#6329 = FACE_BOUND('',#6330,.T.);
#6330 = EDGE_LOOP('',(#6331,#6337,#6338,#6339));
#6331 = ORIENTED_EDGE('',*,*,#6332,.F.);
#6332 = EDGE_CURVE('',#3992,#3921,#6333,.T.);
#6333 = LINE('',#6334,#6335);
#6334 = CARTESIAN_POINT('',(2.9,-12.2817827289,0.3));
#6335 = VECTOR('',#6336,1.);
#6336 = DIRECTION('',(0.,1.,2.2E-16));
#6337 = ORIENTED_EDGE('',*,*,#3991,.F.);
#6338 = ORIENTED_EDGE('',*,*,#6317,.F.);
#6339 = ORIENTED_EDGE('',*,*,#3929,.F.);
#6340 = PLANE('',#6341);
#6341 = AXIS2_PLACEMENT_3D('',#6342,#6343,#6344);
#6342 = CARTESIAN_POINT('',(4.5,-12.2817827289,0.3));
#6343 = DIRECTION('',(0.,-2.2E-16,1.));
#6344 = DIRECTION('',(-1.,0.,0.));
#6345 = ADVANCED_FACE('',(#6346),#6357,.F.);
#6346 = FACE_BOUND('',#6347,.F.);
#6347 = EDGE_LOOP('',(#6348,#6349,#6355,#6356));
#6348 = ORIENTED_EDGE('',*,*,#3999,.F.);
#6349 = ORIENTED_EDGE('',*,*,#6350,.T.);
#6350 = EDGE_CURVE('',#4000,#3913,#6351,.T.);
#6351 = LINE('',#6352,#6353);
#6352 = CARTESIAN_POINT('',(2.7,-12.2817827289,0.5));
#6353 = VECTOR('',#6354,1.);
#6354 = DIRECTION('',(0.,1.,2.2E-16));
#6355 = ORIENTED_EDGE('',*,*,#3920,.T.);
#6356 = ORIENTED_EDGE('',*,*,#6332,.F.);
#6357 = CYLINDRICAL_SURFACE('',#6358,0.2);
#6358 = AXIS2_PLACEMENT_3D('',#6359,#6360,#6361);
#6359 = CARTESIAN_POINT('',(2.9,-12.2817827289,0.5));
#6360 = DIRECTION('',(0.,-1.,-2.2E-16));
#6361 = DIRECTION('',(1.,0.,0.));
#6362 = ADVANCED_FACE('',(#6363),#6374,.T.);
#6363 = FACE_BOUND('',#6364,.T.);
#6364 = EDGE_LOOP('',(#6365,#6366,#6367,#6368));
#6365 = ORIENTED_EDGE('',*,*,#4008,.F.);
#6366 = ORIENTED_EDGE('',*,*,#6350,.T.);
#6367 = ORIENTED_EDGE('',*,*,#3912,.F.);
#6368 = ORIENTED_EDGE('',*,*,#6369,.F.);
#6369 = EDGE_CURVE('',#4009,#3905,#6370,.T.);
#6370 = LINE('',#6371,#6372);
#6371 = CARTESIAN_POINT('',(2.7,-6.640891364452,1.8));
#6372 = VECTOR('',#6373,1.);
#6373 = DIRECTION('',(0.,1.,0.));
#6374 = PLANE('',#6375);
#6375 = AXIS2_PLACEMENT_3D('',#6376,#6377,#6378);
#6376 = CARTESIAN_POINT('',(2.7,-12.2817827289,0.5));
#6377 = DIRECTION('',(1.,0.,0.));
#6378 = DIRECTION('',(0.,-2.2E-16,1.));
#6379 = ADVANCED_FACE('',(#6380),#6386,.T.);
#6380 = FACE_BOUND('',#6381,.T.);
#6381 = EDGE_LOOP('',(#6382,#6383,#6384,#6385));
#6382 = ORIENTED_EDGE('',*,*,#4016,.F.);
#6383 = ORIENTED_EDGE('',*,*,#6369,.T.);
#6384 = ORIENTED_EDGE('',*,*,#3904,.F.);
#6385 = ORIENTED_EDGE('',*,*,#5422,.F.);
#6386 = PLANE('',#6387);
#6387 = AXIS2_PLACEMENT_3D('',#6388,#6389,#6390);
#6388 = CARTESIAN_POINT('',(2.5,-1.,1.8));
#6389 = DIRECTION('',(0.,0.,1.));
#6390 = DIRECTION('',(1.,0.,-0.));
#6391 = ADVANCED_FACE('',(#6392),#6403,.F.);
#6392 = FACE_BOUND('',#6393,.T.);
#6393 = EDGE_LOOP('',(#6394,#6395,#6396,#6397));
#6394 = ORIENTED_EDGE('',*,*,#4162,.T.);
#6395 = ORIENTED_EDGE('',*,*,#4138,.T.);
#6396 = ORIENTED_EDGE('',*,*,#4064,.T.);
#6397 = ORIENTED_EDGE('',*,*,#6398,.T.);
#6398 = EDGE_CURVE('',#4067,#4163,#6399,.T.);
#6399 = LINE('',#6400,#6401);
#6400 = CARTESIAN_POINT('',(3.4,-1.4,1.E-15));
#6401 = VECTOR('',#6402,1.);
#6402 = DIRECTION('',(0.,-1.,0.));
#6403 = PLANE('',#6404);
#6404 = AXIS2_PLACEMENT_3D('',#6405,#6406,#6407);
#6405 = CARTESIAN_POINT('',(2.5,-1.5,1.E-15));
#6406 = DIRECTION('',(0.,0.,1.));
#6407 = DIRECTION('',(1.,0.,-0.));
#6408 = ADVANCED_FACE('',(#6409),#6420,.T.);
#6409 = FACE_BOUND('',#6410,.T.);
#6410 = EDGE_LOOP('',(#6411,#6412,#6413,#6419));
#6411 = ORIENTED_EDGE('',*,*,#6398,.F.);
#6412 = ORIENTED_EDGE('',*,*,#4124,.T.);
#6413 = ORIENTED_EDGE('',*,*,#6414,.T.);
#6414 = EDGE_CURVE('',#4117,#4171,#6415,.T.);
#6415 = LINE('',#6416,#6417);
#6416 = CARTESIAN_POINT('',(3.4,-6.840891364452,0.3));
#6417 = VECTOR('',#6418,1.);
#6418 = DIRECTION('',(0.,-1.,-2.2E-16));
#6419 = ORIENTED_EDGE('',*,*,#4170,.F.);
#6420 = PLANE('',#6421);
#6421 = AXIS2_PLACEMENT_3D('',#6422,#6423,#6424);
#6422 = CARTESIAN_POINT('',(3.4,-1.4,1.E-15));
#6423 = DIRECTION('',(1.,0.,0.));
#6424 = DIRECTION('',(0.,-1.,0.));
#6425 = ADVANCED_FACE('',(#6426),#6437,.T.);
#6426 = FACE_BOUND('',#6427,.T.);
#6427 = EDGE_LOOP('',(#6428,#6434,#6435,#6436));
#6428 = ORIENTED_EDGE('',*,*,#6429,.F.);
#6429 = EDGE_CURVE('',#4179,#4108,#6430,.T.);
#6430 = LINE('',#6431,#6432);
#6431 = CARTESIAN_POINT('',(2.9,-12.2817827289,0.3));
#6432 = VECTOR('',#6433,1.);
#6433 = DIRECTION('',(0.,1.,2.2E-16));
#6434 = ORIENTED_EDGE('',*,*,#4178,.F.);
#6435 = ORIENTED_EDGE('',*,*,#6414,.F.);
#6436 = ORIENTED_EDGE('',*,*,#4116,.F.);
#6437 = PLANE('',#6438);
#6438 = AXIS2_PLACEMENT_3D('',#6439,#6440,#6441);
#6439 = CARTESIAN_POINT('',(4.5,-12.2817827289,0.3));
#6440 = DIRECTION('',(0.,-2.2E-16,1.));
#6441 = DIRECTION('',(-1.,0.,0.));
#6442 = ADVANCED_FACE('',(#6443),#6454,.F.);
#6443 = FACE_BOUND('',#6444,.F.);
#6444 = EDGE_LOOP('',(#6445,#6446,#6452,#6453));
#6445 = ORIENTED_EDGE('',*,*,#4186,.F.);
#6446 = ORIENTED_EDGE('',*,*,#6447,.T.);
#6447 = EDGE_CURVE('',#4187,#4100,#6448,.T.);
#6448 = LINE('',#6449,#6450);
#6449 = CARTESIAN_POINT('',(2.7,-12.2817827289,0.5));
#6450 = VECTOR('',#6451,1.);
#6451 = DIRECTION('',(0.,1.,2.2E-16));
#6452 = ORIENTED_EDGE('',*,*,#4107,.T.);
#6453 = ORIENTED_EDGE('',*,*,#6429,.F.);
#6454 = CYLINDRICAL_SURFACE('',#6455,0.2);
#6455 = AXIS2_PLACEMENT_3D('',#6456,#6457,#6458);
#6456 = CARTESIAN_POINT('',(2.9,-12.2817827289,0.5));
#6457 = DIRECTION('',(0.,-1.,-2.2E-16));
#6458 = DIRECTION('',(1.,0.,0.));
#6459 = ADVANCED_FACE('',(#6460),#6471,.T.);
#6460 = FACE_BOUND('',#6461,.T.);
#6461 = EDGE_LOOP('',(#6462,#6463,#6464,#6465));
#6462 = ORIENTED_EDGE('',*,*,#4195,.F.);
#6463 = ORIENTED_EDGE('',*,*,#6447,.T.);
#6464 = ORIENTED_EDGE('',*,*,#4099,.F.);
#6465 = ORIENTED_EDGE('',*,*,#6466,.F.);
#6466 = EDGE_CURVE('',#4196,#4092,#6467,.T.);
#6467 = LINE('',#6468,#6469);
#6468 = CARTESIAN_POINT('',(2.7,-6.890891364452,1.8));
#6469 = VECTOR('',#6470,1.);
#6470 = DIRECTION('',(0.,1.,0.));
#6471 = PLANE('',#6472);
#6472 = AXIS2_PLACEMENT_3D('',#6473,#6474,#6475);
#6473 = CARTESIAN_POINT('',(2.7,-12.2817827289,0.5));
#6474 = DIRECTION('',(1.,0.,0.));
#6475 = DIRECTION('',(0.,-2.2E-16,1.));
#6476 = ADVANCED_FACE('',(#6477),#6483,.T.);
#6477 = FACE_BOUND('',#6478,.T.);
#6478 = EDGE_LOOP('',(#6479,#6480,#6481,#6482));
#6479 = ORIENTED_EDGE('',*,*,#4203,.F.);
#6480 = ORIENTED_EDGE('',*,*,#6466,.T.);
#6481 = ORIENTED_EDGE('',*,*,#4091,.F.);
#6482 = ORIENTED_EDGE('',*,*,#5439,.F.);
#6483 = PLANE('',#6484);
#6484 = AXIS2_PLACEMENT_3D('',#6485,#6486,#6487);
#6485 = CARTESIAN_POINT('',(2.5,-1.5,1.8));
#6486 = DIRECTION('',(0.,0.,1.));
#6487 = DIRECTION('',(1.,0.,-0.));
#6488 = ADVANCED_FACE('',(#6489),#6500,.F.);
#6489 = FACE_BOUND('',#6490,.T.);
#6490 = EDGE_LOOP('',(#6491,#6492,#6493,#6494));
#6491 = ORIENTED_EDGE('',*,*,#4349,.T.);
#6492 = ORIENTED_EDGE('',*,*,#4325,.T.);
#6493 = ORIENTED_EDGE('',*,*,#4251,.T.);
#6494 = ORIENTED_EDGE('',*,*,#6495,.T.);
#6495 = EDGE_CURVE('',#4254,#4350,#6496,.T.);
#6496 = LINE('',#6497,#6498);
#6497 = CARTESIAN_POINT('',(3.4,-1.9,1.E-15));
#6498 = VECTOR('',#6499,1.);
#6499 = DIRECTION('',(0.,-1.,0.));
#6500 = PLANE('',#6501);
#6501 = AXIS2_PLACEMENT_3D('',#6502,#6503,#6504);
#6502 = CARTESIAN_POINT('',(2.5,-2.,1.E-15));
#6503 = DIRECTION('',(0.,0.,1.));
#6504 = DIRECTION('',(1.,0.,-0.));
#6505 = ADVANCED_FACE('',(#6506),#6517,.T.);
#6506 = FACE_BOUND('',#6507,.T.);
#6507 = EDGE_LOOP('',(#6508,#6509,#6510,#6516));
#6508 = ORIENTED_EDGE('',*,*,#6495,.F.);
#6509 = ORIENTED_EDGE('',*,*,#4311,.T.);
#6510 = ORIENTED_EDGE('',*,*,#6511,.T.);
#6511 = EDGE_CURVE('',#4304,#4358,#6512,.T.);
#6512 = LINE('',#6513,#6514);
#6513 = CARTESIAN_POINT('',(3.4,-7.090891364452,0.3));
#6514 = VECTOR('',#6515,1.);
#6515 = DIRECTION('',(0.,-1.,-2.2E-16));
#6516 = ORIENTED_EDGE('',*,*,#4357,.F.);
#6517 = PLANE('',#6518);
#6518 = AXIS2_PLACEMENT_3D('',#6519,#6520,#6521);
#6519 = CARTESIAN_POINT('',(3.4,-1.9,1.E-15));
#6520 = DIRECTION('',(1.,0.,0.));
#6521 = DIRECTION('',(0.,-1.,0.));
#6522 = ADVANCED_FACE('',(#6523),#6534,.T.);
#6523 = FACE_BOUND('',#6524,.T.);
#6524 = EDGE_LOOP('',(#6525,#6531,#6532,#6533));
#6525 = ORIENTED_EDGE('',*,*,#6526,.F.);
#6526 = EDGE_CURVE('',#4366,#4295,#6527,.T.);
#6527 = LINE('',#6528,#6529);
#6528 = CARTESIAN_POINT('',(2.9,-12.2817827289,0.3));
#6529 = VECTOR('',#6530,1.);
#6530 = DIRECTION('',(0.,1.,2.2E-16));
#6531 = ORIENTED_EDGE('',*,*,#4365,.F.);
#6532 = ORIENTED_EDGE('',*,*,#6511,.F.);
#6533 = ORIENTED_EDGE('',*,*,#4303,.F.);
#6534 = PLANE('',#6535);
#6535 = AXIS2_PLACEMENT_3D('',#6536,#6537,#6538);
#6536 = CARTESIAN_POINT('',(4.5,-12.2817827289,0.3));
#6537 = DIRECTION('',(0.,-2.2E-16,1.));
#6538 = DIRECTION('',(-1.,0.,0.));
#6539 = ADVANCED_FACE('',(#6540),#6551,.F.);
#6540 = FACE_BOUND('',#6541,.F.);
#6541 = EDGE_LOOP('',(#6542,#6543,#6549,#6550));
#6542 = ORIENTED_EDGE('',*,*,#4373,.F.);
#6543 = ORIENTED_EDGE('',*,*,#6544,.T.);
#6544 = EDGE_CURVE('',#4374,#4287,#6545,.T.);
#6545 = LINE('',#6546,#6547);
#6546 = CARTESIAN_POINT('',(2.7,-12.2817827289,0.5));
#6547 = VECTOR('',#6548,1.);
#6548 = DIRECTION('',(0.,1.,2.2E-16));
#6549 = ORIENTED_EDGE('',*,*,#4294,.T.);
#6550 = ORIENTED_EDGE('',*,*,#6526,.F.);
#6551 = CYLINDRICAL_SURFACE('',#6552,0.2);
#6552 = AXIS2_PLACEMENT_3D('',#6553,#6554,#6555);
#6553 = CARTESIAN_POINT('',(2.9,-12.2817827289,0.5));
#6554 = DIRECTION('',(0.,-1.,-2.2E-16));
#6555 = DIRECTION('',(1.,0.,0.));
#6556 = ADVANCED_FACE('',(#6557),#6568,.T.);
#6557 = FACE_BOUND('',#6558,.T.);
#6558 = EDGE_LOOP('',(#6559,#6560,#6561,#6562));
#6559 = ORIENTED_EDGE('',*,*,#4382,.F.);
#6560 = ORIENTED_EDGE('',*,*,#6544,.T.);
#6561 = ORIENTED_EDGE('',*,*,#4286,.F.);
#6562 = ORIENTED_EDGE('',*,*,#6563,.F.);
#6563 = EDGE_CURVE('',#4383,#4279,#6564,.T.);
#6564 = LINE('',#6565,#6566);
#6565 = CARTESIAN_POINT('',(2.7,-7.140891364452,1.8));
#6566 = VECTOR('',#6567,1.);
#6567 = DIRECTION('',(0.,1.,0.));
#6568 = PLANE('',#6569);
#6569 = AXIS2_PLACEMENT_3D('',#6570,#6571,#6572);
#6570 = CARTESIAN_POINT('',(2.7,-12.2817827289,0.5));
#6571 = DIRECTION('',(1.,0.,0.));
#6572 = DIRECTION('',(0.,-2.2E-16,1.));
#6573 = ADVANCED_FACE('',(#6574),#6580,.T.);
#6574 = FACE_BOUND('',#6575,.T.);
#6575 = EDGE_LOOP('',(#6576,#6577,#6578,#6579));
#6576 = ORIENTED_EDGE('',*,*,#4390,.F.);
#6577 = ORIENTED_EDGE('',*,*,#6563,.T.);
#6578 = ORIENTED_EDGE('',*,*,#4278,.F.);
#6579 = ORIENTED_EDGE('',*,*,#5456,.F.);
#6580 = PLANE('',#6581);
#6581 = AXIS2_PLACEMENT_3D('',#6582,#6583,#6584);
#6582 = CARTESIAN_POINT('',(2.5,-2.,1.8));
#6583 = DIRECTION('',(0.,0.,1.));
#6584 = DIRECTION('',(1.,0.,-0.));
#6585 = ADVANCED_FACE('',(#6586),#6597,.F.);
#6586 = FACE_BOUND('',#6587,.T.);
#6587 = EDGE_LOOP('',(#6588,#6589,#6590,#6591));
#6588 = ORIENTED_EDGE('',*,*,#4536,.T.);
#6589 = ORIENTED_EDGE('',*,*,#4512,.T.);
#6590 = ORIENTED_EDGE('',*,*,#4438,.T.);
#6591 = ORIENTED_EDGE('',*,*,#6592,.T.);
#6592 = EDGE_CURVE('',#4441,#4537,#6593,.T.);
#6593 = LINE('',#6594,#6595);
#6594 = CARTESIAN_POINT('',(3.4,-2.4,1.E-15));
#6595 = VECTOR('',#6596,1.);
#6596 = DIRECTION('',(0.,-1.,0.));
#6597 = PLANE('',#6598);
#6598 = AXIS2_PLACEMENT_3D('',#6599,#6600,#6601);
#6599 = CARTESIAN_POINT('',(2.5,-2.5,1.E-15));
#6600 = DIRECTION('',(0.,0.,1.));
#6601 = DIRECTION('',(1.,0.,-0.));
#6602 = ADVANCED_FACE('',(#6603),#6614,.T.);
#6603 = FACE_BOUND('',#6604,.T.);
#6604 = EDGE_LOOP('',(#6605,#6606,#6607,#6613));
#6605 = ORIENTED_EDGE('',*,*,#6592,.F.);
#6606 = ORIENTED_EDGE('',*,*,#4498,.T.);
#6607 = ORIENTED_EDGE('',*,*,#6608,.T.);
#6608 = EDGE_CURVE('',#4491,#4545,#6609,.T.);
#6609 = LINE('',#6610,#6611);
#6610 = CARTESIAN_POINT('',(3.4,-7.340891364452,0.3));
#6611 = VECTOR('',#6612,1.);
#6612 = DIRECTION('',(0.,-1.,-2.2E-16));
#6613 = ORIENTED_EDGE('',*,*,#4544,.F.);
#6614 = PLANE('',#6615);
#6615 = AXIS2_PLACEMENT_3D('',#6616,#6617,#6618);
#6616 = CARTESIAN_POINT('',(3.4,-2.4,1.E-15));
#6617 = DIRECTION('',(1.,0.,0.));
#6618 = DIRECTION('',(0.,-1.,0.));
#6619 = ADVANCED_FACE('',(#6620),#6631,.T.);
#6620 = FACE_BOUND('',#6621,.T.);
#6621 = EDGE_LOOP('',(#6622,#6628,#6629,#6630));
#6622 = ORIENTED_EDGE('',*,*,#6623,.F.);
#6623 = EDGE_CURVE('',#4553,#4482,#6624,.T.);
#6624 = LINE('',#6625,#6626);
#6625 = CARTESIAN_POINT('',(2.9,-12.2817827289,0.3));
#6626 = VECTOR('',#6627,1.);
#6627 = DIRECTION('',(0.,1.,2.2E-16));
#6628 = ORIENTED_EDGE('',*,*,#4552,.F.);
#6629 = ORIENTED_EDGE('',*,*,#6608,.F.);
#6630 = ORIENTED_EDGE('',*,*,#4490,.F.);
#6631 = PLANE('',#6632);
#6632 = AXIS2_PLACEMENT_3D('',#6633,#6634,#6635);
#6633 = CARTESIAN_POINT('',(4.5,-12.2817827289,0.3));
#6634 = DIRECTION('',(0.,-2.2E-16,1.));
#6635 = DIRECTION('',(-1.,0.,0.));
#6636 = ADVANCED_FACE('',(#6637),#6648,.F.);
#6637 = FACE_BOUND('',#6638,.F.);
#6638 = EDGE_LOOP('',(#6639,#6640,#6646,#6647));
#6639 = ORIENTED_EDGE('',*,*,#4560,.F.);
#6640 = ORIENTED_EDGE('',*,*,#6641,.T.);
#6641 = EDGE_CURVE('',#4561,#4474,#6642,.T.);
#6642 = LINE('',#6643,#6644);
#6643 = CARTESIAN_POINT('',(2.7,-12.2817827289,0.5));
#6644 = VECTOR('',#6645,1.);
#6645 = DIRECTION('',(0.,1.,2.2E-16));
#6646 = ORIENTED_EDGE('',*,*,#4481,.T.);
#6647 = ORIENTED_EDGE('',*,*,#6623,.F.);
#6648 = CYLINDRICAL_SURFACE('',#6649,0.2);
#6649 = AXIS2_PLACEMENT_3D('',#6650,#6651,#6652);
#6650 = CARTESIAN_POINT('',(2.9,-12.2817827289,0.5));
#6651 = DIRECTION('',(0.,-1.,-2.2E-16));
#6652 = DIRECTION('',(1.,0.,0.));
#6653 = ADVANCED_FACE('',(#6654),#6665,.T.);
#6654 = FACE_BOUND('',#6655,.T.);
#6655 = EDGE_LOOP('',(#6656,#6657,#6658,#6659));
#6656 = ORIENTED_EDGE('',*,*,#4569,.F.);
#6657 = ORIENTED_EDGE('',*,*,#6641,.T.);
#6658 = ORIENTED_EDGE('',*,*,#4473,.F.);
#6659 = ORIENTED_EDGE('',*,*,#6660,.F.);
#6660 = EDGE_CURVE('',#4570,#4466,#6661,.T.);
#6661 = LINE('',#6662,#6663);
#6662 = CARTESIAN_POINT('',(2.7,-7.390891364452,1.8));
#6663 = VECTOR('',#6664,1.);
#6664 = DIRECTION('',(0.,1.,0.));
#6665 = PLANE('',#6666);
#6666 = AXIS2_PLACEMENT_3D('',#6667,#6668,#6669);
#6667 = CARTESIAN_POINT('',(2.7,-12.2817827289,0.5));
#6668 = DIRECTION('',(1.,0.,0.));
#6669 = DIRECTION('',(0.,-2.2E-16,1.));
#6670 = ADVANCED_FACE('',(#6671),#6677,.T.);
#6671 = FACE_BOUND('',#6672,.T.);
#6672 = EDGE_LOOP('',(#6673,#6674,#6675,#6676));
#6673 = ORIENTED_EDGE('',*,*,#4577,.F.);
#6674 = ORIENTED_EDGE('',*,*,#6660,.T.);
#6675 = ORIENTED_EDGE('',*,*,#4465,.F.);
#6676 = ORIENTED_EDGE('',*,*,#5473,.F.);
#6677 = PLANE('',#6678);
#6678 = AXIS2_PLACEMENT_3D('',#6679,#6680,#6681);
#6679 = CARTESIAN_POINT('',(2.5,-2.5,1.8));
#6680 = DIRECTION('',(0.,0.,1.));
#6681 = DIRECTION('',(1.,0.,-0.));
#6682 = ADVANCED_FACE('',(#6683),#6694,.F.);
#6683 = FACE_BOUND('',#6684,.T.);
#6684 = EDGE_LOOP('',(#6685,#6686,#6687,#6688));
#6685 = ORIENTED_EDGE('',*,*,#4723,.T.);
#6686 = ORIENTED_EDGE('',*,*,#4699,.T.);
#6687 = ORIENTED_EDGE('',*,*,#4625,.T.);
#6688 = ORIENTED_EDGE('',*,*,#6689,.T.);
#6689 = EDGE_CURVE('',#4628,#4724,#6690,.T.);
#6690 = LINE('',#6691,#6692);
#6691 = CARTESIAN_POINT('',(3.4,-2.9,1.E-15));
#6692 = VECTOR('',#6693,1.);
#6693 = DIRECTION('',(0.,-1.,0.));
#6694 = PLANE('',#6695);
#6695 = AXIS2_PLACEMENT_3D('',#6696,#6697,#6698);
#6696 = CARTESIAN_POINT('',(2.5,-3.,1.E-15));
#6697 = DIRECTION('',(0.,0.,1.));
#6698 = DIRECTION('',(1.,0.,-0.));
#6699 = ADVANCED_FACE('',(#6700),#6711,.T.);
#6700 = FACE_BOUND('',#6701,.T.);
#6701 = EDGE_LOOP('',(#6702,#6703,#6704,#6710));
#6702 = ORIENTED_EDGE('',*,*,#6689,.F.);
#6703 = ORIENTED_EDGE('',*,*,#4685,.T.);
#6704 = ORIENTED_EDGE('',*,*,#6705,.T.);
#6705 = EDGE_CURVE('',#4678,#4732,#6706,.T.);
#6706 = LINE('',#6707,#6708);
#6707 = CARTESIAN_POINT('',(3.4,-7.590891364452,0.3));
#6708 = VECTOR('',#6709,1.);
#6709 = DIRECTION('',(0.,-1.,-2.2E-16));
#6710 = ORIENTED_EDGE('',*,*,#4731,.F.);
#6711 = PLANE('',#6712);
#6712 = AXIS2_PLACEMENT_3D('',#6713,#6714,#6715);
#6713 = CARTESIAN_POINT('',(3.4,-2.9,1.E-15));
#6714 = DIRECTION('',(1.,0.,0.));
#6715 = DIRECTION('',(0.,-1.,0.));
#6716 = ADVANCED_FACE('',(#6717),#6728,.T.);
#6717 = FACE_BOUND('',#6718,.T.);
#6718 = EDGE_LOOP('',(#6719,#6725,#6726,#6727));
#6719 = ORIENTED_EDGE('',*,*,#6720,.F.);
#6720 = EDGE_CURVE('',#4740,#4669,#6721,.T.);
#6721 = LINE('',#6722,#6723);
#6722 = CARTESIAN_POINT('',(2.9,-12.2817827289,0.3));
#6723 = VECTOR('',#6724,1.);
#6724 = DIRECTION('',(0.,1.,2.2E-16));
#6725 = ORIENTED_EDGE('',*,*,#4739,.F.);
#6726 = ORIENTED_EDGE('',*,*,#6705,.F.);
#6727 = ORIENTED_EDGE('',*,*,#4677,.F.);
#6728 = PLANE('',#6729);
#6729 = AXIS2_PLACEMENT_3D('',#6730,#6731,#6732);
#6730 = CARTESIAN_POINT('',(4.5,-12.2817827289,0.3));
#6731 = DIRECTION('',(0.,-2.2E-16,1.));
#6732 = DIRECTION('',(-1.,0.,0.));
#6733 = ADVANCED_FACE('',(#6734),#6745,.F.);
#6734 = FACE_BOUND('',#6735,.F.);
#6735 = EDGE_LOOP('',(#6736,#6737,#6743,#6744));
#6736 = ORIENTED_EDGE('',*,*,#4747,.F.);
#6737 = ORIENTED_EDGE('',*,*,#6738,.T.);
#6738 = EDGE_CURVE('',#4748,#4661,#6739,.T.);
#6739 = LINE('',#6740,#6741);
#6740 = CARTESIAN_POINT('',(2.7,-12.2817827289,0.5));
#6741 = VECTOR('',#6742,1.);
#6742 = DIRECTION('',(0.,1.,2.2E-16));
#6743 = ORIENTED_EDGE('',*,*,#4668,.T.);
#6744 = ORIENTED_EDGE('',*,*,#6720,.F.);
#6745 = CYLINDRICAL_SURFACE('',#6746,0.2);
#6746 = AXIS2_PLACEMENT_3D('',#6747,#6748,#6749);
#6747 = CARTESIAN_POINT('',(2.9,-12.2817827289,0.5));
#6748 = DIRECTION('',(0.,-1.,-2.2E-16));
#6749 = DIRECTION('',(1.,0.,0.));
#6750 = ADVANCED_FACE('',(#6751),#6762,.T.);
#6751 = FACE_BOUND('',#6752,.T.);
#6752 = EDGE_LOOP('',(#6753,#6754,#6755,#6756));
#6753 = ORIENTED_EDGE('',*,*,#4756,.F.);
#6754 = ORIENTED_EDGE('',*,*,#6738,.T.);
#6755 = ORIENTED_EDGE('',*,*,#4660,.F.);
#6756 = ORIENTED_EDGE('',*,*,#6757,.F.);
#6757 = EDGE_CURVE('',#4757,#4653,#6758,.T.);
#6758 = LINE('',#6759,#6760);
#6759 = CARTESIAN_POINT('',(2.7,-7.640891364452,1.8));
#6760 = VECTOR('',#6761,1.);
#6761 = DIRECTION('',(0.,1.,0.));
#6762 = PLANE('',#6763);
#6763 = AXIS2_PLACEMENT_3D('',#6764,#6765,#6766);
#6764 = CARTESIAN_POINT('',(2.7,-12.2817827289,0.5));
#6765 = DIRECTION('',(1.,0.,0.));
#6766 = DIRECTION('',(0.,-2.2E-16,1.));
#6767 = ADVANCED_FACE('',(#6768),#6774,.T.);
#6768 = FACE_BOUND('',#6769,.T.);
#6769 = EDGE_LOOP('',(#6770,#6771,#6772,#6773));
#6770 = ORIENTED_EDGE('',*,*,#4764,.F.);
#6771 = ORIENTED_EDGE('',*,*,#6757,.T.);
#6772 = ORIENTED_EDGE('',*,*,#4652,.F.);
#6773 = ORIENTED_EDGE('',*,*,#5490,.F.);
#6774 = PLANE('',#6775);
#6775 = AXIS2_PLACEMENT_3D('',#6776,#6777,#6778);
#6776 = CARTESIAN_POINT('',(2.5,-3.,1.8));
#6777 = DIRECTION('',(0.,0.,1.));
#6778 = DIRECTION('',(1.,0.,-0.));
#6779 = ADVANCED_FACE('',(#6780),#6791,.F.);
#6780 = FACE_BOUND('',#6781,.T.);
#6781 = EDGE_LOOP('',(#6782,#6783,#6784,#6785));
#6782 = ORIENTED_EDGE('',*,*,#4910,.T.);
#6783 = ORIENTED_EDGE('',*,*,#4886,.T.);
#6784 = ORIENTED_EDGE('',*,*,#4812,.T.);
#6785 = ORIENTED_EDGE('',*,*,#6786,.T.);
#6786 = EDGE_CURVE('',#4815,#4911,#6787,.T.);
#6787 = LINE('',#6788,#6789);
#6788 = CARTESIAN_POINT('',(3.4,-3.4,1.E-15));
#6789 = VECTOR('',#6790,1.);
#6790 = DIRECTION('',(0.,-1.,0.));
#6791 = PLANE('',#6792);
#6792 = AXIS2_PLACEMENT_3D('',#6793,#6794,#6795);
#6793 = CARTESIAN_POINT('',(2.5,-3.5,1.E-15));
#6794 = DIRECTION('',(0.,0.,1.));
#6795 = DIRECTION('',(1.,0.,-0.));
#6796 = ADVANCED_FACE('',(#6797),#6808,.T.);
#6797 = FACE_BOUND('',#6798,.T.);
#6798 = EDGE_LOOP('',(#6799,#6800,#6801,#6807));
#6799 = ORIENTED_EDGE('',*,*,#6786,.F.);
#6800 = ORIENTED_EDGE('',*,*,#4872,.T.);
#6801 = ORIENTED_EDGE('',*,*,#6802,.T.);
#6802 = EDGE_CURVE('',#4865,#4919,#6803,.T.);
#6803 = LINE('',#6804,#6805);
#6804 = CARTESIAN_POINT('',(3.4,-7.840891364452,0.3));
#6805 = VECTOR('',#6806,1.);
#6806 = DIRECTION('',(0.,-1.,-2.2E-16));
#6807 = ORIENTED_EDGE('',*,*,#4918,.F.);
#6808 = PLANE('',#6809);
#6809 = AXIS2_PLACEMENT_3D('',#6810,#6811,#6812);
#6810 = CARTESIAN_POINT('',(3.4,-3.4,1.E-15));
#6811 = DIRECTION('',(1.,0.,0.));
#6812 = DIRECTION('',(0.,-1.,0.));
#6813 = ADVANCED_FACE('',(#6814),#6825,.T.);
#6814 = FACE_BOUND('',#6815,.T.);
#6815 = EDGE_LOOP('',(#6816,#6822,#6823,#6824));
#6816 = ORIENTED_EDGE('',*,*,#6817,.F.);
#6817 = EDGE_CURVE('',#4927,#4856,#6818,.T.);
#6818 = LINE('',#6819,#6820);
#6819 = CARTESIAN_POINT('',(2.9,-12.2817827289,0.3));
#6820 = VECTOR('',#6821,1.);
#6821 = DIRECTION('',(0.,1.,2.2E-16));
#6822 = ORIENTED_EDGE('',*,*,#4926,.F.);
#6823 = ORIENTED_EDGE('',*,*,#6802,.F.);
#6824 = ORIENTED_EDGE('',*,*,#4864,.F.);
#6825 = PLANE('',#6826);
#6826 = AXIS2_PLACEMENT_3D('',#6827,#6828,#6829);
#6827 = CARTESIAN_POINT('',(4.5,-12.2817827289,0.3));
#6828 = DIRECTION('',(0.,-2.2E-16,1.));
#6829 = DIRECTION('',(-1.,0.,0.));
#6830 = ADVANCED_FACE('',(#6831),#6842,.F.);
#6831 = FACE_BOUND('',#6832,.F.);
#6832 = EDGE_LOOP('',(#6833,#6834,#6840,#6841));
#6833 = ORIENTED_EDGE('',*,*,#4934,.F.);
#6834 = ORIENTED_EDGE('',*,*,#6835,.T.);
#6835 = EDGE_CURVE('',#4935,#4848,#6836,.T.);
#6836 = LINE('',#6837,#6838);
#6837 = CARTESIAN_POINT('',(2.7,-12.2817827289,0.5));
#6838 = VECTOR('',#6839,1.);
#6839 = DIRECTION('',(0.,1.,2.2E-16));
#6840 = ORIENTED_EDGE('',*,*,#4855,.T.);
#6841 = ORIENTED_EDGE('',*,*,#6817,.F.);
#6842 = CYLINDRICAL_SURFACE('',#6843,0.2);
#6843 = AXIS2_PLACEMENT_3D('',#6844,#6845,#6846);
#6844 = CARTESIAN_POINT('',(2.9,-12.2817827289,0.5));
#6845 = DIRECTION('',(0.,-1.,-2.2E-16));
#6846 = DIRECTION('',(1.,0.,0.));
#6847 = ADVANCED_FACE('',(#6848),#6859,.T.);
#6848 = FACE_BOUND('',#6849,.T.);
#6849 = EDGE_LOOP('',(#6850,#6851,#6852,#6853));
#6850 = ORIENTED_EDGE('',*,*,#4943,.F.);
#6851 = ORIENTED_EDGE('',*,*,#6835,.T.);
#6852 = ORIENTED_EDGE('',*,*,#4847,.F.);
#6853 = ORIENTED_EDGE('',*,*,#6854,.F.);
#6854 = EDGE_CURVE('',#4944,#4840,#6855,.T.);
#6855 = LINE('',#6856,#6857);
#6856 = CARTESIAN_POINT('',(2.7,-7.890891364452,1.8));
#6857 = VECTOR('',#6858,1.);
#6858 = DIRECTION('',(0.,1.,0.));
#6859 = PLANE('',#6860);
#6860 = AXIS2_PLACEMENT_3D('',#6861,#6862,#6863);
#6861 = CARTESIAN_POINT('',(2.7,-12.2817827289,0.5));
#6862 = DIRECTION('',(1.,0.,0.));
#6863 = DIRECTION('',(0.,-2.2E-16,1.));
#6864 = ADVANCED_FACE('',(#6865),#6871,.T.);
#6865 = FACE_BOUND('',#6866,.T.);
#6866 = EDGE_LOOP('',(#6867,#6868,#6869,#6870));
#6867 = ORIENTED_EDGE('',*,*,#4951,.F.);
#6868 = ORIENTED_EDGE('',*,*,#6854,.T.);
#6869 = ORIENTED_EDGE('',*,*,#4839,.F.);
#6870 = ORIENTED_EDGE('',*,*,#5507,.F.);
#6871 = PLANE('',#6872);
#6872 = AXIS2_PLACEMENT_3D('',#6873,#6874,#6875);
#6873 = CARTESIAN_POINT('',(2.5,-3.5,1.8));
#6874 = DIRECTION('',(0.,0.,1.));
#6875 = DIRECTION('',(1.,0.,-0.));
#6876 = ADVANCED_FACE('',(#6877),#6902,.T.);
#6877 = FACE_BOUND('',#6878,.T.);
#6878 = EDGE_LOOP('',(#6879,#6887,#6888,#6896));
#6879 = ORIENTED_EDGE('',*,*,#6880,.F.);
#6880 = EDGE_CURVE('',#1125,#6881,#6883,.T.);
#6881 = VERTEX_POINT('',#6882);
#6882 = CARTESIAN_POINT('',(0.6,-4.9,0.2));
#6883 = LINE('',#6884,#6885);
#6884 = CARTESIAN_POINT('',(0.6,-4.25,0.2));
#6885 = VECTOR('',#6886,1.);
#6886 = DIRECTION('',(0.,-1.,0.));
#6887 = ORIENTED_EDGE('',*,*,#5019,.F.);
#6888 = ORIENTED_EDGE('',*,*,#6889,.T.);
#6889 = EDGE_CURVE('',#1749,#6890,#6892,.T.);
#6890 = VERTEX_POINT('',#6891);
#6891 = CARTESIAN_POINT('',(0.6,-4.9,0.5));
#6892 = LINE('',#6893,#6894);
#6893 = CARTESIAN_POINT('',(0.6,-4.25,0.5));
#6894 = VECTOR('',#6895,1.);
#6895 = DIRECTION('',(0.,-1.,0.));
#6896 = ORIENTED_EDGE('',*,*,#6897,.F.);
#6897 = EDGE_CURVE('',#6881,#6890,#6898,.T.);
#6898 = LINE('',#6899,#6900);
#6899 = CARTESIAN_POINT('',(0.6,-4.9,0.2));
#6900 = VECTOR('',#6901,1.);
#6901 = DIRECTION('',(0.,0.,1.));
#6902 = PLANE('',#6903);
#6903 = AXIS2_PLACEMENT_3D('',#6904,#6905,#6906);
#6904 = CARTESIAN_POINT('',(0.6,-4.25,0.2));
#6905 = DIRECTION('',(1.,0.,0.));
#6906 = DIRECTION('',(0.,-1.,0.));
#6907 = ADVANCED_FACE('',(#6908),#7005,.T.);
#6908 = FACE_BOUND('',#6909,.T.);
#6909 = EDGE_LOOP('',(#6910,#6920,#6929,#6937,#6944,#6945,#6946,#6947,
    #6948,#6949,#6957,#6965,#6974,#6982,#6991,#6999));
#6910 = ORIENTED_EDGE('',*,*,#6911,.F.);
#6911 = EDGE_CURVE('',#6912,#6914,#6916,.T.);
#6912 = VERTEX_POINT('',#6913);
#6913 = CARTESIAN_POINT('',(0.6,-5.8,0.1));
#6914 = VERTEX_POINT('',#6915);
#6915 = CARTESIAN_POINT('',(0.6,-5.8,0.8));
#6916 = LINE('',#6917,#6918);
#6917 = CARTESIAN_POINT('',(0.6,-5.8,0.1));
#6918 = VECTOR('',#6919,1.);
#6919 = DIRECTION('',(0.,0.,1.));
#6920 = ORIENTED_EDGE('',*,*,#6921,.T.);
#6921 = EDGE_CURVE('',#6912,#6922,#6924,.T.);
#6922 = VERTEX_POINT('',#6923);
#6923 = CARTESIAN_POINT('',(0.6,-5.7,1.E-15));
#6924 = CIRCLE('',#6925,0.1);
#6925 = AXIS2_PLACEMENT_3D('',#6926,#6927,#6928);
#6926 = CARTESIAN_POINT('',(0.6,-5.7,0.1));
#6927 = DIRECTION('',(1.,0.,0.));
#6928 = DIRECTION('',(-0.,1.,0.));
#6929 = ORIENTED_EDGE('',*,*,#6930,.F.);
#6930 = EDGE_CURVE('',#6931,#6922,#6933,.T.);
#6931 = VERTEX_POINT('',#6932);
#6932 = CARTESIAN_POINT('',(0.6,-4.9,1.E-15));
#6933 = LINE('',#6934,#6935);
#6934 = CARTESIAN_POINT('',(0.6,-4.9,1.E-15));
#6935 = VECTOR('',#6936,1.);
#6936 = DIRECTION('',(0.,-1.,0.));
#6937 = ORIENTED_EDGE('',*,*,#6938,.T.);
#6938 = EDGE_CURVE('',#6931,#5058,#6939,.T.);
#6939 = CIRCLE('',#6940,0.1);
#6940 = AXIS2_PLACEMENT_3D('',#6941,#6942,#6943);
#6941 = CARTESIAN_POINT('',(0.6,-4.9,0.1));
#6942 = DIRECTION('',(1.,0.,0.));
#6943 = DIRECTION('',(-0.,1.,0.));
#6944 = ORIENTED_EDGE('',*,*,#5065,.F.);
#6945 = ORIENTED_EDGE('',*,*,#6880,.T.);
#6946 = ORIENTED_EDGE('',*,*,#6897,.T.);
#6947 = ORIENTED_EDGE('',*,*,#6889,.F.);
#6948 = ORIENTED_EDGE('',*,*,#5033,.F.);
#6949 = ORIENTED_EDGE('',*,*,#6950,.F.);
#6950 = EDGE_CURVE('',#6951,#5034,#6953,.T.);
#6951 = VERTEX_POINT('',#6952);
#6952 = CARTESIAN_POINT('',(0.6,-5.,0.8));
#6953 = LINE('',#6954,#6955);
#6954 = CARTESIAN_POINT('',(0.6,-5.,0.8));
#6955 = VECTOR('',#6956,1.);
#6956 = DIRECTION('',(0.,1.,0.));
#6957 = ORIENTED_EDGE('',*,*,#6958,.T.);
#6958 = EDGE_CURVE('',#6951,#6959,#6961,.T.);
#6959 = VERTEX_POINT('',#6960);
#6960 = CARTESIAN_POINT('',(0.6,-5.,0.25));
#6961 = LINE('',#6962,#6963);
#6962 = CARTESIAN_POINT('',(0.6,-5.,0.8));
#6963 = VECTOR('',#6964,1.);
#6964 = DIRECTION('',(0.,0.,-1.));
#6965 = ORIENTED_EDGE('',*,*,#6966,.F.);
#6966 = EDGE_CURVE('',#6967,#6959,#6969,.T.);
#6967 = VERTEX_POINT('',#6968);
#6968 = CARTESIAN_POINT('',(0.6,-5.05,0.2));
#6969 = CIRCLE('',#6970,5.E-02);
#6970 = AXIS2_PLACEMENT_3D('',#6971,#6972,#6973);
#6971 = CARTESIAN_POINT('',(0.6,-5.05,0.25));
#6972 = DIRECTION('',(1.,0.,0.));
#6973 = DIRECTION('',(-0.,1.,0.));
#6974 = ORIENTED_EDGE('',*,*,#6975,.T.);
#6975 = EDGE_CURVE('',#6967,#6976,#6978,.T.);
#6976 = VERTEX_POINT('',#6977);
#6977 = CARTESIAN_POINT('',(0.6,-5.55,0.2));
#6978 = LINE('',#6979,#6980);
#6979 = CARTESIAN_POINT('',(0.6,-5.05,0.2));
#6980 = VECTOR('',#6981,1.);
#6981 = DIRECTION('',(0.,-1.,0.));
#6982 = ORIENTED_EDGE('',*,*,#6983,.F.);
#6983 = EDGE_CURVE('',#6984,#6976,#6986,.T.);
#6984 = VERTEX_POINT('',#6985);
#6985 = CARTESIAN_POINT('',(0.6,-5.6,0.25));
#6986 = CIRCLE('',#6987,5.E-02);
#6987 = AXIS2_PLACEMENT_3D('',#6988,#6989,#6990);
#6988 = CARTESIAN_POINT('',(0.6,-5.55,0.25));
#6989 = DIRECTION('',(1.,0.,0.));
#6990 = DIRECTION('',(-0.,1.,0.));
#6991 = ORIENTED_EDGE('',*,*,#6992,.T.);
#6992 = EDGE_CURVE('',#6984,#6993,#6995,.T.);
#6993 = VERTEX_POINT('',#6994);
#6994 = CARTESIAN_POINT('',(0.6,-5.6,0.8));
#6995 = LINE('',#6996,#6997);
#6996 = CARTESIAN_POINT('',(0.6,-5.6,0.25));
#6997 = VECTOR('',#6998,1.);
#6998 = DIRECTION('',(0.,0.,1.));
#6999 = ORIENTED_EDGE('',*,*,#7000,.F.);
#7000 = EDGE_CURVE('',#6914,#6993,#7001,.T.);
#7001 = LINE('',#7002,#7003);
#7002 = CARTESIAN_POINT('',(0.6,-5.8,0.8));
#7003 = VECTOR('',#7004,1.);
#7004 = DIRECTION('',(0.,1.,0.));
#7005 = PLANE('',#7006);
#7006 = AXIS2_PLACEMENT_3D('',#7007,#7008,#7009);
#7007 = CARTESIAN_POINT('',(0.6,-5.3,0.358610818827));
#7008 = DIRECTION('',(1.,-2.3E-16,2.6E-16));
#7009 = DIRECTION('',(-2.6E-16,1.140483675188E-48,1.));
#7010 = ADVANCED_FACE('',(#7011),#7030,.T.);
#7011 = FACE_BOUND('',#7012,.T.);
#7012 = EDGE_LOOP('',(#7013,#7021,#7028,#7029));
#7013 = ORIENTED_EDGE('',*,*,#7014,.T.);
#7014 = EDGE_CURVE('',#6931,#7015,#7017,.T.);
#7015 = VERTEX_POINT('',#7016);
#7016 = CARTESIAN_POINT('',(-0.6,-4.9,1.E-15));
#7017 = LINE('',#7018,#7019);
#7018 = CARTESIAN_POINT('',(0.6,-4.9,1.22E-15));
#7019 = VECTOR('',#7020,1.);
#7020 = DIRECTION('',(-1.,2.2E-16,-2.8E-16));
#7021 = ORIENTED_EDGE('',*,*,#7022,.T.);
#7022 = EDGE_CURVE('',#7015,#5050,#7023,.T.);
#7023 = CIRCLE('',#7024,0.1);
#7024 = AXIS2_PLACEMENT_3D('',#7025,#7026,#7027);
#7025 = CARTESIAN_POINT('',(-0.6,-4.9,0.1));
#7026 = DIRECTION('',(1.,0.,0.));
#7027 = DIRECTION('',(-0.,1.,0.));
#7028 = ORIENTED_EDGE('',*,*,#5057,.F.);
#7029 = ORIENTED_EDGE('',*,*,#6938,.F.);
#7030 = CYLINDRICAL_SURFACE('',#7031,0.1);
#7031 = AXIS2_PLACEMENT_3D('',#7032,#7033,#7034);
#7032 = CARTESIAN_POINT('',(0.6,-4.9,0.1));
#7033 = DIRECTION('',(1.,-2.2E-16,2.2E-16));
#7034 = DIRECTION('',(2.2E-16,1.,-2.2E-16));
#7035 = ADVANCED_FACE('',(#7036),#7121,.F.);
#7036 = FACE_BOUND('',#7037,.F.);
#7037 = EDGE_LOOP('',(#7038,#7048,#7057,#7063,#7064,#7065,#7073,#7081,
    #7090,#7098,#7107,#7115));
#7038 = ORIENTED_EDGE('',*,*,#7039,.F.);
#7039 = EDGE_CURVE('',#7040,#7042,#7044,.T.);
#7040 = VERTEX_POINT('',#7041);
#7041 = CARTESIAN_POINT('',(-0.6,-5.8,0.1));
#7042 = VERTEX_POINT('',#7043);
#7043 = CARTESIAN_POINT('',(-0.6,-5.8,0.8));
#7044 = LINE('',#7045,#7046);
#7045 = CARTESIAN_POINT('',(-0.6,-5.8,0.1));
#7046 = VECTOR('',#7047,1.);
#7047 = DIRECTION('',(0.,0.,1.));
#7048 = ORIENTED_EDGE('',*,*,#7049,.T.);
#7049 = EDGE_CURVE('',#7040,#7050,#7052,.T.);
#7050 = VERTEX_POINT('',#7051);
#7051 = CARTESIAN_POINT('',(-0.6,-5.7,1.E-15));
#7052 = CIRCLE('',#7053,0.1);
#7053 = AXIS2_PLACEMENT_3D('',#7054,#7055,#7056);
#7054 = CARTESIAN_POINT('',(-0.6,-5.7,0.1));
#7055 = DIRECTION('',(1.,0.,0.));
#7056 = DIRECTION('',(-0.,1.,0.));
#7057 = ORIENTED_EDGE('',*,*,#7058,.F.);
#7058 = EDGE_CURVE('',#7015,#7050,#7059,.T.);
#7059 = LINE('',#7060,#7061);
#7060 = CARTESIAN_POINT('',(-0.6,-4.9,1.E-15));
#7061 = VECTOR('',#7062,1.);
#7062 = DIRECTION('',(0.,-1.,0.));
#7063 = ORIENTED_EDGE('',*,*,#7022,.T.);
#7064 = ORIENTED_EDGE('',*,*,#5049,.F.);
#7065 = ORIENTED_EDGE('',*,*,#7066,.F.);
#7066 = EDGE_CURVE('',#7067,#5042,#7069,.T.);
#7067 = VERTEX_POINT('',#7068);
#7068 = CARTESIAN_POINT('',(-0.6,-5.,0.8));
#7069 = LINE('',#7070,#7071);
#7070 = CARTESIAN_POINT('',(-0.6,-5.,0.8));
#7071 = VECTOR('',#7072,1.);
#7072 = DIRECTION('',(0.,1.,0.));
#7073 = ORIENTED_EDGE('',*,*,#7074,.T.);
#7074 = EDGE_CURVE('',#7067,#7075,#7077,.T.);
#7075 = VERTEX_POINT('',#7076);
#7076 = CARTESIAN_POINT('',(-0.6,-5.,0.25));
#7077 = LINE('',#7078,#7079);
#7078 = CARTESIAN_POINT('',(-0.6,-5.,0.8));
#7079 = VECTOR('',#7080,1.);
#7080 = DIRECTION('',(0.,0.,-1.));
#7081 = ORIENTED_EDGE('',*,*,#7082,.F.);
#7082 = EDGE_CURVE('',#7083,#7075,#7085,.T.);
#7083 = VERTEX_POINT('',#7084);
#7084 = CARTESIAN_POINT('',(-0.6,-5.05,0.2));
#7085 = CIRCLE('',#7086,5.E-02);
#7086 = AXIS2_PLACEMENT_3D('',#7087,#7088,#7089);
#7087 = CARTESIAN_POINT('',(-0.6,-5.05,0.25));
#7088 = DIRECTION('',(1.,0.,0.));
#7089 = DIRECTION('',(-0.,1.,0.));
#7090 = ORIENTED_EDGE('',*,*,#7091,.T.);
#7091 = EDGE_CURVE('',#7083,#7092,#7094,.T.);
#7092 = VERTEX_POINT('',#7093);
#7093 = CARTESIAN_POINT('',(-0.6,-5.55,0.2));
#7094 = LINE('',#7095,#7096);
#7095 = CARTESIAN_POINT('',(-0.6,-5.05,0.2));
#7096 = VECTOR('',#7097,1.);
#7097 = DIRECTION('',(0.,-1.,0.));
#7098 = ORIENTED_EDGE('',*,*,#7099,.F.);
#7099 = EDGE_CURVE('',#7100,#7092,#7102,.T.);
#7100 = VERTEX_POINT('',#7101);
#7101 = CARTESIAN_POINT('',(-0.6,-5.6,0.25));
#7102 = CIRCLE('',#7103,5.E-02);
#7103 = AXIS2_PLACEMENT_3D('',#7104,#7105,#7106);
#7104 = CARTESIAN_POINT('',(-0.6,-5.55,0.25));
#7105 = DIRECTION('',(1.,0.,0.));
#7106 = DIRECTION('',(-0.,1.,0.));
#7107 = ORIENTED_EDGE('',*,*,#7108,.T.);
#7108 = EDGE_CURVE('',#7100,#7109,#7111,.T.);
#7109 = VERTEX_POINT('',#7110);
#7110 = CARTESIAN_POINT('',(-0.6,-5.6,0.8));
#7111 = LINE('',#7112,#7113);
#7112 = CARTESIAN_POINT('',(-0.6,-5.6,0.25));
#7113 = VECTOR('',#7114,1.);
#7114 = DIRECTION('',(0.,0.,1.));
#7115 = ORIENTED_EDGE('',*,*,#7116,.F.);
#7116 = EDGE_CURVE('',#7042,#7109,#7117,.T.);
#7117 = LINE('',#7118,#7119);
#7118 = CARTESIAN_POINT('',(-0.6,-5.8,0.8));
#7119 = VECTOR('',#7120,1.);
#7120 = DIRECTION('',(0.,1.,0.));
#7121 = PLANE('',#7122);
#7122 = AXIS2_PLACEMENT_3D('',#7123,#7124,#7125);
#7123 = CARTESIAN_POINT('',(-0.6,-5.3,0.358610818827));
#7124 = DIRECTION('',(1.,-2.3E-16,2.6E-16));
#7125 = DIRECTION('',(-2.6E-16,1.140483675188E-48,1.));
#7126 = ADVANCED_FACE('',(#7127),#7138,.F.);
#7127 = FACE_BOUND('',#7128,.F.);
#7128 = EDGE_LOOP('',(#7129,#7135,#7136,#7137));
#7129 = ORIENTED_EDGE('',*,*,#7130,.T.);
#7130 = EDGE_CURVE('',#6951,#7067,#7131,.T.);
#7131 = LINE('',#7132,#7133);
#7132 = CARTESIAN_POINT('',(0.6,-5.,0.8));
#7133 = VECTOR('',#7134,1.);
#7134 = DIRECTION('',(-1.,2.2E-16,-2.8E-16));
#7135 = ORIENTED_EDGE('',*,*,#7066,.T.);
#7136 = ORIENTED_EDGE('',*,*,#5041,.F.);
#7137 = ORIENTED_EDGE('',*,*,#6950,.F.);
#7138 = PLANE('',#7139);
#7139 = AXIS2_PLACEMENT_3D('',#7140,#7141,#7142);
#7140 = CARTESIAN_POINT('',(0.6,-5.,0.8));
#7141 = DIRECTION('',(2.8E-16,-2.2E-16,-1.));
#7142 = DIRECTION('',(2.2E-16,1.,-2.2E-16));
#7143 = ADVANCED_FACE('',(#7144),#7260,.T.);
#7144 = FACE_BOUND('',#7145,.F.);
#7145 = EDGE_LOOP('',(#7146,#7156,#7165,#7173,#7180,#7181,#7189,#7197,
    #7203,#7204,#7212,#7220,#7229,#7237,#7246,#7254));
#7146 = ORIENTED_EDGE('',*,*,#7147,.F.);
#7147 = EDGE_CURVE('',#7148,#7150,#7152,.T.);
#7148 = VERTEX_POINT('',#7149);
#7149 = CARTESIAN_POINT('',(0.6,5.8,0.1));
#7150 = VERTEX_POINT('',#7151);
#7151 = CARTESIAN_POINT('',(0.6,5.8,0.8));
#7152 = LINE('',#7153,#7154);
#7153 = CARTESIAN_POINT('',(0.6,5.8,0.1));
#7154 = VECTOR('',#7155,1.);
#7155 = DIRECTION('',(0.,-8.9E-16,1.));
#7156 = ORIENTED_EDGE('',*,*,#7157,.T.);
#7157 = EDGE_CURVE('',#7148,#7158,#7160,.T.);
#7158 = VERTEX_POINT('',#7159);
#7159 = CARTESIAN_POINT('',(0.6,5.7,4.E-15));
#7160 = CIRCLE('',#7161,0.1);
#7161 = AXIS2_PLACEMENT_3D('',#7162,#7163,#7164);
#7162 = CARTESIAN_POINT('',(0.6,5.7,0.1));
#7163 = DIRECTION('',(-1.,-4.4E-16,4.400804706244E-48));
#7164 = DIRECTION('',(4.4E-16,-1.,-8.9E-16));
#7165 = ORIENTED_EDGE('',*,*,#7166,.F.);
#7166 = EDGE_CURVE('',#7167,#7158,#7169,.T.);
#7167 = VERTEX_POINT('',#7168);
#7168 = CARTESIAN_POINT('',(0.6,4.9,3.E-15));
#7169 = LINE('',#7170,#7171);
#7170 = CARTESIAN_POINT('',(0.6,4.9,5.35E-15));
#7171 = VECTOR('',#7172,1.);
#7172 = DIRECTION('',(-4.4E-16,1.,8.9E-16));
#7173 = ORIENTED_EDGE('',*,*,#7174,.T.);
#7174 = EDGE_CURVE('',#7167,#5129,#7175,.T.);
#7175 = CIRCLE('',#7176,0.1);
#7176 = AXIS2_PLACEMENT_3D('',#7177,#7178,#7179);
#7177 = CARTESIAN_POINT('',(0.6,4.9,0.1));
#7178 = DIRECTION('',(-1.,-4.4E-16,4.400804706244E-48));
#7179 = DIRECTION('',(4.4E-16,-1.,-8.9E-16));
#7180 = ORIENTED_EDGE('',*,*,#5136,.F.);
#7181 = ORIENTED_EDGE('',*,*,#7182,.F.);
#7182 = EDGE_CURVE('',#7183,#1101,#7185,.T.);
#7183 = VERTEX_POINT('',#7184);
#7184 = CARTESIAN_POINT('',(0.6,4.9,0.2));
#7185 = LINE('',#7186,#7187);
#7186 = CARTESIAN_POINT('',(0.6,4.9,0.2));
#7187 = VECTOR('',#7188,1.);
#7188 = DIRECTION('',(1.7E-16,-1.,0.));
#7189 = ORIENTED_EDGE('',*,*,#7190,.T.);
#7190 = EDGE_CURVE('',#7183,#7191,#7193,.T.);
#7191 = VERTEX_POINT('',#7192);
#7192 = CARTESIAN_POINT('',(0.6,4.9,0.5));
#7193 = LINE('',#7194,#7195);
#7194 = CARTESIAN_POINT('',(0.6,4.9,0.2));
#7195 = VECTOR('',#7196,1.);
#7196 = DIRECTION('',(0.,0.,1.));
#7197 = ORIENTED_EDGE('',*,*,#7198,.T.);
#7198 = EDGE_CURVE('',#7191,#1725,#7199,.T.);
#7199 = LINE('',#7200,#7201);
#7200 = CARTESIAN_POINT('',(0.6,4.9,0.5));
#7201 = VECTOR('',#7202,1.);
#7202 = DIRECTION('',(1.7E-16,-1.,0.));
#7203 = ORIENTED_EDGE('',*,*,#5104,.F.);
#7204 = ORIENTED_EDGE('',*,*,#7205,.F.);
#7205 = EDGE_CURVE('',#7206,#5105,#7208,.T.);
#7206 = VERTEX_POINT('',#7207);
#7207 = CARTESIAN_POINT('',(0.6,5.,0.8));
#7208 = LINE('',#7209,#7210);
#7209 = CARTESIAN_POINT('',(0.6,5.,0.8));
#7210 = VECTOR('',#7211,1.);
#7211 = DIRECTION('',(4.4E-16,-1.,-8.9E-16));
#7212 = ORIENTED_EDGE('',*,*,#7213,.T.);
#7213 = EDGE_CURVE('',#7206,#7214,#7216,.T.);
#7214 = VERTEX_POINT('',#7215);
#7215 = CARTESIAN_POINT('',(0.6,5.,0.25));
#7216 = LINE('',#7217,#7218);
#7217 = CARTESIAN_POINT('',(0.6,5.,0.8));
#7218 = VECTOR('',#7219,1.);
#7219 = DIRECTION('',(0.,8.9E-16,-1.));
#7220 = ORIENTED_EDGE('',*,*,#7221,.F.);
#7221 = EDGE_CURVE('',#7222,#7214,#7224,.T.);
#7222 = VERTEX_POINT('',#7223);
#7223 = CARTESIAN_POINT('',(0.6,5.05,0.2));
#7224 = CIRCLE('',#7225,5.E-02);
#7225 = AXIS2_PLACEMENT_3D('',#7226,#7227,#7228);
#7226 = CARTESIAN_POINT('',(0.6,5.05,0.25));
#7227 = DIRECTION('',(-1.,-4.4E-16,4.400804706244E-48));
#7228 = DIRECTION('',(4.4E-16,-1.,-8.9E-16));
#7229 = ORIENTED_EDGE('',*,*,#7230,.T.);
#7230 = EDGE_CURVE('',#7222,#7231,#7233,.T.);
#7231 = VERTEX_POINT('',#7232);
#7232 = CARTESIAN_POINT('',(0.6,5.55,0.2));
#7233 = LINE('',#7234,#7235);
#7234 = CARTESIAN_POINT('',(0.6,5.05,0.2));
#7235 = VECTOR('',#7236,1.);
#7236 = DIRECTION('',(-4.4E-16,1.,8.9E-16));
#7237 = ORIENTED_EDGE('',*,*,#7238,.F.);
#7238 = EDGE_CURVE('',#7239,#7231,#7241,.T.);
#7239 = VERTEX_POINT('',#7240);
#7240 = CARTESIAN_POINT('',(0.6,5.6,0.25));
#7241 = CIRCLE('',#7242,5.E-02);
#7242 = AXIS2_PLACEMENT_3D('',#7243,#7244,#7245);
#7243 = CARTESIAN_POINT('',(0.6,5.55,0.25));
#7244 = DIRECTION('',(-1.,-4.4E-16,4.400804706244E-48));
#7245 = DIRECTION('',(4.4E-16,-1.,-8.9E-16));
#7246 = ORIENTED_EDGE('',*,*,#7247,.T.);
#7247 = EDGE_CURVE('',#7239,#7248,#7250,.T.);
#7248 = VERTEX_POINT('',#7249);
#7249 = CARTESIAN_POINT('',(0.6,5.6,0.8));
#7250 = LINE('',#7251,#7252);
#7251 = CARTESIAN_POINT('',(0.6,5.6,0.25));
#7252 = VECTOR('',#7253,1.);
#7253 = DIRECTION('',(0.,-8.9E-16,1.));
#7254 = ORIENTED_EDGE('',*,*,#7255,.F.);
#7255 = EDGE_CURVE('',#7150,#7248,#7256,.T.);
#7256 = LINE('',#7257,#7258);
#7257 = CARTESIAN_POINT('',(0.6,5.8,0.8));
#7258 = VECTOR('',#7259,1.);
#7259 = DIRECTION('',(4.4E-16,-1.,-8.9E-16));
#7260 = PLANE('',#7261);
#7261 = AXIS2_PLACEMENT_3D('',#7262,#7263,#7264);
#7262 = CARTESIAN_POINT('',(0.6,5.3,0.358610818827));
#7263 = DIRECTION('',(1.,2.3E-16,2.6E-16));
#7264 = DIRECTION('',(2.6E-16,4.4E-16,-1.));
#7265 = ADVANCED_FACE('',(#7266),#7285,.T.);
#7266 = FACE_BOUND('',#7267,.T.);
#7267 = EDGE_LOOP('',(#7268,#7269,#7270,#7279));
#7268 = ORIENTED_EDGE('',*,*,#7174,.T.);
#7269 = ORIENTED_EDGE('',*,*,#5128,.T.);
#7270 = ORIENTED_EDGE('',*,*,#7271,.F.);
#7271 = EDGE_CURVE('',#7272,#5121,#7274,.T.);
#7272 = VERTEX_POINT('',#7273);
#7273 = CARTESIAN_POINT('',(-0.6,4.9,3.E-15));
#7274 = CIRCLE('',#7275,0.1);
#7275 = AXIS2_PLACEMENT_3D('',#7276,#7277,#7278);
#7276 = CARTESIAN_POINT('',(-0.6,4.9,0.1));
#7277 = DIRECTION('',(-1.,-4.4E-16,4.400804706244E-48));
#7278 = DIRECTION('',(4.4E-16,-1.,-8.9E-16));
#7279 = ORIENTED_EDGE('',*,*,#7280,.F.);
#7280 = EDGE_CURVE('',#7167,#7272,#7281,.T.);
#7281 = LINE('',#7282,#7283);
#7282 = CARTESIAN_POINT('',(0.6,4.9,3.4E-15));
#7283 = VECTOR('',#7284,1.);
#7284 = DIRECTION('',(-1.,-2.2E-16,-2.8E-16));
#7285 = CYLINDRICAL_SURFACE('',#7286,0.1);
#7286 = AXIS2_PLACEMENT_3D('',#7287,#7288,#7289);
#7287 = CARTESIAN_POINT('',(0.6,4.9,0.1));
#7288 = DIRECTION('',(1.,2.2E-16,2.2E-16));
#7289 = DIRECTION('',(2.2E-16,-1.,-6.7E-16));
#7290 = ADVANCED_FACE('',(#7291),#7376,.F.);
#7291 = FACE_BOUND('',#7292,.T.);
#7292 = EDGE_LOOP('',(#7293,#7303,#7312,#7318,#7319,#7320,#7328,#7336,
    #7345,#7353,#7362,#7370));
#7293 = ORIENTED_EDGE('',*,*,#7294,.F.);
#7294 = EDGE_CURVE('',#7295,#7297,#7299,.T.);
#7295 = VERTEX_POINT('',#7296);
#7296 = CARTESIAN_POINT('',(-0.6,5.8,0.1));
#7297 = VERTEX_POINT('',#7298);
#7298 = CARTESIAN_POINT('',(-0.6,5.8,0.8));
#7299 = LINE('',#7300,#7301);
#7300 = CARTESIAN_POINT('',(-0.6,5.8,0.1));
#7301 = VECTOR('',#7302,1.);
#7302 = DIRECTION('',(0.,-8.9E-16,1.));
#7303 = ORIENTED_EDGE('',*,*,#7304,.T.);
#7304 = EDGE_CURVE('',#7295,#7305,#7307,.T.);
#7305 = VERTEX_POINT('',#7306);
#7306 = CARTESIAN_POINT('',(-0.6,5.7,4.E-15));
#7307 = CIRCLE('',#7308,0.1);
#7308 = AXIS2_PLACEMENT_3D('',#7309,#7310,#7311);
#7309 = CARTESIAN_POINT('',(-0.6,5.7,0.1));
#7310 = DIRECTION('',(-1.,-4.4E-16,4.400804706244E-48));
#7311 = DIRECTION('',(4.4E-16,-1.,-8.9E-16));
#7312 = ORIENTED_EDGE('',*,*,#7313,.F.);
#7313 = EDGE_CURVE('',#7272,#7305,#7314,.T.);
#7314 = LINE('',#7315,#7316);
#7315 = CARTESIAN_POINT('',(-0.6,4.9,5.35E-15));
#7316 = VECTOR('',#7317,1.);
#7317 = DIRECTION('',(-4.4E-16,1.,8.9E-16));
#7318 = ORIENTED_EDGE('',*,*,#7271,.T.);
#7319 = ORIENTED_EDGE('',*,*,#5120,.F.);
#7320 = ORIENTED_EDGE('',*,*,#7321,.F.);
#7321 = EDGE_CURVE('',#7322,#5113,#7324,.T.);
#7322 = VERTEX_POINT('',#7323);
#7323 = CARTESIAN_POINT('',(-0.6,5.,0.8));
#7324 = LINE('',#7325,#7326);
#7325 = CARTESIAN_POINT('',(-0.6,5.,0.8));
#7326 = VECTOR('',#7327,1.);
#7327 = DIRECTION('',(4.4E-16,-1.,-8.9E-16));
#7328 = ORIENTED_EDGE('',*,*,#7329,.T.);
#7329 = EDGE_CURVE('',#7322,#7330,#7332,.T.);
#7330 = VERTEX_POINT('',#7331);
#7331 = CARTESIAN_POINT('',(-0.6,5.,0.25));
#7332 = LINE('',#7333,#7334);
#7333 = CARTESIAN_POINT('',(-0.6,5.,0.8));
#7334 = VECTOR('',#7335,1.);
#7335 = DIRECTION('',(0.,8.9E-16,-1.));
#7336 = ORIENTED_EDGE('',*,*,#7337,.F.);
#7337 = EDGE_CURVE('',#7338,#7330,#7340,.T.);
#7338 = VERTEX_POINT('',#7339);
#7339 = CARTESIAN_POINT('',(-0.6,5.05,0.2));
#7340 = CIRCLE('',#7341,5.E-02);
#7341 = AXIS2_PLACEMENT_3D('',#7342,#7343,#7344);
#7342 = CARTESIAN_POINT('',(-0.6,5.05,0.25));
#7343 = DIRECTION('',(-1.,-4.4E-16,4.400804706244E-48));
#7344 = DIRECTION('',(4.4E-16,-1.,-8.9E-16));
#7345 = ORIENTED_EDGE('',*,*,#7346,.T.);
#7346 = EDGE_CURVE('',#7338,#7347,#7349,.T.);
#7347 = VERTEX_POINT('',#7348);
#7348 = CARTESIAN_POINT('',(-0.6,5.55,0.2));
#7349 = LINE('',#7350,#7351);
#7350 = CARTESIAN_POINT('',(-0.6,5.05,0.2));
#7351 = VECTOR('',#7352,1.);
#7352 = DIRECTION('',(-4.4E-16,1.,8.9E-16));
#7353 = ORIENTED_EDGE('',*,*,#7354,.F.);
#7354 = EDGE_CURVE('',#7355,#7347,#7357,.T.);
#7355 = VERTEX_POINT('',#7356);
#7356 = CARTESIAN_POINT('',(-0.6,5.6,0.25));
#7357 = CIRCLE('',#7358,5.E-02);
#7358 = AXIS2_PLACEMENT_3D('',#7359,#7360,#7361);
#7359 = CARTESIAN_POINT('',(-0.6,5.55,0.25));
#7360 = DIRECTION('',(-1.,-4.4E-16,4.400804706244E-48));
#7361 = DIRECTION('',(4.4E-16,-1.,-8.9E-16));
#7362 = ORIENTED_EDGE('',*,*,#7363,.T.);
#7363 = EDGE_CURVE('',#7355,#7364,#7366,.T.);
#7364 = VERTEX_POINT('',#7365);
#7365 = CARTESIAN_POINT('',(-0.6,5.6,0.8));
#7366 = LINE('',#7367,#7368);
#7367 = CARTESIAN_POINT('',(-0.6,5.6,0.25));
#7368 = VECTOR('',#7369,1.);
#7369 = DIRECTION('',(0.,-8.9E-16,1.));
#7370 = ORIENTED_EDGE('',*,*,#7371,.F.);
#7371 = EDGE_CURVE('',#7297,#7364,#7372,.T.);
#7372 = LINE('',#7373,#7374);
#7373 = CARTESIAN_POINT('',(-0.6,5.8,0.8));
#7374 = VECTOR('',#7375,1.);
#7375 = DIRECTION('',(4.4E-16,-1.,-8.9E-16));
#7376 = PLANE('',#7377);
#7377 = AXIS2_PLACEMENT_3D('',#7378,#7379,#7380);
#7378 = CARTESIAN_POINT('',(-0.6,5.3,0.358610818827));
#7379 = DIRECTION('',(1.,2.3E-16,2.6E-16));
#7380 = DIRECTION('',(2.6E-16,4.4E-16,-1.));
#7381 = ADVANCED_FACE('',(#7382),#7393,.F.);
#7382 = FACE_BOUND('',#7383,.T.);
#7383 = EDGE_LOOP('',(#7384,#7390,#7391,#7392));
#7384 = ORIENTED_EDGE('',*,*,#7385,.T.);
#7385 = EDGE_CURVE('',#7206,#7322,#7386,.T.);
#7386 = LINE('',#7387,#7388);
#7387 = CARTESIAN_POINT('',(0.6,5.,0.8));
#7388 = VECTOR('',#7389,1.);
#7389 = DIRECTION('',(-1.,-2.2E-16,-2.8E-16));
#7390 = ORIENTED_EDGE('',*,*,#7321,.T.);
#7391 = ORIENTED_EDGE('',*,*,#5112,.F.);
#7392 = ORIENTED_EDGE('',*,*,#7205,.F.);
#7393 = PLANE('',#7394);
#7394 = AXIS2_PLACEMENT_3D('',#7395,#7396,#7397);
#7395 = CARTESIAN_POINT('',(0.6,5.,0.8));
#7396 = DIRECTION('',(2.8E-16,6.7E-16,-1.));
#7397 = DIRECTION('',(-2.2E-16,1.,6.7E-16));
#7398 = ADVANCED_FACE('',(#7399),#7405,.T.);
#7399 = FACE_BOUND('',#7400,.T.);
#7400 = EDGE_LOOP('',(#7401,#7402,#7403,#7404));
#7401 = ORIENTED_EDGE('',*,*,#7182,.F.);
#7402 = ORIENTED_EDGE('',*,*,#7190,.T.);
#7403 = ORIENTED_EDGE('',*,*,#7198,.T.);
#7404 = ORIENTED_EDGE('',*,*,#5154,.T.);
#7405 = PLANE('',#7406);
#7406 = AXIS2_PLACEMENT_3D('',#7407,#7408,#7409);
#7407 = CARTESIAN_POINT('',(0.6,4.9,0.2));
#7408 = DIRECTION('',(1.,1.7E-16,0.));
#7409 = DIRECTION('',(1.7E-16,-1.,0.));
#7410 = ADVANCED_FACE('',(#7411),#7427,.F.);
#7411 = FACE_BOUND('',#7412,.F.);
#7412 = EDGE_LOOP('',(#7413,#7419,#7420,#7426));
#7413 = ORIENTED_EDGE('',*,*,#7414,.T.);
#7414 = EDGE_CURVE('',#6912,#7040,#7415,.T.);
#7415 = LINE('',#7416,#7417);
#7416 = CARTESIAN_POINT('',(0.6,-5.8,0.1));
#7417 = VECTOR('',#7418,1.);
#7418 = DIRECTION('',(-1.,2.2E-16,-2.8E-16));
#7419 = ORIENTED_EDGE('',*,*,#7039,.T.);
#7420 = ORIENTED_EDGE('',*,*,#7421,.F.);
#7421 = EDGE_CURVE('',#6914,#7042,#7422,.T.);
#7422 = LINE('',#7423,#7424);
#7423 = CARTESIAN_POINT('',(0.6,-5.8,0.8));
#7424 = VECTOR('',#7425,1.);
#7425 = DIRECTION('',(-1.,2.2E-16,-2.8E-16));
#7426 = ORIENTED_EDGE('',*,*,#6911,.F.);
#7427 = PLANE('',#7428);
#7428 = AXIS2_PLACEMENT_3D('',#7429,#7430,#7431);
#7429 = CARTESIAN_POINT('',(0.6,-5.8,0.1));
#7430 = DIRECTION('',(2.2E-16,1.,-2.2E-16));
#7431 = DIRECTION('',(-2.2E-16,2.2E-16,1.));
#7432 = ADVANCED_FACE('',(#7433),#7444,.F.);
#7433 = FACE_BOUND('',#7434,.F.);
#7434 = EDGE_LOOP('',(#7435,#7436,#7437,#7443));
#7435 = ORIENTED_EDGE('',*,*,#7421,.T.);
#7436 = ORIENTED_EDGE('',*,*,#7116,.T.);
#7437 = ORIENTED_EDGE('',*,*,#7438,.F.);
#7438 = EDGE_CURVE('',#6993,#7109,#7439,.T.);
#7439 = LINE('',#7440,#7441);
#7440 = CARTESIAN_POINT('',(0.6,-5.6,0.8));
#7441 = VECTOR('',#7442,1.);
#7442 = DIRECTION('',(-1.,2.2E-16,-2.8E-16));
#7443 = ORIENTED_EDGE('',*,*,#7000,.F.);
#7444 = PLANE('',#7445);
#7445 = AXIS2_PLACEMENT_3D('',#7446,#7447,#7448);
#7446 = CARTESIAN_POINT('',(0.6,-5.8,0.8));
#7447 = DIRECTION('',(2.8E-16,-2.2E-16,-1.));
#7448 = DIRECTION('',(2.2E-16,1.,-2.2E-16));
#7449 = ADVANCED_FACE('',(#7450),#7461,.T.);
#7450 = FACE_BOUND('',#7451,.T.);
#7451 = EDGE_LOOP('',(#7452,#7458,#7459,#7460));
#7452 = ORIENTED_EDGE('',*,*,#7453,.T.);
#7453 = EDGE_CURVE('',#6984,#7100,#7454,.T.);
#7454 = LINE('',#7455,#7456);
#7455 = CARTESIAN_POINT('',(0.6,-5.6,0.25));
#7456 = VECTOR('',#7457,1.);
#7457 = DIRECTION('',(-1.,2.2E-16,-2.8E-16));
#7458 = ORIENTED_EDGE('',*,*,#7108,.T.);
#7459 = ORIENTED_EDGE('',*,*,#7438,.F.);
#7460 = ORIENTED_EDGE('',*,*,#6992,.F.);
#7461 = PLANE('',#7462);
#7462 = AXIS2_PLACEMENT_3D('',#7463,#7464,#7465);
#7463 = CARTESIAN_POINT('',(0.6,-5.6,0.25));
#7464 = DIRECTION('',(2.2E-16,1.,-2.2E-16));
#7465 = DIRECTION('',(-2.2E-16,2.2E-16,1.));
#7466 = ADVANCED_FACE('',(#7467),#7478,.F.);
#7467 = FACE_BOUND('',#7468,.F.);
#7468 = EDGE_LOOP('',(#7469,#7470,#7471,#7477));
#7469 = ORIENTED_EDGE('',*,*,#7453,.T.);
#7470 = ORIENTED_EDGE('',*,*,#7099,.T.);
#7471 = ORIENTED_EDGE('',*,*,#7472,.F.);
#7472 = EDGE_CURVE('',#6976,#7092,#7473,.T.);
#7473 = LINE('',#7474,#7475);
#7474 = CARTESIAN_POINT('',(0.6,-5.55,0.2));
#7475 = VECTOR('',#7476,1.);
#7476 = DIRECTION('',(-1.,2.2E-16,-2.8E-16));
#7477 = ORIENTED_EDGE('',*,*,#6983,.F.);
#7478 = CYLINDRICAL_SURFACE('',#7479,5.E-02);
#7479 = AXIS2_PLACEMENT_3D('',#7480,#7481,#7482);
#7480 = CARTESIAN_POINT('',(0.6,-5.55,0.25));
#7481 = DIRECTION('',(1.,-2.2E-16,2.2E-16));
#7482 = DIRECTION('',(2.2E-16,1.,-2.2E-16));
#7483 = ADVANCED_FACE('',(#7484),#7495,.T.);
#7484 = FACE_BOUND('',#7485,.T.);
#7485 = EDGE_LOOP('',(#7486,#7492,#7493,#7494));
#7486 = ORIENTED_EDGE('',*,*,#7487,.T.);
#7487 = EDGE_CURVE('',#6967,#7083,#7488,.T.);
#7488 = LINE('',#7489,#7490);
#7489 = CARTESIAN_POINT('',(0.6,-5.05,0.2));
#7490 = VECTOR('',#7491,1.);
#7491 = DIRECTION('',(-1.,2.2E-16,-2.8E-16));
#7492 = ORIENTED_EDGE('',*,*,#7091,.T.);
#7493 = ORIENTED_EDGE('',*,*,#7472,.F.);
#7494 = ORIENTED_EDGE('',*,*,#6975,.F.);
#7495 = PLANE('',#7496);
#7496 = AXIS2_PLACEMENT_3D('',#7497,#7498,#7499);
#7497 = CARTESIAN_POINT('',(0.6,-5.05,0.2));
#7498 = DIRECTION('',(-2.8E-16,2.2E-16,1.));
#7499 = DIRECTION('',(-2.2E-16,-1.,2.2E-16));
#7500 = ADVANCED_FACE('',(#7501),#7512,.F.);
#7501 = FACE_BOUND('',#7502,.F.);
#7502 = EDGE_LOOP('',(#7503,#7504,#7505,#7511));
#7503 = ORIENTED_EDGE('',*,*,#7487,.T.);
#7504 = ORIENTED_EDGE('',*,*,#7082,.T.);
#7505 = ORIENTED_EDGE('',*,*,#7506,.F.);
#7506 = EDGE_CURVE('',#6959,#7075,#7507,.T.);
#7507 = LINE('',#7508,#7509);
#7508 = CARTESIAN_POINT('',(0.6,-5.,0.25));
#7509 = VECTOR('',#7510,1.);
#7510 = DIRECTION('',(-1.,2.2E-16,-2.8E-16));
#7511 = ORIENTED_EDGE('',*,*,#6966,.F.);
#7512 = CYLINDRICAL_SURFACE('',#7513,5.E-02);
#7513 = AXIS2_PLACEMENT_3D('',#7514,#7515,#7516);
#7514 = CARTESIAN_POINT('',(0.6,-5.05,0.25));
#7515 = DIRECTION('',(1.,-2.2E-16,2.2E-16));
#7516 = DIRECTION('',(2.2E-16,1.,-2.2E-16));
#7517 = ADVANCED_FACE('',(#7518),#7524,.T.);
#7518 = FACE_BOUND('',#7519,.T.);
#7519 = EDGE_LOOP('',(#7520,#7521,#7522,#7523));
#7520 = ORIENTED_EDGE('',*,*,#7130,.T.);
#7521 = ORIENTED_EDGE('',*,*,#7074,.T.);
#7522 = ORIENTED_EDGE('',*,*,#7506,.F.);
#7523 = ORIENTED_EDGE('',*,*,#6958,.F.);
#7524 = PLANE('',#7525);
#7525 = AXIS2_PLACEMENT_3D('',#7526,#7527,#7528);
#7526 = CARTESIAN_POINT('',(0.6,-5.,0.8));
#7527 = DIRECTION('',(-2.2E-16,-1.,2.2E-16));
#7528 = DIRECTION('',(2.2E-16,-2.2E-16,-1.));
#7529 = ADVANCED_FACE('',(#7530),#7541,.F.);
#7530 = FACE_BOUND('',#7531,.F.);
#7531 = EDGE_LOOP('',(#7532,#7533,#7534,#7540));
#7532 = ORIENTED_EDGE('',*,*,#7014,.T.);
#7533 = ORIENTED_EDGE('',*,*,#7058,.T.);
#7534 = ORIENTED_EDGE('',*,*,#7535,.F.);
#7535 = EDGE_CURVE('',#6922,#7050,#7536,.T.);
#7536 = LINE('',#7537,#7538);
#7537 = CARTESIAN_POINT('',(0.6,-5.7,1.4E-15));
#7538 = VECTOR('',#7539,1.);
#7539 = DIRECTION('',(-1.,2.2E-16,-2.8E-16));
#7540 = ORIENTED_EDGE('',*,*,#6930,.F.);
#7541 = PLANE('',#7542);
#7542 = AXIS2_PLACEMENT_3D('',#7543,#7544,#7545);
#7543 = CARTESIAN_POINT('',(0.6,-4.9,1.22E-15));
#7544 = DIRECTION('',(-2.8E-16,2.2E-16,1.));
#7545 = DIRECTION('',(-2.2E-16,-1.,2.2E-16));
#7546 = ADVANCED_FACE('',(#7547),#7553,.T.);
#7547 = FACE_BOUND('',#7548,.T.);
#7548 = EDGE_LOOP('',(#7549,#7550,#7551,#7552));
#7549 = ORIENTED_EDGE('',*,*,#7414,.T.);
#7550 = ORIENTED_EDGE('',*,*,#7049,.T.);
#7551 = ORIENTED_EDGE('',*,*,#7535,.F.);
#7552 = ORIENTED_EDGE('',*,*,#6921,.F.);
#7553 = CYLINDRICAL_SURFACE('',#7554,0.1);
#7554 = AXIS2_PLACEMENT_3D('',#7555,#7556,#7557);
#7555 = CARTESIAN_POINT('',(0.6,-5.7,0.1));
#7556 = DIRECTION('',(1.,-2.2E-16,2.2E-16));
#7557 = DIRECTION('',(2.2E-16,1.,-2.2E-16));
#7558 = ADVANCED_FACE('',(#7559),#7575,.F.);
#7559 = FACE_BOUND('',#7560,.T.);
#7560 = EDGE_LOOP('',(#7561,#7567,#7568,#7574));
#7561 = ORIENTED_EDGE('',*,*,#7562,.T.);
#7562 = EDGE_CURVE('',#7148,#7295,#7563,.T.);
#7563 = LINE('',#7564,#7565);
#7564 = CARTESIAN_POINT('',(0.6,5.8,0.1));
#7565 = VECTOR('',#7566,1.);
#7566 = DIRECTION('',(-1.,-2.2E-16,-2.8E-16));
#7567 = ORIENTED_EDGE('',*,*,#7294,.T.);
#7568 = ORIENTED_EDGE('',*,*,#7569,.F.);
#7569 = EDGE_CURVE('',#7150,#7297,#7570,.T.);
#7570 = LINE('',#7571,#7572);
#7571 = CARTESIAN_POINT('',(0.6,5.8,0.8));
#7572 = VECTOR('',#7573,1.);
#7573 = DIRECTION('',(-1.,-2.2E-16,-2.8E-16));
#7574 = ORIENTED_EDGE('',*,*,#7147,.F.);
#7575 = PLANE('',#7576);
#7576 = AXIS2_PLACEMENT_3D('',#7577,#7578,#7579);
#7577 = CARTESIAN_POINT('',(0.6,5.8,0.1));
#7578 = DIRECTION('',(2.2E-16,-1.,-6.7E-16));
#7579 = DIRECTION('',(2.2E-16,6.7E-16,-1.));
#7580 = ADVANCED_FACE('',(#7581),#7592,.F.);
#7581 = FACE_BOUND('',#7582,.T.);
#7582 = EDGE_LOOP('',(#7583,#7584,#7585,#7591));
#7583 = ORIENTED_EDGE('',*,*,#7569,.T.);
#7584 = ORIENTED_EDGE('',*,*,#7371,.T.);
#7585 = ORIENTED_EDGE('',*,*,#7586,.F.);
#7586 = EDGE_CURVE('',#7248,#7364,#7587,.T.);
#7587 = LINE('',#7588,#7589);
#7588 = CARTESIAN_POINT('',(0.6,5.6,0.8));
#7589 = VECTOR('',#7590,1.);
#7590 = DIRECTION('',(-1.,-2.2E-16,-2.8E-16));
#7591 = ORIENTED_EDGE('',*,*,#7255,.F.);
#7592 = PLANE('',#7593);
#7593 = AXIS2_PLACEMENT_3D('',#7594,#7595,#7596);
#7594 = CARTESIAN_POINT('',(0.6,5.8,0.8));
#7595 = DIRECTION('',(2.8E-16,6.7E-16,-1.));
#7596 = DIRECTION('',(-2.2E-16,1.,6.7E-16));
#7597 = ADVANCED_FACE('',(#7598),#7609,.T.);
#7598 = FACE_BOUND('',#7599,.F.);
#7599 = EDGE_LOOP('',(#7600,#7606,#7607,#7608));
#7600 = ORIENTED_EDGE('',*,*,#7601,.T.);
#7601 = EDGE_CURVE('',#7239,#7355,#7602,.T.);
#7602 = LINE('',#7603,#7604);
#7603 = CARTESIAN_POINT('',(0.6,5.6,0.25));
#7604 = VECTOR('',#7605,1.);
#7605 = DIRECTION('',(-1.,-2.2E-16,-2.8E-16));
#7606 = ORIENTED_EDGE('',*,*,#7363,.T.);
#7607 = ORIENTED_EDGE('',*,*,#7586,.F.);
#7608 = ORIENTED_EDGE('',*,*,#7247,.F.);
#7609 = PLANE('',#7610);
#7610 = AXIS2_PLACEMENT_3D('',#7611,#7612,#7613);
#7611 = CARTESIAN_POINT('',(0.6,5.6,0.25));
#7612 = DIRECTION('',(2.2E-16,-1.,-6.7E-16));
#7613 = DIRECTION('',(2.2E-16,6.7E-16,-1.));
#7614 = ADVANCED_FACE('',(#7615),#7626,.F.);
#7615 = FACE_BOUND('',#7616,.F.);
#7616 = EDGE_LOOP('',(#7617,#7618,#7624,#7625));
#7617 = ORIENTED_EDGE('',*,*,#7238,.T.);
#7618 = ORIENTED_EDGE('',*,*,#7619,.T.);
#7619 = EDGE_CURVE('',#7231,#7347,#7620,.T.);
#7620 = LINE('',#7621,#7622);
#7621 = CARTESIAN_POINT('',(0.6,5.55,0.2));
#7622 = VECTOR('',#7623,1.);
#7623 = DIRECTION('',(-1.,-2.2E-16,-2.8E-16));
#7624 = ORIENTED_EDGE('',*,*,#7354,.F.);
#7625 = ORIENTED_EDGE('',*,*,#7601,.F.);
#7626 = CYLINDRICAL_SURFACE('',#7627,5.E-02);
#7627 = AXIS2_PLACEMENT_3D('',#7628,#7629,#7630);
#7628 = CARTESIAN_POINT('',(0.6,5.55,0.25));
#7629 = DIRECTION('',(1.,2.2E-16,2.2E-16));
#7630 = DIRECTION('',(2.2E-16,-1.,-6.7E-16));
#7631 = ADVANCED_FACE('',(#7632),#7643,.T.);
#7632 = FACE_BOUND('',#7633,.F.);
#7633 = EDGE_LOOP('',(#7634,#7640,#7641,#7642));
#7634 = ORIENTED_EDGE('',*,*,#7635,.T.);
#7635 = EDGE_CURVE('',#7222,#7338,#7636,.T.);
#7636 = LINE('',#7637,#7638);
#7637 = CARTESIAN_POINT('',(0.6,5.05,0.2));
#7638 = VECTOR('',#7639,1.);
#7639 = DIRECTION('',(-1.,-2.2E-16,-2.8E-16));
#7640 = ORIENTED_EDGE('',*,*,#7346,.T.);
#7641 = ORIENTED_EDGE('',*,*,#7619,.F.);
#7642 = ORIENTED_EDGE('',*,*,#7230,.F.);
#7643 = PLANE('',#7644);
#7644 = AXIS2_PLACEMENT_3D('',#7645,#7646,#7647);
#7645 = CARTESIAN_POINT('',(0.6,5.05,0.2));
#7646 = DIRECTION('',(-2.8E-16,-6.7E-16,1.));
#7647 = DIRECTION('',(2.2E-16,-1.,-6.7E-16));
#7648 = ADVANCED_FACE('',(#7649),#7660,.F.);
#7649 = FACE_BOUND('',#7650,.F.);
#7650 = EDGE_LOOP('',(#7651,#7652,#7658,#7659));
#7651 = ORIENTED_EDGE('',*,*,#7221,.T.);
#7652 = ORIENTED_EDGE('',*,*,#7653,.T.);
#7653 = EDGE_CURVE('',#7214,#7330,#7654,.T.);
#7654 = LINE('',#7655,#7656);
#7655 = CARTESIAN_POINT('',(0.6,5.,0.25));
#7656 = VECTOR('',#7657,1.);
#7657 = DIRECTION('',(-1.,-2.2E-16,-2.8E-16));
#7658 = ORIENTED_EDGE('',*,*,#7337,.F.);
#7659 = ORIENTED_EDGE('',*,*,#7635,.F.);
#7660 = CYLINDRICAL_SURFACE('',#7661,5.E-02);
#7661 = AXIS2_PLACEMENT_3D('',#7662,#7663,#7664);
#7662 = CARTESIAN_POINT('',(0.6,5.05,0.25));
#7663 = DIRECTION('',(1.,2.2E-16,2.2E-16));
#7664 = DIRECTION('',(2.2E-16,-1.,-6.7E-16));
#7665 = ADVANCED_FACE('',(#7666),#7672,.T.);
#7666 = FACE_BOUND('',#7667,.F.);
#7667 = EDGE_LOOP('',(#7668,#7669,#7670,#7671));
#7668 = ORIENTED_EDGE('',*,*,#7385,.T.);
#7669 = ORIENTED_EDGE('',*,*,#7329,.T.);
#7670 = ORIENTED_EDGE('',*,*,#7653,.F.);
#7671 = ORIENTED_EDGE('',*,*,#7213,.F.);
#7672 = PLANE('',#7673);
#7673 = AXIS2_PLACEMENT_3D('',#7674,#7675,#7676);
#7674 = CARTESIAN_POINT('',(0.6,5.,0.8));
#7675 = DIRECTION('',(-2.2E-16,1.,6.7E-16));
#7676 = DIRECTION('',(-2.2E-16,-6.7E-16,1.));
#7677 = ADVANCED_FACE('',(#7678),#7689,.F.);
#7678 = FACE_BOUND('',#7679,.T.);
#7679 = EDGE_LOOP('',(#7680,#7681,#7682,#7688));
#7680 = ORIENTED_EDGE('',*,*,#7280,.T.);
#7681 = ORIENTED_EDGE('',*,*,#7313,.T.);
#7682 = ORIENTED_EDGE('',*,*,#7683,.F.);
#7683 = EDGE_CURVE('',#7158,#7305,#7684,.T.);
#7684 = LINE('',#7685,#7686);
#7685 = CARTESIAN_POINT('',(0.6,5.7,3.93E-15));
#7686 = VECTOR('',#7687,1.);
#7687 = DIRECTION('',(-1.,-2.2E-16,-2.8E-16));
#7688 = ORIENTED_EDGE('',*,*,#7166,.F.);
#7689 = PLANE('',#7690);
#7690 = AXIS2_PLACEMENT_3D('',#7691,#7692,#7693);
#7691 = CARTESIAN_POINT('',(0.6,4.9,3.4E-15));
#7692 = DIRECTION('',(-2.8E-16,-6.7E-16,1.));
#7693 = DIRECTION('',(2.2E-16,-1.,-6.7E-16));
#7694 = ADVANCED_FACE('',(#7695),#7701,.T.);
#7695 = FACE_BOUND('',#7696,.T.);
#7696 = EDGE_LOOP('',(#7697,#7698,#7699,#7700));
#7697 = ORIENTED_EDGE('',*,*,#7157,.T.);
#7698 = ORIENTED_EDGE('',*,*,#7683,.T.);
#7699 = ORIENTED_EDGE('',*,*,#7304,.F.);
#7700 = ORIENTED_EDGE('',*,*,#7562,.F.);
#7701 = CYLINDRICAL_SURFACE('',#7702,0.1);
#7702 = AXIS2_PLACEMENT_3D('',#7703,#7704,#7705);
#7703 = CARTESIAN_POINT('',(0.6,5.7,0.1));
#7704 = DIRECTION('',(1.,2.2E-16,2.2E-16));
#7705 = DIRECTION('',(2.2E-16,-1.,-6.7E-16));
#7706 = ( GEOMETRIC_REPRESENTATION_CONTEXT(3) 
GLOBAL_UNCERTAINTY_ASSIGNED_CONTEXT((#7710)) 
GLOBAL_UNIT_ASSIGNED_CONTEXT((#7707,#7708,#7709)) REPRESENTATION_CONTEXT
('Context #1','3D Context with UNIT and UNCERTAINTY') );
#7707 = ( LENGTH_UNIT() NAMED_UNIT(*) SI_UNIT(.MILLI.,.METRE.) );
#7708 = ( NAMED_UNIT(*) PLANE_ANGLE_UNIT() SI_UNIT($,.RADIAN.) );
#7709 = ( NAMED_UNIT(*) SI_UNIT($,.STERADIAN.) SOLID_ANGLE_UNIT() );
#7710 = UNCERTAINTY_MEASURE_WITH_UNIT(LENGTH_MEASURE(1.E-07),#7707,
  'distance_accuracy_value','confusion accuracy');
#7711 = CONTEXT_DEPENDENT_SHAPE_REPRESENTATION(#7712,#7714);
#7712 = ( REPRESENTATION_RELATIONSHIP('','',#1044,#10) 
REPRESENTATION_RELATIONSHIP_WITH_TRANSFORMATION(#7713) 
SHAPE_REPRESENTATION_RELATIONSHIP() );
#7713 = ITEM_DEFINED_TRANSFORMATION('','',#11,#23);
#7714 = PRODUCT_DEFINITION_SHAPE('Placement','Placement of an item',
  #7715);
#7715 = NEXT_ASSEMBLY_USAGE_OCCURRENCE('3','pins','',#5,#1039,$);
#7716 = PRODUCT_RELATED_PRODUCT_CATEGORY('part',$,(#1041));
#7717 = SHAPE_DEFINITION_REPRESENTATION(#7718,#7724);
#7718 = PRODUCT_DEFINITION_SHAPE('','',#7719);
#7719 = PRODUCT_DEFINITION('design','',#7720,#7723);
#7720 = PRODUCT_DEFINITION_FORMATION('','',#7721);
#7721 = PRODUCT('Body','Body','',(#7722));
#7722 = PRODUCT_CONTEXT('',#2,'mechanical');
#7723 = PRODUCT_DEFINITION_CONTEXT('part definition',#2,'design');
#7724 = ADVANCED_BREP_SHAPE_REPRESENTATION('',(#11,#7725),#9529);
#7725 = MANIFOLD_SOLID_BREP('',#7726);
#7726 = CLOSED_SHELL('',(#7727,#7767,#7830,#7893,#7910,#8023,#8047,#8322
    ,#8346,#8457,#8469,#8486,#8503,#8520,#8537,#8554,#8571,#8588,#8605,
    #8622,#8639,#8656,#8673,#8685,#8702,#8719,#8736,#8753,#8770,#8787,
    #8804,#8821,#8838,#8855,#8867,#8898,#8953,#8977,#8994,#9025,#9049,
    #9073,#9090,#9109,#9257,#9269,#9417,#9448,#9479,#9501,#9515));
#7727 = ADVANCED_FACE('',(#7728),#7762,.F.);
#7728 = FACE_BOUND('',#7729,.F.);
#7729 = EDGE_LOOP('',(#7730,#7740,#7748,#7756));
#7730 = ORIENTED_EDGE('',*,*,#7731,.T.);
#7731 = EDGE_CURVE('',#7732,#7734,#7736,.T.);
#7732 = VERTEX_POINT('',#7733);
#7733 = CARTESIAN_POINT('',(-4.722439,-13.403783,0.));
#7734 = VERTEX_POINT('',#7735);
#7735 = CARTESIAN_POINT('',(-4.722439,-13.403783,2.55));
#7736 = LINE('',#7737,#7738);
#7737 = CARTESIAN_POINT('',(-4.722439,-13.403783,0.));
#7738 = VECTOR('',#7739,1.);
#7739 = DIRECTION('',(0.,0.,1.));
#7740 = ORIENTED_EDGE('',*,*,#7741,.T.);
#7741 = EDGE_CURVE('',#7734,#7742,#7744,.T.);
#7742 = VERTEX_POINT('',#7743);
#7743 = CARTESIAN_POINT('',(-4.722439,-57.183783,2.55));
#7744 = LINE('',#7745,#7746);
#7745 = CARTESIAN_POINT('',(-4.722439,-13.403783,2.55));
#7746 = VECTOR('',#7747,1.);
#7747 = DIRECTION('',(0.,-1.,0.));
#7748 = ORIENTED_EDGE('',*,*,#7749,.F.);
#7749 = EDGE_CURVE('',#7750,#7742,#7752,.T.);
#7750 = VERTEX_POINT('',#7751);
#7751 = CARTESIAN_POINT('',(-4.722439,-57.183783,0.));
#7752 = LINE('',#7753,#7754);
#7753 = CARTESIAN_POINT('',(-4.722439,-57.183783,0.));
#7754 = VECTOR('',#7755,1.);
#7755 = DIRECTION('',(0.,0.,1.));
#7756 = ORIENTED_EDGE('',*,*,#7757,.F.);
#7757 = EDGE_CURVE('',#7732,#7750,#7758,.T.);
#7758 = LINE('',#7759,#7760);
#7759 = CARTESIAN_POINT('',(-4.722439,-13.403783,0.));
#7760 = VECTOR('',#7761,1.);
#7761 = DIRECTION('',(0.,-1.,0.));
#7762 = PLANE('',#7763);
#7763 = AXIS2_PLACEMENT_3D('',#7764,#7765,#7766);
#7764 = CARTESIAN_POINT('',(-4.722439,-13.403783,0.));
#7765 = DIRECTION('',(1.,0.,0.));
#7766 = DIRECTION('',(0.,-1.,0.));
#7767 = ADVANCED_FACE('',(#7768),#7825,.F.);
#7768 = FACE_BOUND('',#7769,.F.);
#7769 = EDGE_LOOP('',(#7770,#7778,#7786,#7794,#7802,#7810,#7818,#7824));
#7770 = ORIENTED_EDGE('',*,*,#7771,.F.);
#7771 = EDGE_CURVE('',#7772,#7732,#7774,.T.);
#7772 = VERTEX_POINT('',#7773);
#7773 = CARTESIAN_POINT('',(29.277561,-13.403783,0.));
#7774 = LINE('',#7775,#7776);
#7775 = CARTESIAN_POINT('',(29.277561,-13.403783,0.));
#7776 = VECTOR('',#7777,1.);
#7777 = DIRECTION('',(-1.,0.,0.));
#7778 = ORIENTED_EDGE('',*,*,#7779,.T.);
#7779 = EDGE_CURVE('',#7772,#7780,#7782,.T.);
#7780 = VERTEX_POINT('',#7781);
#7781 = CARTESIAN_POINT('',(29.277561,-13.403783,2.55));
#7782 = LINE('',#7783,#7784);
#7783 = CARTESIAN_POINT('',(29.277561,-13.403783,0.));
#7784 = VECTOR('',#7785,1.);
#7785 = DIRECTION('',(0.,0.,1.));
#7786 = ORIENTED_EDGE('',*,*,#7787,.T.);
#7787 = EDGE_CURVE('',#7780,#7788,#7790,.T.);
#7788 = VERTEX_POINT('',#7789);
#7789 = CARTESIAN_POINT('',(18.777561,-13.403783,2.55));
#7790 = LINE('',#7791,#7792);
#7791 = CARTESIAN_POINT('',(29.277561,-13.403783,2.55));
#7792 = VECTOR('',#7793,1.);
#7793 = DIRECTION('',(-1.,0.,0.));
#7794 = ORIENTED_EDGE('',*,*,#7795,.T.);
#7795 = EDGE_CURVE('',#7788,#7796,#7798,.T.);
#7796 = VERTEX_POINT('',#7797);
#7797 = CARTESIAN_POINT('',(18.777561,-13.403783,1.));
#7798 = LINE('',#7799,#7800);
#7799 = CARTESIAN_POINT('',(18.777561,-13.403783,2.55));
#7800 = VECTOR('',#7801,1.);
#7801 = DIRECTION('',(-0.,-0.,-1.));
#7802 = ORIENTED_EDGE('',*,*,#7803,.T.);
#7803 = EDGE_CURVE('',#7796,#7804,#7806,.T.);
#7804 = VERTEX_POINT('',#7805);
#7805 = CARTESIAN_POINT('',(5.777561,-13.403783,1.));
#7806 = LINE('',#7807,#7808);
#7807 = CARTESIAN_POINT('',(18.777561,-13.403783,1.));
#7808 = VECTOR('',#7809,1.);
#7809 = DIRECTION('',(-1.,0.,0.));
#7810 = ORIENTED_EDGE('',*,*,#7811,.F.);
#7811 = EDGE_CURVE('',#7812,#7804,#7814,.T.);
#7812 = VERTEX_POINT('',#7813);
#7813 = CARTESIAN_POINT('',(5.777561,-13.403783,2.55));
#7814 = LINE('',#7815,#7816);
#7815 = CARTESIAN_POINT('',(5.777561,-13.403783,2.55));
#7816 = VECTOR('',#7817,1.);
#7817 = DIRECTION('',(-0.,-0.,-1.));
#7818 = ORIENTED_EDGE('',*,*,#7819,.T.);
#7819 = EDGE_CURVE('',#7812,#7734,#7820,.T.);
#7820 = LINE('',#7821,#7822);
#7821 = CARTESIAN_POINT('',(29.277561,-13.403783,2.55));
#7822 = VECTOR('',#7823,1.);
#7823 = DIRECTION('',(-1.,0.,0.));
#7824 = ORIENTED_EDGE('',*,*,#7731,.F.);
#7825 = PLANE('',#7826);
#7826 = AXIS2_PLACEMENT_3D('',#7827,#7828,#7829);
#7827 = CARTESIAN_POINT('',(29.277561,-13.403783,0.));
#7828 = DIRECTION('',(0.,-1.,0.));
#7829 = DIRECTION('',(-1.,0.,0.));
#7830 = ADVANCED_FACE('',(#7831),#7888,.F.);
#7831 = FACE_BOUND('',#7832,.F.);
#7832 = EDGE_LOOP('',(#7833,#7841,#7842,#7850,#7858,#7866,#7874,#7882));
#7833 = ORIENTED_EDGE('',*,*,#7834,.F.);
#7834 = EDGE_CURVE('',#7750,#7835,#7837,.T.);
#7835 = VERTEX_POINT('',#7836);
#7836 = CARTESIAN_POINT('',(29.277561,-57.183783,0.));
#7837 = LINE('',#7838,#7839);
#7838 = CARTESIAN_POINT('',(-4.722439,-57.183783,0.));
#7839 = VECTOR('',#7840,1.);
#7840 = DIRECTION('',(1.,0.,0.));
#7841 = ORIENTED_EDGE('',*,*,#7749,.T.);
#7842 = ORIENTED_EDGE('',*,*,#7843,.T.);
#7843 = EDGE_CURVE('',#7742,#7844,#7846,.T.);
#7844 = VERTEX_POINT('',#7845);
#7845 = CARTESIAN_POINT('',(-1.222439,-57.183783,2.55));
#7846 = LINE('',#7847,#7848);
#7847 = CARTESIAN_POINT('',(-4.722439,-57.183783,2.55));
#7848 = VECTOR('',#7849,1.);
#7849 = DIRECTION('',(1.,0.,0.));
#7850 = ORIENTED_EDGE('',*,*,#7851,.T.);
#7851 = EDGE_CURVE('',#7844,#7852,#7854,.T.);
#7852 = VERTEX_POINT('',#7853);
#7853 = CARTESIAN_POINT('',(-1.222439,-57.183783,1.));
#7854 = LINE('',#7855,#7856);
#7855 = CARTESIAN_POINT('',(-1.222439,-57.183783,2.55));
#7856 = VECTOR('',#7857,1.);
#7857 = DIRECTION('',(-0.,-0.,-1.));
#7858 = ORIENTED_EDGE('',*,*,#7859,.T.);
#7859 = EDGE_CURVE('',#7852,#7860,#7862,.T.);
#7860 = VERTEX_POINT('',#7861);
#7861 = CARTESIAN_POINT('',(25.777561,-57.183783,1.));
#7862 = LINE('',#7863,#7864);
#7863 = CARTESIAN_POINT('',(-1.222439,-57.183783,1.));
#7864 = VECTOR('',#7865,1.);
#7865 = DIRECTION('',(1.,0.,0.));
#7866 = ORIENTED_EDGE('',*,*,#7867,.F.);
#7867 = EDGE_CURVE('',#7868,#7860,#7870,.T.);
#7868 = VERTEX_POINT('',#7869);
#7869 = CARTESIAN_POINT('',(25.777561,-57.183783,2.55));
#7870 = LINE('',#7871,#7872);
#7871 = CARTESIAN_POINT('',(25.777561,-57.183783,2.55));
#7872 = VECTOR('',#7873,1.);
#7873 = DIRECTION('',(-0.,-0.,-1.));
#7874 = ORIENTED_EDGE('',*,*,#7875,.T.);
#7875 = EDGE_CURVE('',#7868,#7876,#7878,.T.);
#7876 = VERTEX_POINT('',#7877);
#7877 = CARTESIAN_POINT('',(29.277561,-57.183783,2.55));
#7878 = LINE('',#7879,#7880);
#7879 = CARTESIAN_POINT('',(-4.722439,-57.183783,2.55));
#7880 = VECTOR('',#7881,1.);
#7881 = DIRECTION('',(1.,0.,0.));
#7882 = ORIENTED_EDGE('',*,*,#7883,.F.);
#7883 = EDGE_CURVE('',#7835,#7876,#7884,.T.);
#7884 = LINE('',#7885,#7886);
#7885 = CARTESIAN_POINT('',(29.277561,-57.183783,0.));
#7886 = VECTOR('',#7887,1.);
#7887 = DIRECTION('',(0.,0.,1.));
#7888 = PLANE('',#7889);
#7889 = AXIS2_PLACEMENT_3D('',#7890,#7891,#7892);
#7890 = CARTESIAN_POINT('',(-4.722439,-57.183783,0.));
#7891 = DIRECTION('',(0.,1.,0.));
#7892 = DIRECTION('',(1.,0.,0.));
#7893 = ADVANCED_FACE('',(#7894),#7905,.F.);
#7894 = FACE_BOUND('',#7895,.F.);
#7895 = EDGE_LOOP('',(#7896,#7897,#7898,#7904));
#7896 = ORIENTED_EDGE('',*,*,#7757,.T.);
#7897 = ORIENTED_EDGE('',*,*,#7834,.T.);
#7898 = ORIENTED_EDGE('',*,*,#7899,.T.);
#7899 = EDGE_CURVE('',#7835,#7772,#7900,.T.);
#7900 = LINE('',#7901,#7902);
#7901 = CARTESIAN_POINT('',(29.277561,-57.183783,0.));
#7902 = VECTOR('',#7903,1.);
#7903 = DIRECTION('',(0.,1.,0.));
#7904 = ORIENTED_EDGE('',*,*,#7771,.T.);
#7905 = PLANE('',#7906);
#7906 = AXIS2_PLACEMENT_3D('',#7907,#7908,#7909);
#7907 = CARTESIAN_POINT('',(12.277561,-35.293783,0.));
#7908 = DIRECTION('',(0.,0.,1.));
#7909 = DIRECTION('',(1.,0.,0.));
#7910 = ADVANCED_FACE('',(#7911),#8018,.T.);
#7911 = FACE_BOUND('',#7912,.T.);
#7912 = EDGE_LOOP('',(#7913,#7914,#7915,#7916,#7924,#7932,#7940,#7948,
    #7956,#7964,#7972,#7980,#7988,#7996,#8004,#8012));
#7913 = ORIENTED_EDGE('',*,*,#7819,.T.);
#7914 = ORIENTED_EDGE('',*,*,#7741,.T.);
#7915 = ORIENTED_EDGE('',*,*,#7843,.T.);
#7916 = ORIENTED_EDGE('',*,*,#7917,.F.);
#7917 = EDGE_CURVE('',#7918,#7844,#7920,.T.);
#7918 = VERTEX_POINT('',#7919);
#7919 = CARTESIAN_POINT('',(-1.222439,-56.183783,2.55));
#7920 = LINE('',#7921,#7922);
#7921 = CARTESIAN_POINT('',(-1.222439,-56.183783,2.55));
#7922 = VECTOR('',#7923,1.);
#7923 = DIRECTION('',(0.,-1.,0.));
#7924 = ORIENTED_EDGE('',*,*,#7925,.F.);
#7925 = EDGE_CURVE('',#7926,#7918,#7928,.T.);
#7926 = VERTEX_POINT('',#7927);
#7927 = CARTESIAN_POINT('',(-3.222439,-56.183783,2.55));
#7928 = LINE('',#7929,#7930);
#7929 = CARTESIAN_POINT('',(-3.222439,-56.183783,2.55));
#7930 = VECTOR('',#7931,1.);
#7931 = DIRECTION('',(1.,0.,0.));
#7932 = ORIENTED_EDGE('',*,*,#7933,.F.);
#7933 = EDGE_CURVE('',#7934,#7926,#7936,.T.);
#7934 = VERTEX_POINT('',#7935);
#7935 = CARTESIAN_POINT('',(-3.222439,-56.483783,2.55));
#7936 = LINE('',#7937,#7938);
#7937 = CARTESIAN_POINT('',(-3.222439,-56.483783,2.55));
#7938 = VECTOR('',#7939,1.);
#7939 = DIRECTION('',(0.,1.,0.));
#7940 = ORIENTED_EDGE('',*,*,#7941,.F.);
#7941 = EDGE_CURVE('',#7942,#7934,#7944,.T.);
#7942 = VERTEX_POINT('',#7943);
#7943 = CARTESIAN_POINT('',(-4.222439,-56.483783,2.55));
#7944 = LINE('',#7945,#7946);
#7945 = CARTESIAN_POINT('',(-4.222439,-56.483783,2.55));
#7946 = VECTOR('',#7947,1.);
#7947 = DIRECTION('',(1.,0.,0.));
#7948 = ORIENTED_EDGE('',*,*,#7949,.F.);
#7949 = EDGE_CURVE('',#7950,#7942,#7952,.T.);
#7950 = VERTEX_POINT('',#7951);
#7951 = CARTESIAN_POINT('',(-4.222439,-52.483783,2.55));
#7952 = LINE('',#7953,#7954);
#7953 = CARTESIAN_POINT('',(-4.222439,-52.483783,2.55));
#7954 = VECTOR('',#7955,1.);
#7955 = DIRECTION('',(0.,-1.,0.));
#7956 = ORIENTED_EDGE('',*,*,#7957,.F.);
#7957 = EDGE_CURVE('',#7958,#7950,#7960,.T.);
#7958 = VERTEX_POINT('',#7959);
#7959 = CARTESIAN_POINT('',(-3.922439,-52.483783,2.55));
#7960 = LINE('',#7961,#7962);
#7961 = CARTESIAN_POINT('',(-3.922439,-52.483783,2.55));
#7962 = VECTOR('',#7963,1.);
#7963 = DIRECTION('',(-1.,0.,0.));
#7964 = ORIENTED_EDGE('',*,*,#7965,.F.);
#7965 = EDGE_CURVE('',#7966,#7958,#7968,.T.);
#7966 = VERTEX_POINT('',#7967);
#7967 = CARTESIAN_POINT('',(-3.922439,-14.903783,2.55));
#7968 = LINE('',#7969,#7970);
#7969 = CARTESIAN_POINT('',(-3.922439,-14.903783,2.55));
#7970 = VECTOR('',#7971,1.);
#7971 = DIRECTION('',(0.,-1.,0.));
#7972 = ORIENTED_EDGE('',*,*,#7973,.F.);
#7973 = EDGE_CURVE('',#7974,#7966,#7976,.T.);
#7974 = VERTEX_POINT('',#7975);
#7975 = CARTESIAN_POINT('',(-4.222439,-14.903783,2.55));
#7976 = LINE('',#7977,#7978);
#7977 = CARTESIAN_POINT('',(-4.222439,-14.903783,2.55));
#7978 = VECTOR('',#7979,1.);
#7979 = DIRECTION('',(1.,0.,0.));
#7980 = ORIENTED_EDGE('',*,*,#7981,.F.);
#7981 = EDGE_CURVE('',#7982,#7974,#7984,.T.);
#7982 = VERTEX_POINT('',#7983);
#7983 = CARTESIAN_POINT('',(-4.222439,-13.903783,2.55));
#7984 = LINE('',#7985,#7986);
#7985 = CARTESIAN_POINT('',(-4.222439,-13.903783,2.55));
#7986 = VECTOR('',#7987,1.);
#7987 = DIRECTION('',(0.,-1.,0.));
#7988 = ORIENTED_EDGE('',*,*,#7989,.F.);
#7989 = EDGE_CURVE('',#7990,#7982,#7992,.T.);
#7990 = VERTEX_POINT('',#7991);
#7991 = CARTESIAN_POINT('',(-3.222439,-13.903783,2.55));
#7992 = LINE('',#7993,#7994);
#7993 = CARTESIAN_POINT('',(-3.222439,-13.903783,2.55));
#7994 = VECTOR('',#7995,1.);
#7995 = DIRECTION('',(-1.,0.,0.));
#7996 = ORIENTED_EDGE('',*,*,#7997,.F.);
#7997 = EDGE_CURVE('',#7998,#7990,#8000,.T.);
#7998 = VERTEX_POINT('',#7999);
#7999 = CARTESIAN_POINT('',(-3.222439,-14.203783,2.55));
#8000 = LINE('',#8001,#8002);
#8001 = CARTESIAN_POINT('',(-3.222439,-14.203783,2.55));
#8002 = VECTOR('',#8003,1.);
#8003 = DIRECTION('',(0.,1.,0.));
#8004 = ORIENTED_EDGE('',*,*,#8005,.F.);
#8005 = EDGE_CURVE('',#8006,#7998,#8008,.T.);
#8006 = VERTEX_POINT('',#8007);
#8007 = CARTESIAN_POINT('',(5.777561,-14.203783,2.55));
#8008 = LINE('',#8009,#8010);
#8009 = CARTESIAN_POINT('',(5.777561,-14.203783,2.55));
#8010 = VECTOR('',#8011,1.);
#8011 = DIRECTION('',(-1.,0.,0.));
#8012 = ORIENTED_EDGE('',*,*,#8013,.F.);
#8013 = EDGE_CURVE('',#7812,#8006,#8014,.T.);
#8014 = LINE('',#8015,#8016);
#8015 = CARTESIAN_POINT('',(5.777561,-13.403783,2.55));
#8016 = VECTOR('',#8017,1.);
#8017 = DIRECTION('',(0.,-1.,0.));
#8018 = PLANE('',#8019);
#8019 = AXIS2_PLACEMENT_3D('',#8020,#8021,#8022);
#8020 = CARTESIAN_POINT('',(12.277561,-35.293783,2.55));
#8021 = DIRECTION('',(0.,0.,1.));
#8022 = DIRECTION('',(1.,0.,0.));
#8023 = ADVANCED_FACE('',(#8024),#8042,.F.);
#8024 = FACE_BOUND('',#8025,.F.);
#8025 = EDGE_LOOP('',(#8026,#8027,#8035,#8041));
#8026 = ORIENTED_EDGE('',*,*,#7811,.T.);
#8027 = ORIENTED_EDGE('',*,*,#8028,.T.);
#8028 = EDGE_CURVE('',#7804,#8029,#8031,.T.);
#8029 = VERTEX_POINT('',#8030);
#8030 = CARTESIAN_POINT('',(5.777561,-14.203783,1.));
#8031 = LINE('',#8032,#8033);
#8032 = CARTESIAN_POINT('',(5.777561,-13.403783,1.));
#8033 = VECTOR('',#8034,1.);
#8034 = DIRECTION('',(0.,-1.,0.));
#8035 = ORIENTED_EDGE('',*,*,#8036,.F.);
#8036 = EDGE_CURVE('',#8006,#8029,#8037,.T.);
#8037 = LINE('',#8038,#8039);
#8038 = CARTESIAN_POINT('',(5.777561,-14.203783,2.55));
#8039 = VECTOR('',#8040,1.);
#8040 = DIRECTION('',(-0.,-0.,-1.));
#8041 = ORIENTED_EDGE('',*,*,#8013,.F.);
#8042 = PLANE('',#8043);
#8043 = AXIS2_PLACEMENT_3D('',#8044,#8045,#8046);
#8044 = CARTESIAN_POINT('',(5.777561,-13.403783,2.55));
#8045 = DIRECTION('',(-1.,0.,0.));
#8046 = DIRECTION('',(0.,-1.,0.));
#8047 = ADVANCED_FACE('',(#8048,#8249,#8283),#8317,.T.);
#8048 = FACE_BOUND('',#8049,.T.);
#8049 = EDGE_LOOP('',(#8050,#8051,#8059,#8067,#8075,#8083,#8091,#8099,
    #8107,#8115,#8123,#8131,#8139,#8145,#8146,#8154,#8162,#8170,#8178,
    #8186,#8194,#8202,#8210,#8218,#8226,#8234,#8242,#8248));
#8050 = ORIENTED_EDGE('',*,*,#8028,.T.);
#8051 = ORIENTED_EDGE('',*,*,#8052,.T.);
#8052 = EDGE_CURVE('',#8029,#8053,#8055,.T.);
#8053 = VERTEX_POINT('',#8054);
#8054 = CARTESIAN_POINT('',(-3.222439,-14.203783,1.));
#8055 = LINE('',#8056,#8057);
#8056 = CARTESIAN_POINT('',(5.777561,-14.203783,1.));
#8057 = VECTOR('',#8058,1.);
#8058 = DIRECTION('',(-1.,0.,0.));
#8059 = ORIENTED_EDGE('',*,*,#8060,.T.);
#8060 = EDGE_CURVE('',#8053,#8061,#8063,.T.);
#8061 = VERTEX_POINT('',#8062);
#8062 = CARTESIAN_POINT('',(-3.222439,-13.903783,1.));
#8063 = LINE('',#8064,#8065);
#8064 = CARTESIAN_POINT('',(-3.222439,-14.203783,1.));
#8065 = VECTOR('',#8066,1.);
#8066 = DIRECTION('',(0.,1.,0.));
#8067 = ORIENTED_EDGE('',*,*,#8068,.T.);
#8068 = EDGE_CURVE('',#8061,#8069,#8071,.T.);
#8069 = VERTEX_POINT('',#8070);
#8070 = CARTESIAN_POINT('',(-4.222439,-13.903783,1.));
#8071 = LINE('',#8072,#8073);
#8072 = CARTESIAN_POINT('',(-3.222439,-13.903783,1.));
#8073 = VECTOR('',#8074,1.);
#8074 = DIRECTION('',(-1.,0.,0.));
#8075 = ORIENTED_EDGE('',*,*,#8076,.T.);
#8076 = EDGE_CURVE('',#8069,#8077,#8079,.T.);
#8077 = VERTEX_POINT('',#8078);
#8078 = CARTESIAN_POINT('',(-4.222439,-14.903783,1.));
#8079 = LINE('',#8080,#8081);
#8080 = CARTESIAN_POINT('',(-4.222439,-13.903783,1.));
#8081 = VECTOR('',#8082,1.);
#8082 = DIRECTION('',(0.,-1.,0.));
#8083 = ORIENTED_EDGE('',*,*,#8084,.T.);
#8084 = EDGE_CURVE('',#8077,#8085,#8087,.T.);
#8085 = VERTEX_POINT('',#8086);
#8086 = CARTESIAN_POINT('',(-3.922439,-14.903783,1.));
#8087 = LINE('',#8088,#8089);
#8088 = CARTESIAN_POINT('',(-4.222439,-14.903783,1.));
#8089 = VECTOR('',#8090,1.);
#8090 = DIRECTION('',(1.,0.,0.));
#8091 = ORIENTED_EDGE('',*,*,#8092,.T.);
#8092 = EDGE_CURVE('',#8085,#8093,#8095,.T.);
#8093 = VERTEX_POINT('',#8094);
#8094 = CARTESIAN_POINT('',(-3.922439,-52.483783,1.));
#8095 = LINE('',#8096,#8097);
#8096 = CARTESIAN_POINT('',(-3.922439,-14.903783,1.));
#8097 = VECTOR('',#8098,1.);
#8098 = DIRECTION('',(0.,-1.,0.));
#8099 = ORIENTED_EDGE('',*,*,#8100,.T.);
#8100 = EDGE_CURVE('',#8093,#8101,#8103,.T.);
#8101 = VERTEX_POINT('',#8102);
#8102 = CARTESIAN_POINT('',(-4.222439,-52.483783,1.));
#8103 = LINE('',#8104,#8105);
#8104 = CARTESIAN_POINT('',(-3.922439,-52.483783,1.));
#8105 = VECTOR('',#8106,1.);
#8106 = DIRECTION('',(-1.,0.,0.));
#8107 = ORIENTED_EDGE('',*,*,#8108,.T.);
#8108 = EDGE_CURVE('',#8101,#8109,#8111,.T.);
#8109 = VERTEX_POINT('',#8110);
#8110 = CARTESIAN_POINT('',(-4.222439,-56.483783,1.));
#8111 = LINE('',#8112,#8113);
#8112 = CARTESIAN_POINT('',(-4.222439,-52.483783,1.));
#8113 = VECTOR('',#8114,1.);
#8114 = DIRECTION('',(0.,-1.,0.));
#8115 = ORIENTED_EDGE('',*,*,#8116,.T.);
#8116 = EDGE_CURVE('',#8109,#8117,#8119,.T.);
#8117 = VERTEX_POINT('',#8118);
#8118 = CARTESIAN_POINT('',(-3.222439,-56.483783,1.));
#8119 = LINE('',#8120,#8121);
#8120 = CARTESIAN_POINT('',(-4.222439,-56.483783,1.));
#8121 = VECTOR('',#8122,1.);
#8122 = DIRECTION('',(1.,0.,0.));
#8123 = ORIENTED_EDGE('',*,*,#8124,.T.);
#8124 = EDGE_CURVE('',#8117,#8125,#8127,.T.);
#8125 = VERTEX_POINT('',#8126);
#8126 = CARTESIAN_POINT('',(-3.222439,-56.183783,1.));
#8127 = LINE('',#8128,#8129);
#8128 = CARTESIAN_POINT('',(-3.222439,-56.483783,1.));
#8129 = VECTOR('',#8130,1.);
#8130 = DIRECTION('',(0.,1.,0.));
#8131 = ORIENTED_EDGE('',*,*,#8132,.T.);
#8132 = EDGE_CURVE('',#8125,#8133,#8135,.T.);
#8133 = VERTEX_POINT('',#8134);
#8134 = CARTESIAN_POINT('',(-1.222439,-56.183783,1.));
#8135 = LINE('',#8136,#8137);
#8136 = CARTESIAN_POINT('',(-3.222439,-56.183783,1.));
#8137 = VECTOR('',#8138,1.);
#8138 = DIRECTION('',(1.,0.,0.));
#8139 = ORIENTED_EDGE('',*,*,#8140,.T.);
#8140 = EDGE_CURVE('',#8133,#7852,#8141,.T.);
#8141 = LINE('',#8142,#8143);
#8142 = CARTESIAN_POINT('',(-1.222439,-56.183783,1.));
#8143 = VECTOR('',#8144,1.);
#8144 = DIRECTION('',(0.,-1.,0.));
#8145 = ORIENTED_EDGE('',*,*,#7859,.T.);
#8146 = ORIENTED_EDGE('',*,*,#8147,.T.);
#8147 = EDGE_CURVE('',#7860,#8148,#8150,.T.);
#8148 = VERTEX_POINT('',#8149);
#8149 = CARTESIAN_POINT('',(25.777561,-56.183783,1.));
#8150 = LINE('',#8151,#8152);
#8151 = CARTESIAN_POINT('',(25.777561,-57.183783,1.));
#8152 = VECTOR('',#8153,1.);
#8153 = DIRECTION('',(0.,1.,0.));
#8154 = ORIENTED_EDGE('',*,*,#8155,.T.);
#8155 = EDGE_CURVE('',#8148,#8156,#8158,.T.);
#8156 = VERTEX_POINT('',#8157);
#8157 = CARTESIAN_POINT('',(27.777561,-56.183783,1.));
#8158 = LINE('',#8159,#8160);
#8159 = CARTESIAN_POINT('',(25.777561,-56.183783,1.));
#8160 = VECTOR('',#8161,1.);
#8161 = DIRECTION('',(1.,0.,0.));
#8162 = ORIENTED_EDGE('',*,*,#8163,.T.);
#8163 = EDGE_CURVE('',#8156,#8164,#8166,.T.);
#8164 = VERTEX_POINT('',#8165);
#8165 = CARTESIAN_POINT('',(27.777561,-56.483783,1.));
#8166 = LINE('',#8167,#8168);
#8167 = CARTESIAN_POINT('',(27.777561,-56.183783,1.));
#8168 = VECTOR('',#8169,1.);
#8169 = DIRECTION('',(0.,-1.,0.));
#8170 = ORIENTED_EDGE('',*,*,#8171,.T.);
#8171 = EDGE_CURVE('',#8164,#8172,#8174,.T.);
#8172 = VERTEX_POINT('',#8173);
#8173 = CARTESIAN_POINT('',(28.777561000001,-56.483783,1.));
#8174 = LINE('',#8175,#8176);
#8175 = CARTESIAN_POINT('',(27.777561,-56.483783,1.));
#8176 = VECTOR('',#8177,1.);
#8177 = DIRECTION('',(1.,0.,0.));
#8178 = ORIENTED_EDGE('',*,*,#8179,.T.);
#8179 = EDGE_CURVE('',#8172,#8180,#8182,.T.);
#8180 = VERTEX_POINT('',#8181);
#8181 = CARTESIAN_POINT('',(28.777561000001,-52.483783,1.));
#8182 = LINE('',#8183,#8184);
#8183 = CARTESIAN_POINT('',(28.777561000001,-56.483783,1.));
#8184 = VECTOR('',#8185,1.);
#8185 = DIRECTION('',(0.,1.,0.));
#8186 = ORIENTED_EDGE('',*,*,#8187,.T.);
#8187 = EDGE_CURVE('',#8180,#8188,#8190,.T.);
#8188 = VERTEX_POINT('',#8189);
#8189 = CARTESIAN_POINT('',(28.477561,-52.483783,1.));
#8190 = LINE('',#8191,#8192);
#8191 = CARTESIAN_POINT('',(28.777561000001,-52.483783,1.));
#8192 = VECTOR('',#8193,1.);
#8193 = DIRECTION('',(-1.,0.,0.));
#8194 = ORIENTED_EDGE('',*,*,#8195,.T.);
#8195 = EDGE_CURVE('',#8188,#8196,#8198,.T.);
#8196 = VERTEX_POINT('',#8197);
#8197 = CARTESIAN_POINT('',(28.477561,-14.903783,1.));
#8198 = LINE('',#8199,#8200);
#8199 = CARTESIAN_POINT('',(28.477561,-52.483783,1.));
#8200 = VECTOR('',#8201,1.);
#8201 = DIRECTION('',(0.,1.,0.));
#8202 = ORIENTED_EDGE('',*,*,#8203,.T.);
#8203 = EDGE_CURVE('',#8196,#8204,#8206,.T.);
#8204 = VERTEX_POINT('',#8205);
#8205 = CARTESIAN_POINT('',(28.777561,-14.903783,1.));
#8206 = LINE('',#8207,#8208);
#8207 = CARTESIAN_POINT('',(28.477561,-14.903783,1.));
#8208 = VECTOR('',#8209,1.);
#8209 = DIRECTION('',(1.,0.,0.));
#8210 = ORIENTED_EDGE('',*,*,#8211,.T.);
#8211 = EDGE_CURVE('',#8204,#8212,#8214,.T.);
#8212 = VERTEX_POINT('',#8213);
#8213 = CARTESIAN_POINT('',(28.777561,-13.903783,1.));
#8214 = LINE('',#8215,#8216);
#8215 = CARTESIAN_POINT('',(28.777561,-14.903783,1.));
#8216 = VECTOR('',#8217,1.);
#8217 = DIRECTION('',(0.,1.,0.));
#8218 = ORIENTED_EDGE('',*,*,#8219,.T.);
#8219 = EDGE_CURVE('',#8212,#8220,#8222,.T.);
#8220 = VERTEX_POINT('',#8221);
#8221 = CARTESIAN_POINT('',(27.777561,-13.903783,1.));
#8222 = LINE('',#8223,#8224);
#8223 = CARTESIAN_POINT('',(28.777561,-13.903783,1.));
#8224 = VECTOR('',#8225,1.);
#8225 = DIRECTION('',(-1.,0.,0.));
#8226 = ORIENTED_EDGE('',*,*,#8227,.T.);
#8227 = EDGE_CURVE('',#8220,#8228,#8230,.T.);
#8228 = VERTEX_POINT('',#8229);
#8229 = CARTESIAN_POINT('',(27.777561,-14.203783,1.));
#8230 = LINE('',#8231,#8232);
#8231 = CARTESIAN_POINT('',(27.777561,-13.903783,1.));
#8232 = VECTOR('',#8233,1.);
#8233 = DIRECTION('',(0.,-1.,0.));
#8234 = ORIENTED_EDGE('',*,*,#8235,.T.);
#8235 = EDGE_CURVE('',#8228,#8236,#8238,.T.);
#8236 = VERTEX_POINT('',#8237);
#8237 = CARTESIAN_POINT('',(18.777561,-14.203783,1.));
#8238 = LINE('',#8239,#8240);
#8239 = CARTESIAN_POINT('',(27.777561,-14.203783,1.));
#8240 = VECTOR('',#8241,1.);
#8241 = DIRECTION('',(-1.,0.,0.));
#8242 = ORIENTED_EDGE('',*,*,#8243,.T.);
#8243 = EDGE_CURVE('',#8236,#7796,#8244,.T.);
#8244 = LINE('',#8245,#8246);
#8245 = CARTESIAN_POINT('',(18.777561,-14.203783,1.));
#8246 = VECTOR('',#8247,1.);
#8247 = DIRECTION('',(0.,1.,0.));
#8248 = ORIENTED_EDGE('',*,*,#7803,.T.);
#8249 = FACE_BOUND('',#8250,.T.);
#8250 = EDGE_LOOP('',(#8251,#8261,#8269,#8277));
#8251 = ORIENTED_EDGE('',*,*,#8252,.F.);
#8252 = EDGE_CURVE('',#8253,#8255,#8257,.T.);
#8253 = VERTEX_POINT('',#8254);
#8254 = CARTESIAN_POINT('',(-3.6424376966,-52.6438827516,1.));
#8255 = VERTEX_POINT('',#8256);
#8256 = CARTESIAN_POINT('',(-3.6424376966,-56.1097106826,1.));
#8257 = LINE('',#8258,#8259);
#8258 = CARTESIAN_POINT('',(-3.6424376966,-52.6438827516,1.));
#8259 = VECTOR('',#8260,1.);
#8260 = DIRECTION('',(0.,-1.,0.));
#8261 = ORIENTED_EDGE('',*,*,#8262,.F.);
#8262 = EDGE_CURVE('',#8263,#8253,#8265,.T.);
#8263 = VERTEX_POINT('',#8264);
#8264 = CARTESIAN_POINT('',(28.187557220401,-52.6438827516,1.));
#8265 = LINE('',#8266,#8267);
#8266 = CARTESIAN_POINT('',(28.187557220401,-52.6438827516,1.));
#8267 = VECTOR('',#8268,1.);
#8268 = DIRECTION('',(-1.,0.,0.));
#8269 = ORIENTED_EDGE('',*,*,#8270,.F.);
#8270 = EDGE_CURVE('',#8271,#8263,#8273,.T.);
#8271 = VERTEX_POINT('',#8272);
#8272 = CARTESIAN_POINT('',(28.187557220401,-56.1097106826,1.));
#8273 = LINE('',#8274,#8275);
#8274 = CARTESIAN_POINT('',(28.187557220401,-56.1097106826,1.));
#8275 = VECTOR('',#8276,1.);
#8276 = DIRECTION('',(0.,1.,0.));
#8277 = ORIENTED_EDGE('',*,*,#8278,.F.);
#8278 = EDGE_CURVE('',#8255,#8271,#8279,.T.);
#8279 = LINE('',#8280,#8281);
#8280 = CARTESIAN_POINT('',(-3.6424376966,-56.1097106826,1.));
#8281 = VECTOR('',#8282,1.);
#8282 = DIRECTION('',(1.,0.,0.));
#8283 = FACE_BOUND('',#8284,.T.);
#8284 = EDGE_LOOP('',(#8285,#8295,#8303,#8311));
#8285 = ORIENTED_EDGE('',*,*,#8286,.F.);
#8286 = EDGE_CURVE('',#8287,#8289,#8291,.T.);
#8287 = VERTEX_POINT('',#8288);
#8288 = CARTESIAN_POINT('',(-3.642439,-14.253783,1.));
#8289 = VERTEX_POINT('',#8290);
#8290 = CARTESIAN_POINT('',(-3.642439,-52.643783,1.));
#8291 = LINE('',#8292,#8293);
#8292 = CARTESIAN_POINT('',(-3.642439,-14.253783,1.));
#8293 = VECTOR('',#8294,1.);
#8294 = DIRECTION('',(0.,-1.,0.));
#8295 = ORIENTED_EDGE('',*,*,#8296,.F.);
#8296 = EDGE_CURVE('',#8297,#8287,#8299,.T.);
#8297 = VERTEX_POINT('',#8298);
#8298 = CARTESIAN_POINT('',(28.187561,-14.253783,1.));
#8299 = LINE('',#8300,#8301);
#8300 = CARTESIAN_POINT('',(28.187561,-14.253783,1.));
#8301 = VECTOR('',#8302,1.);
#8302 = DIRECTION('',(-1.,0.,0.));
#8303 = ORIENTED_EDGE('',*,*,#8304,.F.);
#8304 = EDGE_CURVE('',#8305,#8297,#8307,.T.);
#8305 = VERTEX_POINT('',#8306);
#8306 = CARTESIAN_POINT('',(28.187561,-52.643783,1.));
#8307 = LINE('',#8308,#8309);
#8308 = CARTESIAN_POINT('',(28.187561,-52.643783,1.));
#8309 = VECTOR('',#8310,1.);
#8310 = DIRECTION('',(0.,1.,0.));
#8311 = ORIENTED_EDGE('',*,*,#8312,.F.);
#8312 = EDGE_CURVE('',#8289,#8305,#8313,.T.);
#8313 = LINE('',#8314,#8315);
#8314 = CARTESIAN_POINT('',(-3.642439,-52.643783,1.));
#8315 = VECTOR('',#8316,1.);
#8316 = DIRECTION('',(1.,0.,0.));
#8317 = PLANE('',#8318);
#8318 = AXIS2_PLACEMENT_3D('',#8319,#8320,#8321);
#8319 = CARTESIAN_POINT('',(12.277561,-35.34366846704,1.));
#8320 = DIRECTION('',(0.,0.,1.));
#8321 = DIRECTION('',(1.,0.,0.));
#8322 = ADVANCED_FACE('',(#8323),#8341,.F.);
#8323 = FACE_BOUND('',#8324,.F.);
#8324 = EDGE_LOOP('',(#8325,#8333,#8334,#8335));
#8325 = ORIENTED_EDGE('',*,*,#8326,.T.);
#8326 = EDGE_CURVE('',#8327,#8236,#8329,.T.);
#8327 = VERTEX_POINT('',#8328);
#8328 = CARTESIAN_POINT('',(18.777561,-14.203783,2.55));
#8329 = LINE('',#8330,#8331);
#8330 = CARTESIAN_POINT('',(18.777561,-14.203783,2.55));
#8331 = VECTOR('',#8332,1.);
#8332 = DIRECTION('',(-0.,-0.,-1.));
#8333 = ORIENTED_EDGE('',*,*,#8243,.T.);
#8334 = ORIENTED_EDGE('',*,*,#7795,.F.);
#8335 = ORIENTED_EDGE('',*,*,#8336,.F.);
#8336 = EDGE_CURVE('',#8327,#7788,#8337,.T.);
#8337 = LINE('',#8338,#8339);
#8338 = CARTESIAN_POINT('',(18.777561,-14.203783,2.55));
#8339 = VECTOR('',#8340,1.);
#8340 = DIRECTION('',(0.,1.,0.));
#8341 = PLANE('',#8342);
#8342 = AXIS2_PLACEMENT_3D('',#8343,#8344,#8345);
#8343 = CARTESIAN_POINT('',(18.777561,-14.203783,2.55));
#8344 = DIRECTION('',(1.,0.,0.));
#8345 = DIRECTION('',(0.,1.,0.));
#8346 = ADVANCED_FACE('',(#8347),#8452,.T.);
#8347 = FACE_BOUND('',#8348,.T.);
#8348 = EDGE_LOOP('',(#8349,#8350,#8351,#8359,#8367,#8375,#8383,#8391,
    #8399,#8407,#8415,#8423,#8431,#8439,#8445,#8446));
#8349 = ORIENTED_EDGE('',*,*,#7787,.T.);
#8350 = ORIENTED_EDGE('',*,*,#8336,.F.);
#8351 = ORIENTED_EDGE('',*,*,#8352,.F.);
#8352 = EDGE_CURVE('',#8353,#8327,#8355,.T.);
#8353 = VERTEX_POINT('',#8354);
#8354 = CARTESIAN_POINT('',(27.777561,-14.203783,2.55));
#8355 = LINE('',#8356,#8357);
#8356 = CARTESIAN_POINT('',(27.777561,-14.203783,2.55));
#8357 = VECTOR('',#8358,1.);
#8358 = DIRECTION('',(-1.,0.,0.));
#8359 = ORIENTED_EDGE('',*,*,#8360,.F.);
#8360 = EDGE_CURVE('',#8361,#8353,#8363,.T.);
#8361 = VERTEX_POINT('',#8362);
#8362 = CARTESIAN_POINT('',(27.777561,-13.903783,2.55));
#8363 = LINE('',#8364,#8365);
#8364 = CARTESIAN_POINT('',(27.777561,-13.903783,2.55));
#8365 = VECTOR('',#8366,1.);
#8366 = DIRECTION('',(0.,-1.,0.));
#8367 = ORIENTED_EDGE('',*,*,#8368,.F.);
#8368 = EDGE_CURVE('',#8369,#8361,#8371,.T.);
#8369 = VERTEX_POINT('',#8370);
#8370 = CARTESIAN_POINT('',(28.777561,-13.903783,2.55));
#8371 = LINE('',#8372,#8373);
#8372 = CARTESIAN_POINT('',(28.777561,-13.903783,2.55));
#8373 = VECTOR('',#8374,1.);
#8374 = DIRECTION('',(-1.,0.,0.));
#8375 = ORIENTED_EDGE('',*,*,#8376,.F.);
#8376 = EDGE_CURVE('',#8377,#8369,#8379,.T.);
#8377 = VERTEX_POINT('',#8378);
#8378 = CARTESIAN_POINT('',(28.777561,-14.903783,2.55));
#8379 = LINE('',#8380,#8381);
#8380 = CARTESIAN_POINT('',(28.777561,-14.903783,2.55));
#8381 = VECTOR('',#8382,1.);
#8382 = DIRECTION('',(0.,1.,0.));
#8383 = ORIENTED_EDGE('',*,*,#8384,.F.);
#8384 = EDGE_CURVE('',#8385,#8377,#8387,.T.);
#8385 = VERTEX_POINT('',#8386);
#8386 = CARTESIAN_POINT('',(28.477561,-14.903783,2.55));
#8387 = LINE('',#8388,#8389);
#8388 = CARTESIAN_POINT('',(28.477561,-14.903783,2.55));
#8389 = VECTOR('',#8390,1.);
#8390 = DIRECTION('',(1.,0.,0.));
#8391 = ORIENTED_EDGE('',*,*,#8392,.F.);
#8392 = EDGE_CURVE('',#8393,#8385,#8395,.T.);
#8393 = VERTEX_POINT('',#8394);
#8394 = CARTESIAN_POINT('',(28.477561,-52.483783,2.55));
#8395 = LINE('',#8396,#8397);
#8396 = CARTESIAN_POINT('',(28.477561,-52.483783,2.55));
#8397 = VECTOR('',#8398,1.);
#8398 = DIRECTION('',(0.,1.,0.));
#8399 = ORIENTED_EDGE('',*,*,#8400,.F.);
#8400 = EDGE_CURVE('',#8401,#8393,#8403,.T.);
#8401 = VERTEX_POINT('',#8402);
#8402 = CARTESIAN_POINT('',(28.777561000001,-52.483783,2.55));
#8403 = LINE('',#8404,#8405);
#8404 = CARTESIAN_POINT('',(28.777561000001,-52.483783,2.55));
#8405 = VECTOR('',#8406,1.);
#8406 = DIRECTION('',(-1.,0.,0.));
#8407 = ORIENTED_EDGE('',*,*,#8408,.F.);
#8408 = EDGE_CURVE('',#8409,#8401,#8411,.T.);
#8409 = VERTEX_POINT('',#8410);
#8410 = CARTESIAN_POINT('',(28.777561000001,-56.483783,2.55));
#8411 = LINE('',#8412,#8413);
#8412 = CARTESIAN_POINT('',(28.777561000001,-56.483783,2.55));
#8413 = VECTOR('',#8414,1.);
#8414 = DIRECTION('',(0.,1.,0.));
#8415 = ORIENTED_EDGE('',*,*,#8416,.F.);
#8416 = EDGE_CURVE('',#8417,#8409,#8419,.T.);
#8417 = VERTEX_POINT('',#8418);
#8418 = CARTESIAN_POINT('',(27.777561,-56.483783,2.55));
#8419 = LINE('',#8420,#8421);
#8420 = CARTESIAN_POINT('',(27.777561,-56.483783,2.55));
#8421 = VECTOR('',#8422,1.);
#8422 = DIRECTION('',(1.,0.,0.));
#8423 = ORIENTED_EDGE('',*,*,#8424,.F.);
#8424 = EDGE_CURVE('',#8425,#8417,#8427,.T.);
#8425 = VERTEX_POINT('',#8426);
#8426 = CARTESIAN_POINT('',(27.777561,-56.183783,2.55));
#8427 = LINE('',#8428,#8429);
#8428 = CARTESIAN_POINT('',(27.777561,-56.183783,2.55));
#8429 = VECTOR('',#8430,1.);
#8430 = DIRECTION('',(0.,-1.,0.));
#8431 = ORIENTED_EDGE('',*,*,#8432,.F.);
#8432 = EDGE_CURVE('',#8433,#8425,#8435,.T.);
#8433 = VERTEX_POINT('',#8434);
#8434 = CARTESIAN_POINT('',(25.777561,-56.183783,2.55));
#8435 = LINE('',#8436,#8437);
#8436 = CARTESIAN_POINT('',(25.777561,-56.183783,2.55));
#8437 = VECTOR('',#8438,1.);
#8438 = DIRECTION('',(1.,0.,0.));
#8439 = ORIENTED_EDGE('',*,*,#8440,.F.);
#8440 = EDGE_CURVE('',#7868,#8433,#8441,.T.);
#8441 = LINE('',#8442,#8443);
#8442 = CARTESIAN_POINT('',(25.777561,-57.183783,2.55));
#8443 = VECTOR('',#8444,1.);
#8444 = DIRECTION('',(0.,1.,0.));
#8445 = ORIENTED_EDGE('',*,*,#7875,.T.);
#8446 = ORIENTED_EDGE('',*,*,#8447,.T.);
#8447 = EDGE_CURVE('',#7876,#7780,#8448,.T.);
#8448 = LINE('',#8449,#8450);
#8449 = CARTESIAN_POINT('',(29.277561,-57.183783,2.55));
#8450 = VECTOR('',#8451,1.);
#8451 = DIRECTION('',(0.,1.,0.));
#8452 = PLANE('',#8453);
#8453 = AXIS2_PLACEMENT_3D('',#8454,#8455,#8456);
#8454 = CARTESIAN_POINT('',(12.277561,-35.293783,2.55));
#8455 = DIRECTION('',(0.,0.,1.));
#8456 = DIRECTION('',(1.,0.,0.));
#8457 = ADVANCED_FACE('',(#8458),#8464,.F.);
#8458 = FACE_BOUND('',#8459,.F.);
#8459 = EDGE_LOOP('',(#8460,#8461,#8462,#8463));
#8460 = ORIENTED_EDGE('',*,*,#7883,.T.);
#8461 = ORIENTED_EDGE('',*,*,#8447,.T.);
#8462 = ORIENTED_EDGE('',*,*,#7779,.F.);
#8463 = ORIENTED_EDGE('',*,*,#7899,.F.);
#8464 = PLANE('',#8465);
#8465 = AXIS2_PLACEMENT_3D('',#8466,#8467,#8468);
#8466 = CARTESIAN_POINT('',(29.277561,-57.183783,0.));
#8467 = DIRECTION('',(-1.,0.,0.));
#8468 = DIRECTION('',(0.,1.,0.));
#8469 = ADVANCED_FACE('',(#8470),#8481,.F.);
#8470 = FACE_BOUND('',#8471,.F.);
#8471 = EDGE_LOOP('',(#8472,#8473,#8474,#8480));
#8472 = ORIENTED_EDGE('',*,*,#7867,.T.);
#8473 = ORIENTED_EDGE('',*,*,#8147,.T.);
#8474 = ORIENTED_EDGE('',*,*,#8475,.F.);
#8475 = EDGE_CURVE('',#8433,#8148,#8476,.T.);
#8476 = LINE('',#8477,#8478);
#8477 = CARTESIAN_POINT('',(25.777561,-56.183783,2.55));
#8478 = VECTOR('',#8479,1.);
#8479 = DIRECTION('',(-0.,-0.,-1.));
#8480 = ORIENTED_EDGE('',*,*,#8440,.F.);
#8481 = PLANE('',#8482);
#8482 = AXIS2_PLACEMENT_3D('',#8483,#8484,#8485);
#8483 = CARTESIAN_POINT('',(25.777561,-57.183783,2.55));
#8484 = DIRECTION('',(1.,0.,0.));
#8485 = DIRECTION('',(0.,1.,0.));
#8486 = ADVANCED_FACE('',(#8487),#8498,.F.);
#8487 = FACE_BOUND('',#8488,.F.);
#8488 = EDGE_LOOP('',(#8489,#8495,#8496,#8497));
#8489 = ORIENTED_EDGE('',*,*,#8490,.T.);
#8490 = EDGE_CURVE('',#7918,#8133,#8491,.T.);
#8491 = LINE('',#8492,#8493);
#8492 = CARTESIAN_POINT('',(-1.222439,-56.183783,2.55));
#8493 = VECTOR('',#8494,1.);
#8494 = DIRECTION('',(-0.,-0.,-1.));
#8495 = ORIENTED_EDGE('',*,*,#8140,.T.);
#8496 = ORIENTED_EDGE('',*,*,#7851,.F.);
#8497 = ORIENTED_EDGE('',*,*,#7917,.F.);
#8498 = PLANE('',#8499);
#8499 = AXIS2_PLACEMENT_3D('',#8500,#8501,#8502);
#8500 = CARTESIAN_POINT('',(-1.222439,-56.183783,2.55));
#8501 = DIRECTION('',(-1.,0.,0.));
#8502 = DIRECTION('',(0.,-1.,0.));
#8503 = ADVANCED_FACE('',(#8504),#8515,.F.);
#8504 = FACE_BOUND('',#8505,.F.);
#8505 = EDGE_LOOP('',(#8506,#8507,#8508,#8514));
#8506 = ORIENTED_EDGE('',*,*,#8036,.T.);
#8507 = ORIENTED_EDGE('',*,*,#8052,.T.);
#8508 = ORIENTED_EDGE('',*,*,#8509,.F.);
#8509 = EDGE_CURVE('',#7998,#8053,#8510,.T.);
#8510 = LINE('',#8511,#8512);
#8511 = CARTESIAN_POINT('',(-3.222439,-14.203783,2.55));
#8512 = VECTOR('',#8513,1.);
#8513 = DIRECTION('',(-0.,-0.,-1.));
#8514 = ORIENTED_EDGE('',*,*,#8005,.F.);
#8515 = PLANE('',#8516);
#8516 = AXIS2_PLACEMENT_3D('',#8517,#8518,#8519);
#8517 = CARTESIAN_POINT('',(5.777561,-14.203783,2.55));
#8518 = DIRECTION('',(0.,1.,0.));
#8519 = DIRECTION('',(-1.,0.,0.));
#8520 = ADVANCED_FACE('',(#8521),#8532,.F.);
#8521 = FACE_BOUND('',#8522,.F.);
#8522 = EDGE_LOOP('',(#8523,#8524,#8525,#8531));
#8523 = ORIENTED_EDGE('',*,*,#8509,.T.);
#8524 = ORIENTED_EDGE('',*,*,#8060,.T.);
#8525 = ORIENTED_EDGE('',*,*,#8526,.F.);
#8526 = EDGE_CURVE('',#7990,#8061,#8527,.T.);
#8527 = LINE('',#8528,#8529);
#8528 = CARTESIAN_POINT('',(-3.222439,-13.903783,2.55));
#8529 = VECTOR('',#8530,1.);
#8530 = DIRECTION('',(-0.,-0.,-1.));
#8531 = ORIENTED_EDGE('',*,*,#7997,.F.);
#8532 = PLANE('',#8533);
#8533 = AXIS2_PLACEMENT_3D('',#8534,#8535,#8536);
#8534 = CARTESIAN_POINT('',(-3.222439,-14.203783,2.55));
#8535 = DIRECTION('',(1.,0.,0.));
#8536 = DIRECTION('',(0.,1.,0.));
#8537 = ADVANCED_FACE('',(#8538),#8549,.F.);
#8538 = FACE_BOUND('',#8539,.F.);
#8539 = EDGE_LOOP('',(#8540,#8541,#8542,#8548));
#8540 = ORIENTED_EDGE('',*,*,#8526,.T.);
#8541 = ORIENTED_EDGE('',*,*,#8068,.T.);
#8542 = ORIENTED_EDGE('',*,*,#8543,.F.);
#8543 = EDGE_CURVE('',#7982,#8069,#8544,.T.);
#8544 = LINE('',#8545,#8546);
#8545 = CARTESIAN_POINT('',(-4.222439,-13.903783,2.55));
#8546 = VECTOR('',#8547,1.);
#8547 = DIRECTION('',(-0.,-0.,-1.));
#8548 = ORIENTED_EDGE('',*,*,#7989,.F.);
#8549 = PLANE('',#8550);
#8550 = AXIS2_PLACEMENT_3D('',#8551,#8552,#8553);
#8551 = CARTESIAN_POINT('',(-3.222439,-13.903783,2.55));
#8552 = DIRECTION('',(0.,1.,0.));
#8553 = DIRECTION('',(-1.,0.,0.));
#8554 = ADVANCED_FACE('',(#8555),#8566,.F.);
#8555 = FACE_BOUND('',#8556,.F.);
#8556 = EDGE_LOOP('',(#8557,#8558,#8559,#8565));
#8557 = ORIENTED_EDGE('',*,*,#8543,.T.);
#8558 = ORIENTED_EDGE('',*,*,#8076,.T.);
#8559 = ORIENTED_EDGE('',*,*,#8560,.F.);
#8560 = EDGE_CURVE('',#7974,#8077,#8561,.T.);
#8561 = LINE('',#8562,#8563);
#8562 = CARTESIAN_POINT('',(-4.222439,-14.903783,2.55));
#8563 = VECTOR('',#8564,1.);
#8564 = DIRECTION('',(-0.,-0.,-1.));
#8565 = ORIENTED_EDGE('',*,*,#7981,.F.);
#8566 = PLANE('',#8567);
#8567 = AXIS2_PLACEMENT_3D('',#8568,#8569,#8570);
#8568 = CARTESIAN_POINT('',(-4.222439,-13.903783,2.55));
#8569 = DIRECTION('',(-1.,0.,0.));
#8570 = DIRECTION('',(0.,-1.,0.));
#8571 = ADVANCED_FACE('',(#8572),#8583,.F.);
#8572 = FACE_BOUND('',#8573,.F.);
#8573 = EDGE_LOOP('',(#8574,#8575,#8576,#8582));
#8574 = ORIENTED_EDGE('',*,*,#8560,.T.);
#8575 = ORIENTED_EDGE('',*,*,#8084,.T.);
#8576 = ORIENTED_EDGE('',*,*,#8577,.F.);
#8577 = EDGE_CURVE('',#7966,#8085,#8578,.T.);
#8578 = LINE('',#8579,#8580);
#8579 = CARTESIAN_POINT('',(-3.922439,-14.903783,2.55));
#8580 = VECTOR('',#8581,1.);
#8581 = DIRECTION('',(-0.,-0.,-1.));
#8582 = ORIENTED_EDGE('',*,*,#7973,.F.);
#8583 = PLANE('',#8584);
#8584 = AXIS2_PLACEMENT_3D('',#8585,#8586,#8587);
#8585 = CARTESIAN_POINT('',(-4.222439,-14.903783,2.55));
#8586 = DIRECTION('',(0.,-1.,0.));
#8587 = DIRECTION('',(1.,0.,0.));
#8588 = ADVANCED_FACE('',(#8589),#8600,.F.);
#8589 = FACE_BOUND('',#8590,.F.);
#8590 = EDGE_LOOP('',(#8591,#8592,#8593,#8599));
#8591 = ORIENTED_EDGE('',*,*,#8577,.T.);
#8592 = ORIENTED_EDGE('',*,*,#8092,.T.);
#8593 = ORIENTED_EDGE('',*,*,#8594,.F.);
#8594 = EDGE_CURVE('',#7958,#8093,#8595,.T.);
#8595 = LINE('',#8596,#8597);
#8596 = CARTESIAN_POINT('',(-3.922439,-52.483783,2.55));
#8597 = VECTOR('',#8598,1.);
#8598 = DIRECTION('',(-0.,-0.,-1.));
#8599 = ORIENTED_EDGE('',*,*,#7965,.F.);
#8600 = PLANE('',#8601);
#8601 = AXIS2_PLACEMENT_3D('',#8602,#8603,#8604);
#8602 = CARTESIAN_POINT('',(-3.922439,-14.903783,2.55));
#8603 = DIRECTION('',(-1.,0.,0.));
#8604 = DIRECTION('',(0.,-1.,0.));
#8605 = ADVANCED_FACE('',(#8606),#8617,.F.);
#8606 = FACE_BOUND('',#8607,.F.);
#8607 = EDGE_LOOP('',(#8608,#8609,#8610,#8616));
#8608 = ORIENTED_EDGE('',*,*,#8594,.T.);
#8609 = ORIENTED_EDGE('',*,*,#8100,.T.);
#8610 = ORIENTED_EDGE('',*,*,#8611,.F.);
#8611 = EDGE_CURVE('',#7950,#8101,#8612,.T.);
#8612 = LINE('',#8613,#8614);
#8613 = CARTESIAN_POINT('',(-4.222439,-52.483783,2.55));
#8614 = VECTOR('',#8615,1.);
#8615 = DIRECTION('',(-0.,-0.,-1.));
#8616 = ORIENTED_EDGE('',*,*,#7957,.F.);
#8617 = PLANE('',#8618);
#8618 = AXIS2_PLACEMENT_3D('',#8619,#8620,#8621);
#8619 = CARTESIAN_POINT('',(-3.922439,-52.483783,2.55));
#8620 = DIRECTION('',(0.,1.,0.));
#8621 = DIRECTION('',(-1.,0.,0.));
#8622 = ADVANCED_FACE('',(#8623),#8634,.F.);
#8623 = FACE_BOUND('',#8624,.F.);
#8624 = EDGE_LOOP('',(#8625,#8626,#8627,#8633));
#8625 = ORIENTED_EDGE('',*,*,#8611,.T.);
#8626 = ORIENTED_EDGE('',*,*,#8108,.T.);
#8627 = ORIENTED_EDGE('',*,*,#8628,.F.);
#8628 = EDGE_CURVE('',#7942,#8109,#8629,.T.);
#8629 = LINE('',#8630,#8631);
#8630 = CARTESIAN_POINT('',(-4.222439,-56.483783,2.55));
#8631 = VECTOR('',#8632,1.);
#8632 = DIRECTION('',(-0.,-0.,-1.));
#8633 = ORIENTED_EDGE('',*,*,#7949,.F.);
#8634 = PLANE('',#8635);
#8635 = AXIS2_PLACEMENT_3D('',#8636,#8637,#8638);
#8636 = CARTESIAN_POINT('',(-4.222439,-52.483783,2.55));
#8637 = DIRECTION('',(-1.,0.,0.));
#8638 = DIRECTION('',(0.,-1.,0.));
#8639 = ADVANCED_FACE('',(#8640),#8651,.F.);
#8640 = FACE_BOUND('',#8641,.F.);
#8641 = EDGE_LOOP('',(#8642,#8643,#8644,#8650));
#8642 = ORIENTED_EDGE('',*,*,#8628,.T.);
#8643 = ORIENTED_EDGE('',*,*,#8116,.T.);
#8644 = ORIENTED_EDGE('',*,*,#8645,.F.);
#8645 = EDGE_CURVE('',#7934,#8117,#8646,.T.);
#8646 = LINE('',#8647,#8648);
#8647 = CARTESIAN_POINT('',(-3.222439,-56.483783,2.55));
#8648 = VECTOR('',#8649,1.);
#8649 = DIRECTION('',(-0.,-0.,-1.));
#8650 = ORIENTED_EDGE('',*,*,#7941,.F.);
#8651 = PLANE('',#8652);
#8652 = AXIS2_PLACEMENT_3D('',#8653,#8654,#8655);
#8653 = CARTESIAN_POINT('',(-4.222439,-56.483783,2.55));
#8654 = DIRECTION('',(0.,-1.,0.));
#8655 = DIRECTION('',(1.,0.,0.));
#8656 = ADVANCED_FACE('',(#8657),#8668,.F.);
#8657 = FACE_BOUND('',#8658,.F.);
#8658 = EDGE_LOOP('',(#8659,#8660,#8661,#8667));
#8659 = ORIENTED_EDGE('',*,*,#8645,.T.);
#8660 = ORIENTED_EDGE('',*,*,#8124,.T.);
#8661 = ORIENTED_EDGE('',*,*,#8662,.F.);
#8662 = EDGE_CURVE('',#7926,#8125,#8663,.T.);
#8663 = LINE('',#8664,#8665);
#8664 = CARTESIAN_POINT('',(-3.222439,-56.183783,2.55));
#8665 = VECTOR('',#8666,1.);
#8666 = DIRECTION('',(-0.,-0.,-1.));
#8667 = ORIENTED_EDGE('',*,*,#7933,.F.);
#8668 = PLANE('',#8669);
#8669 = AXIS2_PLACEMENT_3D('',#8670,#8671,#8672);
#8670 = CARTESIAN_POINT('',(-3.222439,-56.483783,2.55));
#8671 = DIRECTION('',(1.,0.,0.));
#8672 = DIRECTION('',(0.,1.,0.));
#8673 = ADVANCED_FACE('',(#8674),#8680,.F.);
#8674 = FACE_BOUND('',#8675,.F.);
#8675 = EDGE_LOOP('',(#8676,#8677,#8678,#8679));
#8676 = ORIENTED_EDGE('',*,*,#8662,.T.);
#8677 = ORIENTED_EDGE('',*,*,#8132,.T.);
#8678 = ORIENTED_EDGE('',*,*,#8490,.F.);
#8679 = ORIENTED_EDGE('',*,*,#7925,.F.);
#8680 = PLANE('',#8681);
#8681 = AXIS2_PLACEMENT_3D('',#8682,#8683,#8684);
#8682 = CARTESIAN_POINT('',(-3.222439,-56.183783,2.55));
#8683 = DIRECTION('',(0.,-1.,0.));
#8684 = DIRECTION('',(1.,0.,0.));
#8685 = ADVANCED_FACE('',(#8686),#8697,.F.);
#8686 = FACE_BOUND('',#8687,.F.);
#8687 = EDGE_LOOP('',(#8688,#8694,#8695,#8696));
#8688 = ORIENTED_EDGE('',*,*,#8689,.T.);
#8689 = EDGE_CURVE('',#8353,#8228,#8690,.T.);
#8690 = LINE('',#8691,#8692);
#8691 = CARTESIAN_POINT('',(27.777561,-14.203783,2.55));
#8692 = VECTOR('',#8693,1.);
#8693 = DIRECTION('',(-0.,-0.,-1.));
#8694 = ORIENTED_EDGE('',*,*,#8235,.T.);
#8695 = ORIENTED_EDGE('',*,*,#8326,.F.);
#8696 = ORIENTED_EDGE('',*,*,#8352,.F.);
#8697 = PLANE('',#8698);
#8698 = AXIS2_PLACEMENT_3D('',#8699,#8700,#8701);
#8699 = CARTESIAN_POINT('',(27.777561,-14.203783,2.55));
#8700 = DIRECTION('',(0.,1.,0.));
#8701 = DIRECTION('',(-1.,0.,0.));
#8702 = ADVANCED_FACE('',(#8703),#8714,.F.);
#8703 = FACE_BOUND('',#8704,.F.);
#8704 = EDGE_LOOP('',(#8705,#8711,#8712,#8713));
#8705 = ORIENTED_EDGE('',*,*,#8706,.T.);
#8706 = EDGE_CURVE('',#8361,#8220,#8707,.T.);
#8707 = LINE('',#8708,#8709);
#8708 = CARTESIAN_POINT('',(27.777561,-13.903783,2.55));
#8709 = VECTOR('',#8710,1.);
#8710 = DIRECTION('',(-0.,-0.,-1.));
#8711 = ORIENTED_EDGE('',*,*,#8227,.T.);
#8712 = ORIENTED_EDGE('',*,*,#8689,.F.);
#8713 = ORIENTED_EDGE('',*,*,#8360,.F.);
#8714 = PLANE('',#8715);
#8715 = AXIS2_PLACEMENT_3D('',#8716,#8717,#8718);
#8716 = CARTESIAN_POINT('',(27.777561,-13.903783,2.55));
#8717 = DIRECTION('',(-1.,0.,0.));
#8718 = DIRECTION('',(0.,-1.,0.));
#8719 = ADVANCED_FACE('',(#8720),#8731,.F.);
#8720 = FACE_BOUND('',#8721,.F.);
#8721 = EDGE_LOOP('',(#8722,#8728,#8729,#8730));
#8722 = ORIENTED_EDGE('',*,*,#8723,.T.);
#8723 = EDGE_CURVE('',#8369,#8212,#8724,.T.);
#8724 = LINE('',#8725,#8726);
#8725 = CARTESIAN_POINT('',(28.777561,-13.903783,2.55));
#8726 = VECTOR('',#8727,1.);
#8727 = DIRECTION('',(-0.,-0.,-1.));
#8728 = ORIENTED_EDGE('',*,*,#8219,.T.);
#8729 = ORIENTED_EDGE('',*,*,#8706,.F.);
#8730 = ORIENTED_EDGE('',*,*,#8368,.F.);
#8731 = PLANE('',#8732);
#8732 = AXIS2_PLACEMENT_3D('',#8733,#8734,#8735);
#8733 = CARTESIAN_POINT('',(28.777561,-13.903783,2.55));
#8734 = DIRECTION('',(0.,1.,0.));
#8735 = DIRECTION('',(-1.,0.,0.));
#8736 = ADVANCED_FACE('',(#8737),#8748,.F.);
#8737 = FACE_BOUND('',#8738,.F.);
#8738 = EDGE_LOOP('',(#8739,#8745,#8746,#8747));
#8739 = ORIENTED_EDGE('',*,*,#8740,.T.);
#8740 = EDGE_CURVE('',#8377,#8204,#8741,.T.);
#8741 = LINE('',#8742,#8743);
#8742 = CARTESIAN_POINT('',(28.777561,-14.903783,2.55));
#8743 = VECTOR('',#8744,1.);
#8744 = DIRECTION('',(-0.,-0.,-1.));
#8745 = ORIENTED_EDGE('',*,*,#8211,.T.);
#8746 = ORIENTED_EDGE('',*,*,#8723,.F.);
#8747 = ORIENTED_EDGE('',*,*,#8376,.F.);
#8748 = PLANE('',#8749);
#8749 = AXIS2_PLACEMENT_3D('',#8750,#8751,#8752);
#8750 = CARTESIAN_POINT('',(28.777561,-14.903783,2.55));
#8751 = DIRECTION('',(1.,0.,0.));
#8752 = DIRECTION('',(0.,1.,0.));
#8753 = ADVANCED_FACE('',(#8754),#8765,.F.);
#8754 = FACE_BOUND('',#8755,.F.);
#8755 = EDGE_LOOP('',(#8756,#8762,#8763,#8764));
#8756 = ORIENTED_EDGE('',*,*,#8757,.T.);
#8757 = EDGE_CURVE('',#8385,#8196,#8758,.T.);
#8758 = LINE('',#8759,#8760);
#8759 = CARTESIAN_POINT('',(28.477561,-14.903783,2.55));
#8760 = VECTOR('',#8761,1.);
#8761 = DIRECTION('',(-0.,-0.,-1.));
#8762 = ORIENTED_EDGE('',*,*,#8203,.T.);
#8763 = ORIENTED_EDGE('',*,*,#8740,.F.);
#8764 = ORIENTED_EDGE('',*,*,#8384,.F.);
#8765 = PLANE('',#8766);
#8766 = AXIS2_PLACEMENT_3D('',#8767,#8768,#8769);
#8767 = CARTESIAN_POINT('',(28.477561,-14.903783,2.55));
#8768 = DIRECTION('',(0.,-1.,0.));
#8769 = DIRECTION('',(1.,0.,0.));
#8770 = ADVANCED_FACE('',(#8771),#8782,.F.);
#8771 = FACE_BOUND('',#8772,.F.);
#8772 = EDGE_LOOP('',(#8773,#8779,#8780,#8781));
#8773 = ORIENTED_EDGE('',*,*,#8774,.T.);
#8774 = EDGE_CURVE('',#8393,#8188,#8775,.T.);
#8775 = LINE('',#8776,#8777);
#8776 = CARTESIAN_POINT('',(28.477561,-52.483783,2.55));
#8777 = VECTOR('',#8778,1.);
#8778 = DIRECTION('',(-0.,-0.,-1.));
#8779 = ORIENTED_EDGE('',*,*,#8195,.T.);
#8780 = ORIENTED_EDGE('',*,*,#8757,.F.);
#8781 = ORIENTED_EDGE('',*,*,#8392,.F.);
#8782 = PLANE('',#8783);
#8783 = AXIS2_PLACEMENT_3D('',#8784,#8785,#8786);
#8784 = CARTESIAN_POINT('',(28.477561,-52.483783,2.55));
#8785 = DIRECTION('',(1.,0.,0.));
#8786 = DIRECTION('',(0.,1.,0.));
#8787 = ADVANCED_FACE('',(#8788),#8799,.F.);
#8788 = FACE_BOUND('',#8789,.F.);
#8789 = EDGE_LOOP('',(#8790,#8796,#8797,#8798));
#8790 = ORIENTED_EDGE('',*,*,#8791,.T.);
#8791 = EDGE_CURVE('',#8401,#8180,#8792,.T.);
#8792 = LINE('',#8793,#8794);
#8793 = CARTESIAN_POINT('',(28.777561000001,-52.483783,2.55));
#8794 = VECTOR('',#8795,1.);
#8795 = DIRECTION('',(-0.,-0.,-1.));
#8796 = ORIENTED_EDGE('',*,*,#8187,.T.);
#8797 = ORIENTED_EDGE('',*,*,#8774,.F.);
#8798 = ORIENTED_EDGE('',*,*,#8400,.F.);
#8799 = PLANE('',#8800);
#8800 = AXIS2_PLACEMENT_3D('',#8801,#8802,#8803);
#8801 = CARTESIAN_POINT('',(28.777561000001,-52.483783,2.55));
#8802 = DIRECTION('',(0.,1.,0.));
#8803 = DIRECTION('',(-1.,0.,0.));
#8804 = ADVANCED_FACE('',(#8805),#8816,.F.);
#8805 = FACE_BOUND('',#8806,.F.);
#8806 = EDGE_LOOP('',(#8807,#8813,#8814,#8815));
#8807 = ORIENTED_EDGE('',*,*,#8808,.T.);
#8808 = EDGE_CURVE('',#8409,#8172,#8809,.T.);
#8809 = LINE('',#8810,#8811);
#8810 = CARTESIAN_POINT('',(28.777561000001,-56.483783,2.55));
#8811 = VECTOR('',#8812,1.);
#8812 = DIRECTION('',(-0.,-0.,-1.));
#8813 = ORIENTED_EDGE('',*,*,#8179,.T.);
#8814 = ORIENTED_EDGE('',*,*,#8791,.F.);
#8815 = ORIENTED_EDGE('',*,*,#8408,.F.);
#8816 = PLANE('',#8817);
#8817 = AXIS2_PLACEMENT_3D('',#8818,#8819,#8820);
#8818 = CARTESIAN_POINT('',(28.777561000001,-56.483783,2.55));
#8819 = DIRECTION('',(1.,0.,0.));
#8820 = DIRECTION('',(0.,1.,0.));
#8821 = ADVANCED_FACE('',(#8822),#8833,.F.);
#8822 = FACE_BOUND('',#8823,.F.);
#8823 = EDGE_LOOP('',(#8824,#8830,#8831,#8832));
#8824 = ORIENTED_EDGE('',*,*,#8825,.T.);
#8825 = EDGE_CURVE('',#8417,#8164,#8826,.T.);
#8826 = LINE('',#8827,#8828);
#8827 = CARTESIAN_POINT('',(27.777561,-56.483783,2.55));
#8828 = VECTOR('',#8829,1.);
#8829 = DIRECTION('',(-0.,-0.,-1.));
#8830 = ORIENTED_EDGE('',*,*,#8171,.T.);
#8831 = ORIENTED_EDGE('',*,*,#8808,.F.);
#8832 = ORIENTED_EDGE('',*,*,#8416,.F.);
#8833 = PLANE('',#8834);
#8834 = AXIS2_PLACEMENT_3D('',#8835,#8836,#8837);
#8835 = CARTESIAN_POINT('',(27.777561,-56.483783,2.55));
#8836 = DIRECTION('',(0.,-1.,0.));
#8837 = DIRECTION('',(1.,0.,0.));
#8838 = ADVANCED_FACE('',(#8839),#8850,.F.);
#8839 = FACE_BOUND('',#8840,.F.);
#8840 = EDGE_LOOP('',(#8841,#8847,#8848,#8849));
#8841 = ORIENTED_EDGE('',*,*,#8842,.T.);
#8842 = EDGE_CURVE('',#8425,#8156,#8843,.T.);
#8843 = LINE('',#8844,#8845);
#8844 = CARTESIAN_POINT('',(27.777561,-56.183783,2.55));
#8845 = VECTOR('',#8846,1.);
#8846 = DIRECTION('',(-0.,-0.,-1.));
#8847 = ORIENTED_EDGE('',*,*,#8163,.T.);
#8848 = ORIENTED_EDGE('',*,*,#8825,.F.);
#8849 = ORIENTED_EDGE('',*,*,#8424,.F.);
#8850 = PLANE('',#8851);
#8851 = AXIS2_PLACEMENT_3D('',#8852,#8853,#8854);
#8852 = CARTESIAN_POINT('',(27.777561,-56.183783,2.55));
#8853 = DIRECTION('',(-1.,0.,0.));
#8854 = DIRECTION('',(0.,-1.,0.));
#8855 = ADVANCED_FACE('',(#8856),#8862,.F.);
#8856 = FACE_BOUND('',#8857,.F.);
#8857 = EDGE_LOOP('',(#8858,#8859,#8860,#8861));
#8858 = ORIENTED_EDGE('',*,*,#8475,.T.);
#8859 = ORIENTED_EDGE('',*,*,#8155,.T.);
#8860 = ORIENTED_EDGE('',*,*,#8842,.F.);
#8861 = ORIENTED_EDGE('',*,*,#8432,.F.);
#8862 = PLANE('',#8863);
#8863 = AXIS2_PLACEMENT_3D('',#8864,#8865,#8866);
#8864 = CARTESIAN_POINT('',(25.777561,-56.183783,2.55));
#8865 = DIRECTION('',(0.,-1.,0.));
#8866 = DIRECTION('',(1.,0.,0.));
#8867 = ADVANCED_FACE('',(#8868),#8893,.F.);
#8868 = FACE_BOUND('',#8869,.F.);
#8869 = EDGE_LOOP('',(#8870,#8878,#8886,#8892));
#8870 = ORIENTED_EDGE('',*,*,#8871,.T.);
#8871 = EDGE_CURVE('',#8253,#8872,#8874,.T.);
#8872 = VERTEX_POINT('',#8873);
#8873 = CARTESIAN_POINT('',(-3.6424376966,-52.6438827516,2.3));
#8874 = LINE('',#8875,#8876);
#8875 = CARTESIAN_POINT('',(-3.6424376966,-52.6438827516,1.));
#8876 = VECTOR('',#8877,1.);
#8877 = DIRECTION('',(0.,0.,1.));
#8878 = ORIENTED_EDGE('',*,*,#8879,.T.);
#8879 = EDGE_CURVE('',#8872,#8880,#8882,.T.);
#8880 = VERTEX_POINT('',#8881);
#8881 = CARTESIAN_POINT('',(-3.6424376966,-56.1097106826,2.3));
#8882 = LINE('',#8883,#8884);
#8883 = CARTESIAN_POINT('',(-3.6424376966,-52.6438827516,2.3));
#8884 = VECTOR('',#8885,1.);
#8885 = DIRECTION('',(0.,-1.,0.));
#8886 = ORIENTED_EDGE('',*,*,#8887,.F.);
#8887 = EDGE_CURVE('',#8255,#8880,#8888,.T.);
#8888 = LINE('',#8889,#8890);
#8889 = CARTESIAN_POINT('',(-3.6424376966,-56.1097106826,1.));
#8890 = VECTOR('',#8891,1.);
#8891 = DIRECTION('',(0.,0.,1.));
#8892 = ORIENTED_EDGE('',*,*,#8252,.F.);
#8893 = PLANE('',#8894);
#8894 = AXIS2_PLACEMENT_3D('',#8895,#8896,#8897);
#8895 = CARTESIAN_POINT('',(-3.6424376966,-52.6438827516,1.));
#8896 = DIRECTION('',(1.,0.,0.));
#8897 = DIRECTION('',(0.,-1.,0.));
#8898 = ADVANCED_FACE('',(#8899),#8948,.F.);
#8899 = FACE_BOUND('',#8900,.F.);
#8900 = EDGE_LOOP('',(#8901,#8902,#8903,#8911,#8918,#8926,#8934,#8942));
#8901 = ORIENTED_EDGE('',*,*,#8278,.F.);
#8902 = ORIENTED_EDGE('',*,*,#8887,.T.);
#8903 = ORIENTED_EDGE('',*,*,#8904,.T.);
#8904 = EDGE_CURVE('',#8880,#8905,#8907,.T.);
#8905 = VERTEX_POINT('',#8906);
#8906 = CARTESIAN_POINT('',(4.327561,-56.1097106826,2.3));
#8907 = LINE('',#8908,#8909);
#8908 = CARTESIAN_POINT('',(-3.6424376966,-56.1097106826,2.3));
#8909 = VECTOR('',#8910,1.);
#8910 = DIRECTION('',(1.,0.,0.));
#8911 = ORIENTED_EDGE('',*,*,#8912,.T.);
#8912 = EDGE_CURVE('',#8905,#8913,#8915,.T.);
#8913 = VERTEX_POINT('',#8914);
#8914 = CARTESIAN_POINT('',(4.327561,-56.1097106826,2.));
#8915 = B_SPLINE_CURVE_WITH_KNOTS('',1,(#8916,#8917),.UNSPECIFIED.,.F.,
  .F.,(2,2),(0.,0.3),.PIECEWISE_BEZIER_KNOTS.);
#8916 = CARTESIAN_POINT('',(4.327561,-56.1097106826,2.3));
#8917 = CARTESIAN_POINT('',(4.327561,-56.1097106826,2.));
#8918 = ORIENTED_EDGE('',*,*,#8919,.T.);
#8919 = EDGE_CURVE('',#8913,#8920,#8922,.T.);
#8920 = VERTEX_POINT('',#8921);
#8921 = CARTESIAN_POINT('',(21.487561,-56.1097106826,2.));
#8922 = LINE('',#8923,#8924);
#8923 = CARTESIAN_POINT('',(4.327561,-56.1097106826,2.));
#8924 = VECTOR('',#8925,1.);
#8925 = DIRECTION('',(1.,0.,0.));
#8926 = ORIENTED_EDGE('',*,*,#8927,.T.);
#8927 = EDGE_CURVE('',#8920,#8928,#8930,.T.);
#8928 = VERTEX_POINT('',#8929);
#8929 = CARTESIAN_POINT('',(21.487561,-56.1097106826,2.3));
#8930 = LINE('',#8931,#8932);
#8931 = CARTESIAN_POINT('',(21.487561,-56.1097106826,2.));
#8932 = VECTOR('',#8933,1.);
#8933 = DIRECTION('',(0.,2.221481728853E-16,1.));
#8934 = ORIENTED_EDGE('',*,*,#8935,.T.);
#8935 = EDGE_CURVE('',#8928,#8936,#8938,.T.);
#8936 = VERTEX_POINT('',#8937);
#8937 = CARTESIAN_POINT('',(28.187557220401,-56.1097106826,2.3));
#8938 = LINE('',#8939,#8940);
#8939 = CARTESIAN_POINT('',(-3.6424376966,-56.1097106826,2.3));
#8940 = VECTOR('',#8941,1.);
#8941 = DIRECTION('',(1.,0.,0.));
#8942 = ORIENTED_EDGE('',*,*,#8943,.F.);
#8943 = EDGE_CURVE('',#8271,#8936,#8944,.T.);
#8944 = LINE('',#8945,#8946);
#8945 = CARTESIAN_POINT('',(28.187557220401,-56.1097106826,1.));
#8946 = VECTOR('',#8947,1.);
#8947 = DIRECTION('',(0.,0.,1.));
#8948 = PLANE('',#8949);
#8949 = AXIS2_PLACEMENT_3D('',#8950,#8951,#8952);
#8950 = CARTESIAN_POINT('',(-3.6424376966,-56.1097106826,1.));
#8951 = DIRECTION('',(0.,1.,0.));
#8952 = DIRECTION('',(1.,0.,0.));
#8953 = ADVANCED_FACE('',(#8954),#8972,.F.);
#8954 = FACE_BOUND('',#8955,.F.);
#8955 = EDGE_LOOP('',(#8956,#8957,#8965,#8971));
#8956 = ORIENTED_EDGE('',*,*,#8943,.T.);
#8957 = ORIENTED_EDGE('',*,*,#8958,.T.);
#8958 = EDGE_CURVE('',#8936,#8959,#8961,.T.);
#8959 = VERTEX_POINT('',#8960);
#8960 = CARTESIAN_POINT('',(28.187557220401,-52.6438827516,2.3));
#8961 = LINE('',#8962,#8963);
#8962 = CARTESIAN_POINT('',(28.187557220401,-56.1097106826,2.3));
#8963 = VECTOR('',#8964,1.);
#8964 = DIRECTION('',(0.,1.,0.));
#8965 = ORIENTED_EDGE('',*,*,#8966,.F.);
#8966 = EDGE_CURVE('',#8263,#8959,#8967,.T.);
#8967 = LINE('',#8968,#8969);
#8968 = CARTESIAN_POINT('',(28.187557220401,-52.6438827516,1.));
#8969 = VECTOR('',#8970,1.);
#8970 = DIRECTION('',(0.,0.,1.));
#8971 = ORIENTED_EDGE('',*,*,#8270,.F.);
#8972 = PLANE('',#8973);
#8973 = AXIS2_PLACEMENT_3D('',#8974,#8975,#8976);
#8974 = CARTESIAN_POINT('',(28.187557220401,-56.1097106826,1.));
#8975 = DIRECTION('',(-1.,0.,0.));
#8976 = DIRECTION('',(0.,1.,0.));
#8977 = ADVANCED_FACE('',(#8978),#8989,.F.);
#8978 = FACE_BOUND('',#8979,.F.);
#8979 = EDGE_LOOP('',(#8980,#8981,#8987,#8988));
#8980 = ORIENTED_EDGE('',*,*,#8966,.T.);
#8981 = ORIENTED_EDGE('',*,*,#8982,.T.);
#8982 = EDGE_CURVE('',#8959,#8872,#8983,.T.);
#8983 = LINE('',#8984,#8985);
#8984 = CARTESIAN_POINT('',(28.187557220401,-52.6438827516,2.3));
#8985 = VECTOR('',#8986,1.);
#8986 = DIRECTION('',(-1.,0.,0.));
#8987 = ORIENTED_EDGE('',*,*,#8871,.F.);
#8988 = ORIENTED_EDGE('',*,*,#8262,.F.);
#8989 = PLANE('',#8990);
#8990 = AXIS2_PLACEMENT_3D('',#8991,#8992,#8993);
#8991 = CARTESIAN_POINT('',(28.187557220401,-52.6438827516,1.));
#8992 = DIRECTION('',(0.,-1.,0.));
#8993 = DIRECTION('',(-1.,0.,0.));
#8994 = ADVANCED_FACE('',(#8995),#9020,.F.);
#8995 = FACE_BOUND('',#8996,.F.);
#8996 = EDGE_LOOP('',(#8997,#9005,#9013,#9019));
#8997 = ORIENTED_EDGE('',*,*,#8998,.T.);
#8998 = EDGE_CURVE('',#8287,#8999,#9001,.T.);
#8999 = VERTEX_POINT('',#9000);
#9000 = CARTESIAN_POINT('',(-3.642439,-14.253783,2.55));
#9001 = LINE('',#9002,#9003);
#9002 = CARTESIAN_POINT('',(-3.642439,-14.253783,1.));
#9003 = VECTOR('',#9004,1.);
#9004 = DIRECTION('',(0.,0.,1.));
#9005 = ORIENTED_EDGE('',*,*,#9006,.T.);
#9006 = EDGE_CURVE('',#8999,#9007,#9009,.T.);
#9007 = VERTEX_POINT('',#9008);
#9008 = CARTESIAN_POINT('',(-3.642439,-52.643783,2.55));
#9009 = LINE('',#9010,#9011);
#9010 = CARTESIAN_POINT('',(-3.642439,-14.253783,2.55));
#9011 = VECTOR('',#9012,1.);
#9012 = DIRECTION('',(0.,-1.,0.));
#9013 = ORIENTED_EDGE('',*,*,#9014,.F.);
#9014 = EDGE_CURVE('',#8289,#9007,#9015,.T.);
#9015 = LINE('',#9016,#9017);
#9016 = CARTESIAN_POINT('',(-3.642439,-52.643783,1.));
#9017 = VECTOR('',#9018,1.);
#9018 = DIRECTION('',(0.,0.,1.));
#9019 = ORIENTED_EDGE('',*,*,#8286,.F.);
#9020 = PLANE('',#9021);
#9021 = AXIS2_PLACEMENT_3D('',#9022,#9023,#9024);
#9022 = CARTESIAN_POINT('',(-3.642439,-14.253783,1.));
#9023 = DIRECTION('',(1.,0.,0.));
#9024 = DIRECTION('',(0.,-1.,0.));
#9025 = ADVANCED_FACE('',(#9026),#9044,.F.);
#9026 = FACE_BOUND('',#9027,.F.);
#9027 = EDGE_LOOP('',(#9028,#9036,#9042,#9043));
#9028 = ORIENTED_EDGE('',*,*,#9029,.T.);
#9029 = EDGE_CURVE('',#8297,#9030,#9032,.T.);
#9030 = VERTEX_POINT('',#9031);
#9031 = CARTESIAN_POINT('',(28.187561,-14.253783,2.55));
#9032 = LINE('',#9033,#9034);
#9033 = CARTESIAN_POINT('',(28.187561,-14.253783,1.));
#9034 = VECTOR('',#9035,1.);
#9035 = DIRECTION('',(0.,0.,1.));
#9036 = ORIENTED_EDGE('',*,*,#9037,.T.);
#9037 = EDGE_CURVE('',#9030,#8999,#9038,.T.);
#9038 = LINE('',#9039,#9040);
#9039 = CARTESIAN_POINT('',(28.187561,-14.253783,2.55));
#9040 = VECTOR('',#9041,1.);
#9041 = DIRECTION('',(-1.,0.,0.));
#9042 = ORIENTED_EDGE('',*,*,#8998,.F.);
#9043 = ORIENTED_EDGE('',*,*,#8296,.F.);
#9044 = PLANE('',#9045);
#9045 = AXIS2_PLACEMENT_3D('',#9046,#9047,#9048);
#9046 = CARTESIAN_POINT('',(28.187561,-14.253783,1.));
#9047 = DIRECTION('',(0.,-1.,0.));
#9048 = DIRECTION('',(-1.,0.,0.));
#9049 = ADVANCED_FACE('',(#9050),#9068,.F.);
#9050 = FACE_BOUND('',#9051,.F.);
#9051 = EDGE_LOOP('',(#9052,#9053,#9061,#9067));
#9052 = ORIENTED_EDGE('',*,*,#9014,.T.);
#9053 = ORIENTED_EDGE('',*,*,#9054,.T.);
#9054 = EDGE_CURVE('',#9007,#9055,#9057,.T.);
#9055 = VERTEX_POINT('',#9056);
#9056 = CARTESIAN_POINT('',(28.187561,-52.643783,2.55));
#9057 = LINE('',#9058,#9059);
#9058 = CARTESIAN_POINT('',(-3.642439,-52.643783,2.55));
#9059 = VECTOR('',#9060,1.);
#9060 = DIRECTION('',(1.,0.,0.));
#9061 = ORIENTED_EDGE('',*,*,#9062,.F.);
#9062 = EDGE_CURVE('',#8305,#9055,#9063,.T.);
#9063 = LINE('',#9064,#9065);
#9064 = CARTESIAN_POINT('',(28.187561,-52.643783,1.));
#9065 = VECTOR('',#9066,1.);
#9066 = DIRECTION('',(0.,0.,1.));
#9067 = ORIENTED_EDGE('',*,*,#8312,.F.);
#9068 = PLANE('',#9069);
#9069 = AXIS2_PLACEMENT_3D('',#9070,#9071,#9072);
#9070 = CARTESIAN_POINT('',(-3.642439,-52.643783,1.));
#9071 = DIRECTION('',(0.,1.,0.));
#9072 = DIRECTION('',(1.,0.,0.));
#9073 = ADVANCED_FACE('',(#9074),#9085,.F.);
#9074 = FACE_BOUND('',#9075,.F.);
#9075 = EDGE_LOOP('',(#9076,#9077,#9083,#9084));
#9076 = ORIENTED_EDGE('',*,*,#9062,.T.);
#9077 = ORIENTED_EDGE('',*,*,#9078,.T.);
#9078 = EDGE_CURVE('',#9055,#9030,#9079,.T.);
#9079 = LINE('',#9080,#9081);
#9080 = CARTESIAN_POINT('',(28.187561,-52.643783,2.55));
#9081 = VECTOR('',#9082,1.);
#9082 = DIRECTION('',(0.,1.,0.));
#9083 = ORIENTED_EDGE('',*,*,#9029,.F.);
#9084 = ORIENTED_EDGE('',*,*,#8304,.F.);
#9085 = PLANE('',#9086);
#9086 = AXIS2_PLACEMENT_3D('',#9087,#9088,#9089);
#9087 = CARTESIAN_POINT('',(28.187561,-52.643783,1.));
#9088 = DIRECTION('',(-1.,0.,0.));
#9089 = DIRECTION('',(0.,1.,0.));
#9090 = ADVANCED_FACE('',(#9091),#9104,.T.);
#9091 = FACE_BOUND('',#9092,.T.);
#9092 = EDGE_LOOP('',(#9093,#9094,#9095,#9101,#9102,#9103));
#9093 = ORIENTED_EDGE('',*,*,#8879,.T.);
#9094 = ORIENTED_EDGE('',*,*,#8904,.T.);
#9095 = ORIENTED_EDGE('',*,*,#9096,.T.);
#9096 = EDGE_CURVE('',#8905,#8928,#9097,.T.);
#9097 = LINE('',#9098,#9099);
#9098 = CARTESIAN_POINT('',(-3.6424376966,-56.1097106826,2.3));
#9099 = VECTOR('',#9100,1.);
#9100 = DIRECTION('',(1.,0.,0.));
#9101 = ORIENTED_EDGE('',*,*,#8935,.T.);
#9102 = ORIENTED_EDGE('',*,*,#8958,.T.);
#9103 = ORIENTED_EDGE('',*,*,#8982,.T.);
#9104 = PLANE('',#9105);
#9105 = AXIS2_PLACEMENT_3D('',#9106,#9107,#9108);
#9106 = CARTESIAN_POINT('',(12.2725597619,-54.3767967171,2.3));
#9107 = DIRECTION('',(0.,0.,1.));
#9108 = DIRECTION('',(1.,0.,0.));
#9109 = ADVANCED_FACE('',(#9110),#9192,.T.);
#9110 = FACE_BOUND('',#9111,.T.);
#9111 = EDGE_LOOP('',(#9112,#9149,#9150,#9187));
#9112 = ORIENTED_EDGE('',*,*,#9113,.F.);
#9113 = EDGE_CURVE('',#8913,#9114,#9116,.T.);
#9114 = VERTEX_POINT('',#9115);
#9115 = CARTESIAN_POINT('',(4.327561,-56.10873105502,-1.000003198935));
#9116 = B_SPLINE_CURVE_WITH_KNOTS('',11,(#9117,#9118,#9119,#9120,#9121,
    #9122,#9123,#9124,#9125,#9126,#9127,#9128,#9129,#9130,#9131,#9132,
    #9133,#9134,#9135,#9136,#9137,#9138,#9139,#9140,#9141,#9142,#9143,
    #9144,#9145,#9146,#9147,#9148),.UNSPECIFIED.,.F.,.F.,(12,10,10,12),(
    0.,1.902952613703,3.485697697517,5.318444774649),.UNSPECIFIED.);
#9117 = CARTESIAN_POINT('',(4.327561,-56.1097106826,2.));
#9118 = CARTESIAN_POINT('',(4.327561,-56.30708176917,1.999869090909));
#9119 = CARTESIAN_POINT('',(4.327561,-56.49475503712,1.979574430557));
#9120 = CARTESIAN_POINT('',(4.327561000001,-56.67200475829,
    1.940619805856));
#9121 = CARTESIAN_POINT('',(4.327560999999,-56.838146523,1.884458725786)
  );
#9122 = CARTESIAN_POINT('',(4.327561000002,-56.99252108161,
    1.812475400774));
#9123 = CARTESIAN_POINT('',(4.327560999998,-57.13445167681,
    1.725983054223));
#9124 = CARTESIAN_POINT('',(4.327561000002,-57.26322402875,
    1.626246986875));
#9125 = CARTESIAN_POINT('',(4.327560999999,-57.37809385366,
    1.514509436907));
#9126 = CARTESIAN_POINT('',(4.327561,-57.47830255682,1.391990221757));
#9127 = CARTESIAN_POINT('',(4.327561,-57.56307754908,1.259861412247));
#9128 = CARTESIAN_POINT('',(4.327561,-57.68860963623,1.002291543946));
#9129 = CARTESIAN_POINT('',(4.327561000001,-57.73471281699,
    0.878770699275));
#9130 = CARTESIAN_POINT('',(4.327560999998,-57.76975689512,
    0.750196731465));
#9131 = CARTESIAN_POINT('',(4.327561000004,-57.79358715269,
    0.618208615651));
#9132 = CARTESIAN_POINT('',(4.327560999995,-57.80611703093,0.48452846126
    ));
#9133 = CARTESIAN_POINT('',(4.327561000005,-57.80734010408,
    0.350907403091));
#9134 = CARTESIAN_POINT('',(4.327560999996,-57.79732065644,
    0.219105983336));
#9135 = CARTESIAN_POINT('',(4.327561000002,-57.77619711384,
    9.089148553408E-02));
#9136 = CARTESIAN_POINT('',(4.327560999999,-57.74421110582,
    -3.198966667683E-02));
#9137 = CARTESIAN_POINT('',(4.327561,-57.70172516489,-0.14789134035));
#9138 = CARTESIAN_POINT('',(4.327561,-57.5881925415,-0.379828685661));
#9139 = CARTESIAN_POINT('',(4.327561000001,-57.51349999882,
    -0.493391999634));
#9140 = CARTESIAN_POINT('',(4.327560999997,-57.42488830787,
    -0.596183325695));
#9141 = CARTESIAN_POINT('',(4.327561000004,-57.32181477633,
    -0.68849759274));
#9142 = CARTESIAN_POINT('',(4.327560999995,-57.20334657559,
    -0.770690527091));
#9143 = CARTESIAN_POINT('',(4.327561000004,-57.06746668067,
    -0.842419227091));
#9144 = CARTESIAN_POINT('',(4.327560999997,-56.91350924529,
    -0.902067778421));
#9145 = CARTESIAN_POINT('',(4.327561000001,-56.74090057693,
    -0.948748016882));
#9146 = CARTESIAN_POINT('',(4.327560999999,-56.54935100619,
    -0.981262239695));
#9147 = CARTESIAN_POINT('',(4.327561,-56.33867357853,-0.998649839837));
#9148 = CARTESIAN_POINT('',(4.327561,-56.10873105502,-1.000003198935));
#9149 = ORIENTED_EDGE('',*,*,#8919,.T.);
#9150 = ORIENTED_EDGE('',*,*,#9151,.T.);
#9151 = EDGE_CURVE('',#8920,#9152,#9154,.T.);
#9152 = VERTEX_POINT('',#9153);
#9153 = CARTESIAN_POINT('',(21.487561,-56.10873105502,-1.000003198935));
#9154 = B_SPLINE_CURVE_WITH_KNOTS('',11,(#9155,#9156,#9157,#9158,#9159,
    #9160,#9161,#9162,#9163,#9164,#9165,#9166,#9167,#9168,#9169,#9170,
    #9171,#9172,#9173,#9174,#9175,#9176,#9177,#9178,#9179,#9180,#9181,
    #9182,#9183,#9184,#9185,#9186),.UNSPECIFIED.,.F.,.F.,(12,10,10,12),(
    0.,1.902952613703,3.485697697517,5.318444774649),.UNSPECIFIED.);
#9155 = CARTESIAN_POINT('',(21.487561,-56.1097106826,2.));
#9156 = CARTESIAN_POINT('',(21.487561,-56.30708176917,1.999869090909));
#9157 = CARTESIAN_POINT('',(21.487561000002,-56.49475503713,
    1.979574430557));
#9158 = CARTESIAN_POINT('',(21.487560999995,-56.67200475829,
    1.940619805856));
#9159 = CARTESIAN_POINT('',(21.487561000008,-56.83814652301,
    1.884458725786));
#9160 = CARTESIAN_POINT('',(21.48756099999,-56.9925210816,1.812475400773
    ));
#9161 = CARTESIAN_POINT('',(21.48756100001,-57.13445167683,
    1.725983054224));
#9162 = CARTESIAN_POINT('',(21.487560999992,-57.26322402875,
    1.626246986874));
#9163 = CARTESIAN_POINT('',(21.487561000004,-57.37809385366,
    1.514509436907));
#9164 = CARTESIAN_POINT('',(21.487560999998,-57.47830255682,
    1.391990221757));
#9165 = CARTESIAN_POINT('',(21.487561000001,-57.56307754908,
    1.259861412247));
#9166 = CARTESIAN_POINT('',(21.487560999999,-57.68860963623,
    1.002291543946));
#9167 = CARTESIAN_POINT('',(21.487561000004,-57.73471281699,
    0.878770699275));
#9168 = CARTESIAN_POINT('',(21.487560999989,-57.76975689512,
    0.750196731465));
#9169 = CARTESIAN_POINT('',(21.487561000019,-57.79358715269,
    0.618208615651));
#9170 = CARTESIAN_POINT('',(21.487560999976,-57.80611703093,
    0.48452846126));
#9171 = CARTESIAN_POINT('',(21.487561000023,-57.80734010407,
    0.350907403091));
#9172 = CARTESIAN_POINT('',(21.487560999983,-57.79732065644,
    0.219105983336));
#9173 = CARTESIAN_POINT('',(21.487561000009,-57.77619711384,
    9.089148553413E-02));
#9174 = CARTESIAN_POINT('',(21.487560999996,-57.74421110582,
    -3.198966667684E-02));
#9175 = CARTESIAN_POINT('',(21.487561000001,-57.70172516489,
    -0.14789134035));
#9176 = CARTESIAN_POINT('',(21.487560999999,-57.5881925415,
    -0.379828685661));
#9177 = CARTESIAN_POINT('',(21.487561000006,-57.51349999882,
    -0.493391999634));
#9178 = CARTESIAN_POINT('',(21.487560999987,-57.42488830787,
    -0.596183325695));
#9179 = CARTESIAN_POINT('',(21.48756100002,-57.32181477634,
    -0.68849759274));
#9180 = CARTESIAN_POINT('',(21.487560999977,-57.20334657557,
    -0.770690527091));
#9181 = CARTESIAN_POINT('',(21.48756100002,-57.06746668068,
    -0.842419227092));
#9182 = CARTESIAN_POINT('',(21.487560999986,-56.91350924529,
    -0.902067778421));
#9183 = CARTESIAN_POINT('',(21.487561000007,-56.74090057693,
    -0.948748016882));
#9184 = CARTESIAN_POINT('',(21.487560999997,-56.54935100619,
    -0.981262239695));
#9185 = CARTESIAN_POINT('',(21.487561000001,-56.33867357853,
    -0.998649839837));
#9186 = CARTESIAN_POINT('',(21.487561,-56.10873105502,-1.000003198935));
#9187 = ORIENTED_EDGE('',*,*,#9188,.F.);
#9188 = EDGE_CURVE('',#9114,#9152,#9189,.T.);
#9189 = B_SPLINE_CURVE_WITH_KNOTS('',1,(#9190,#9191),.UNSPECIFIED.,.F.,
  .F.,(2,2),(0.,17.16),.PIECEWISE_BEZIER_KNOTS.);
#9190 = CARTESIAN_POINT('',(4.327561,-56.10873105502,-1.000003198935));
#9191 = CARTESIAN_POINT('',(21.487561,-56.10873105502,-1.000003198935));
#9192 = B_SPLINE_SURFACE_WITH_KNOTS('',1,11,(
    (#9193,#9194,#9195,#9196,#9197,#9198,#9199,#9200,#9201,#9202,#9203
      ,#9204,#9205,#9206,#9207,#9208,#9209,#9210,#9211,#9212,#9213,#9214
      ,#9215,#9216,#9217,#9218,#9219,#9220,#9221,#9222,#9223,#9224)
    ,(#9225,#9226,#9227,#9228,#9229,#9230,#9231,#9232,#9233,#9234,#9235
      ,#9236,#9237,#9238,#9239,#9240,#9241,#9242,#9243,#9244,#9245,#9246
      ,#9247,#9248,#9249,#9250,#9251,#9252,#9253,#9254,#9255,#9256
  )),.UNSPECIFIED.,.F.,.F.,.F.,(2,2),(12,10,10,12),(0.,17.16),(0.,
    1.902952613703,3.485697697517,5.318444774649),.UNSPECIFIED.);
#9193 = CARTESIAN_POINT('',(4.327561,-56.1097106826,2.));
#9194 = CARTESIAN_POINT('',(4.327561,-56.30708176917,1.999869090909));
#9195 = CARTESIAN_POINT('',(4.327561,-56.49475503713,1.979574430557));
#9196 = CARTESIAN_POINT('',(4.327561000001,-56.67200475829,
    1.940619805856));
#9197 = CARTESIAN_POINT('',(4.327560999999,-56.83814652301,
    1.884458725786));
#9198 = CARTESIAN_POINT('',(4.327561000002,-56.9925210816,1.812475400773
    ));
#9199 = CARTESIAN_POINT('',(4.327560999998,-57.13445167683,
    1.725983054224));
#9200 = CARTESIAN_POINT('',(4.327561000002,-57.26322402875,
    1.626246986874));
#9201 = CARTESIAN_POINT('',(4.327560999999,-57.37809385366,
    1.514509436907));
#9202 = CARTESIAN_POINT('',(4.327561,-57.47830255682,1.391990221757));
#9203 = CARTESIAN_POINT('',(4.327561,-57.56307754908,1.259861412247));
#9204 = CARTESIAN_POINT('',(4.327561,-57.68860963623,1.002291543946));
#9205 = CARTESIAN_POINT('',(4.327561000001,-57.73471281699,
    0.878770699275));
#9206 = CARTESIAN_POINT('',(4.327560999998,-57.76975689512,
    0.750196731465));
#9207 = CARTESIAN_POINT('',(4.327561000004,-57.79358715269,
    0.618208615651));
#9208 = CARTESIAN_POINT('',(4.327560999995,-57.80611703093,0.48452846126
    ));
#9209 = CARTESIAN_POINT('',(4.327561000005,-57.80734010407,
    0.350907403091));
#9210 = CARTESIAN_POINT('',(4.327560999996,-57.79732065644,
    0.219105983336));
#9211 = CARTESIAN_POINT('',(4.327561000002,-57.77619711384,
    9.089148553413E-02));
#9212 = CARTESIAN_POINT('',(4.327560999999,-57.74421110582,
    -3.198966667684E-02));
#9213 = CARTESIAN_POINT('',(4.327561,-57.70172516489,-0.14789134035));
#9214 = CARTESIAN_POINT('',(4.327561,-57.5881925415,-0.379828685661));
#9215 = CARTESIAN_POINT('',(4.327561000001,-57.51349999882,
    -0.493391999634));
#9216 = CARTESIAN_POINT('',(4.327560999997,-57.42488830787,
    -0.596183325695));
#9217 = CARTESIAN_POINT('',(4.327561000004,-57.32181477634,
    -0.68849759274));
#9218 = CARTESIAN_POINT('',(4.327560999995,-57.20334657557,
    -0.770690527091));
#9219 = CARTESIAN_POINT('',(4.327561000004,-57.06746668068,
    -0.842419227092));
#9220 = CARTESIAN_POINT('',(4.327560999997,-56.91350924529,
    -0.902067778421));
#9221 = CARTESIAN_POINT('',(4.327561000001,-56.74090057693,
    -0.948748016882));
#9222 = CARTESIAN_POINT('',(4.327560999999,-56.54935100619,
    -0.981262239695));
#9223 = CARTESIAN_POINT('',(4.327561,-56.33867357853,-0.998649839837));
#9224 = CARTESIAN_POINT('',(4.327561,-56.10873105502,-1.000003198935));
#9225 = CARTESIAN_POINT('',(21.487561,-56.1097106826,2.));
#9226 = CARTESIAN_POINT('',(21.487561,-56.30708176917,1.999869090909));
#9227 = CARTESIAN_POINT('',(21.487561000002,-56.49475503713,
    1.979574430557));
#9228 = CARTESIAN_POINT('',(21.487560999995,-56.67200475829,
    1.940619805856));
#9229 = CARTESIAN_POINT('',(21.487561000008,-56.83814652301,
    1.884458725786));
#9230 = CARTESIAN_POINT('',(21.48756099999,-56.9925210816,1.812475400773
    ));
#9231 = CARTESIAN_POINT('',(21.48756100001,-57.13445167683,
    1.725983054224));
#9232 = CARTESIAN_POINT('',(21.487560999992,-57.26322402875,
    1.626246986874));
#9233 = CARTESIAN_POINT('',(21.487561000004,-57.37809385366,
    1.514509436907));
#9234 = CARTESIAN_POINT('',(21.487560999998,-57.47830255682,
    1.391990221757));
#9235 = CARTESIAN_POINT('',(21.487561000001,-57.56307754908,
    1.259861412247));
#9236 = CARTESIAN_POINT('',(21.487560999999,-57.68860963623,
    1.002291543946));
#9237 = CARTESIAN_POINT('',(21.487561000004,-57.73471281699,
    0.878770699275));
#9238 = CARTESIAN_POINT('',(21.487560999989,-57.76975689512,
    0.750196731465));
#9239 = CARTESIAN_POINT('',(21.487561000019,-57.79358715269,
    0.618208615651));
#9240 = CARTESIAN_POINT('',(21.487560999976,-57.80611703093,
    0.48452846126));
#9241 = CARTESIAN_POINT('',(21.487561000023,-57.80734010407,
    0.350907403091));
#9242 = CARTESIAN_POINT('',(21.487560999983,-57.79732065644,
    0.219105983336));
#9243 = CARTESIAN_POINT('',(21.487561000009,-57.77619711384,
    9.089148553413E-02));
#9244 = CARTESIAN_POINT('',(21.487560999996,-57.74421110582,
    -3.198966667684E-02));
#9245 = CARTESIAN_POINT('',(21.487561000001,-57.70172516489,
    -0.14789134035));
#9246 = CARTESIAN_POINT('',(21.487560999999,-57.5881925415,
    -0.379828685661));
#9247 = CARTESIAN_POINT('',(21.487561000006,-57.51349999882,
    -0.493391999634));
#9248 = CARTESIAN_POINT('',(21.487560999987,-57.42488830787,
    -0.596183325695));
#9249 = CARTESIAN_POINT('',(21.48756100002,-57.32181477634,
    -0.68849759274));
#9250 = CARTESIAN_POINT('',(21.487560999977,-57.20334657557,
    -0.770690527091));
#9251 = CARTESIAN_POINT('',(21.48756100002,-57.06746668068,
    -0.842419227092));
#9252 = CARTESIAN_POINT('',(21.487560999986,-56.91350924529,
    -0.902067778421));
#9253 = CARTESIAN_POINT('',(21.487561000007,-56.74090057693,
    -0.948748016882));
#9254 = CARTESIAN_POINT('',(21.487560999997,-56.54935100619,
    -0.981262239695));
#9255 = CARTESIAN_POINT('',(21.487561000001,-56.33867357853,
    -0.998649839837));
#9256 = CARTESIAN_POINT('',(21.487561,-56.10873105502,-1.000003198935));
#9257 = ADVANCED_FACE('',(#9258),#9264,.T.);
#9258 = FACE_BOUND('',#9259,.T.);
#9259 = EDGE_LOOP('',(#9260,#9261,#9262,#9263));
#9260 = ORIENTED_EDGE('',*,*,#9006,.T.);
#9261 = ORIENTED_EDGE('',*,*,#9054,.T.);
#9262 = ORIENTED_EDGE('',*,*,#9078,.T.);
#9263 = ORIENTED_EDGE('',*,*,#9037,.T.);
#9264 = PLANE('',#9265);
#9265 = AXIS2_PLACEMENT_3D('',#9266,#9267,#9268);
#9266 = CARTESIAN_POINT('',(12.272561,-33.448783,2.55));
#9267 = DIRECTION('',(0.,0.,1.));
#9268 = DIRECTION('',(1.,0.,0.));
#9269 = ADVANCED_FACE('',(#9270),#9352,.T.);
#9270 = FACE_BOUND('',#9271,.T.);
#9271 = EDGE_LOOP('',(#9272,#9309,#9310,#9347));
#9272 = ORIENTED_EDGE('',*,*,#9273,.F.);
#9273 = EDGE_CURVE('',#8928,#9274,#9276,.T.);
#9274 = VERTEX_POINT('',#9275);
#9275 = CARTESIAN_POINT('',(21.487561,-56.11069031018,-1.299996801065));
#9276 = B_SPLINE_CURVE_WITH_KNOTS('',11,(#9277,#9278,#9279,#9280,#9281,
    #9282,#9283,#9284,#9285,#9286,#9287,#9288,#9289,#9290,#9291,#9292,
    #9293,#9294,#9295,#9296,#9297,#9298,#9299,#9300,#9301,#9302,#9303,
    #9304,#9305,#9306,#9307,#9308),.UNSPECIFIED.,.F.,.F.,(12,10,10,12),(
    0.,1.902952613703,3.485697697517,5.318444774649),.UNSPECIFIED.);
#9277 = CARTESIAN_POINT('',(21.487561,-56.1097106826,2.3));
#9278 = CARTESIAN_POINT('',(21.487561,-56.33495195097,2.299869090909));
#9279 = CARTESIAN_POINT('',(21.487561000002,-56.55136087494,2.2767263581
    ));
#9280 = CARTESIAN_POINT('',(21.487560999995,-56.75774686439,
    2.231781014892));
#9281 = CARTESIAN_POINT('',(21.487561000008,-56.95287801084,
    2.166292552542));
#9282 = CARTESIAN_POINT('',(21.48756099999,-57.13549724549,
    2.081589760846));
#9283 = CARTESIAN_POINT('',(21.48756100001,-57.30436500765,
    1.979072416646));
#9284 = CARTESIAN_POINT('',(21.487560999992,-57.45827925866,
    1.860188219421));
#9285 = CARTESIAN_POINT('',(21.487561000004,-57.59606796426,
    1.726407931234));
#9286 = CARTESIAN_POINT('',(21.487560999998,-57.71657340074,
    1.579224734875));
#9287 = CARTESIAN_POINT('',(21.487561000001,-57.81865183911,
    1.420179559758));
#9288 = CARTESIAN_POINT('',(21.487560999999,-57.96985111531,
    1.110036288839));
#9289 = CARTESIAN_POINT('',(21.487561000004,-58.02465317684,
    0.96279980611));
#9290 = CARTESIAN_POINT('',(21.487560999989,-58.06584943673,
    0.810892719072));
#9291 = CARTESIAN_POINT('',(21.487561000019,-58.09367942697,
    0.655929070845));
#9292 = CARTESIAN_POINT('',(21.487560999976,-58.10831451922,
    0.499439770241));
#9293 = CARTESIAN_POINT('',(21.487561000023,-58.10984595393,
    0.34292670072));
#9294 = CARTESIAN_POINT('',(21.487560999983,-58.0982942593,
    0.187882338328));
#9295 = CARTESIAN_POINT('',(21.487561000009,-58.07360582414,
    3.579241778321E-02));
#9296 = CARTESIAN_POINT('',(21.487560999996,-58.03562383186,
    -0.11183646631));
#9297 = CARTESIAN_POINT('',(21.487561000001,-57.98407056397,
    -0.253397428646));
#9298 = CARTESIAN_POINT('',(21.487560999999,-57.84290928318,
    -0.541877219172));
#9299 = CARTESIAN_POINT('',(21.487561000006,-57.74877115098,
    -0.685712259994));
#9300 = CARTESIAN_POINT('',(21.487560999987,-57.63592878109,
    -0.817177003382));
#9301 = CARTESIAN_POINT('',(21.48756100002,-57.50446385498,
    -0.934690798676));
#9302 = CARTESIAN_POINT('',(21.487560999977,-57.35484818943,
    -1.036612197778));
#9303 = CARTESIAN_POINT('',(21.48756100002,-57.1886377989,
    -1.121998380583));
#9304 = CARTESIAN_POINT('',(21.487560999986,-57.00603751776,
    -1.191179539635));
#9305 = CARTESIAN_POINT('',(21.487561000007,-56.8071600278,
    -1.243758117368));
#9306 = CARTESIAN_POINT('',(21.487560999997,-56.59183398688,
    -1.279646094789));
#9307 = CARTESIAN_POINT('',(21.487561000001,-56.35978533846,
    -1.298518357154));
#9308 = CARTESIAN_POINT('',(21.487561,-56.11069031018,-1.299996801065));
#9309 = ORIENTED_EDGE('',*,*,#9096,.F.);
#9310 = ORIENTED_EDGE('',*,*,#9311,.T.);
#9311 = EDGE_CURVE('',#8905,#9312,#9314,.T.);
#9312 = VERTEX_POINT('',#9313);
#9313 = CARTESIAN_POINT('',(4.327561,-56.11069031018,-1.299996801065));
#9314 = B_SPLINE_CURVE_WITH_KNOTS('',11,(#9315,#9316,#9317,#9318,#9319,
    #9320,#9321,#9322,#9323,#9324,#9325,#9326,#9327,#9328,#9329,#9330,
    #9331,#9332,#9333,#9334,#9335,#9336,#9337,#9338,#9339,#9340,#9341,
    #9342,#9343,#9344,#9345,#9346),.UNSPECIFIED.,.F.,.F.,(12,10,10,12),(
    0.,1.902952613703,3.485697697517,5.318444774649),.UNSPECIFIED.);
#9315 = CARTESIAN_POINT('',(4.327561,-56.1097106826,2.3));
#9316 = CARTESIAN_POINT('',(4.327561,-56.33495195097,2.299869090909));
#9317 = CARTESIAN_POINT('',(4.327561,-56.55136087494,2.2767263581));
#9318 = CARTESIAN_POINT('',(4.327561000001,-56.75774686439,
    2.231781014892));
#9319 = CARTESIAN_POINT('',(4.327560999999,-56.95287801084,
    2.166292552542));
#9320 = CARTESIAN_POINT('',(4.327561000002,-57.1354972455,2.081589760846
    ));
#9321 = CARTESIAN_POINT('',(4.327560999998,-57.30436500765,
    1.979072416646));
#9322 = CARTESIAN_POINT('',(4.327561000002,-57.45827925866,
    1.860188219421));
#9323 = CARTESIAN_POINT('',(4.327560999999,-57.59606796426,
    1.726407931234));
#9324 = CARTESIAN_POINT('',(4.327561,-57.71657340074,1.579224734875));
#9325 = CARTESIAN_POINT('',(4.327561,-57.81865183911,1.420179559758));
#9326 = CARTESIAN_POINT('',(4.327561,-57.96985111531,1.110036288839));
#9327 = CARTESIAN_POINT('',(4.327561000001,-58.02465317683,0.96279980611
    ));
#9328 = CARTESIAN_POINT('',(4.327560999998,-58.06584943673,
    0.810892719072));
#9329 = CARTESIAN_POINT('',(4.327561000004,-58.09367942696,
    0.655929070845));
#9330 = CARTESIAN_POINT('',(4.327560999995,-58.10831451923,
    0.499439770241));
#9331 = CARTESIAN_POINT('',(4.327561000005,-58.10984595392,0.34292670072
    ));
#9332 = CARTESIAN_POINT('',(4.327560999996,-58.09829425931,
    0.187882338328));
#9333 = CARTESIAN_POINT('',(4.327561000002,-58.07360582414,
    3.579241778324E-02));
#9334 = CARTESIAN_POINT('',(4.327560999999,-58.03562383187,
    -0.11183646631));
#9335 = CARTESIAN_POINT('',(4.327561,-57.98407056397,-0.253397428646));
#9336 = CARTESIAN_POINT('',(4.327561,-57.84290928318,-0.541877219172));
#9337 = CARTESIAN_POINT('',(4.327561000001,-57.74877115098,
    -0.685712259994));
#9338 = CARTESIAN_POINT('',(4.327560999997,-57.63592878107,
    -0.817177003382));
#9339 = CARTESIAN_POINT('',(4.327561000004,-57.504463855,-0.934690798676
    ));
#9340 = CARTESIAN_POINT('',(4.327560999995,-57.3548481894,
    -1.036612197777));
#9341 = CARTESIAN_POINT('',(4.327561000004,-57.18863779893,
    -1.121998380583));
#9342 = CARTESIAN_POINT('',(4.327560999997,-57.00603751773,
    -1.191179539634));
#9343 = CARTESIAN_POINT('',(4.327561000001,-56.80716002782,
    -1.243758117368));
#9344 = CARTESIAN_POINT('',(4.327560999999,-56.59183398688,
    -1.279646094789));
#9345 = CARTESIAN_POINT('',(4.327561,-56.35978533846,-1.298518357154));
#9346 = CARTESIAN_POINT('',(4.327561,-56.11069031018,-1.299996801065));
#9347 = ORIENTED_EDGE('',*,*,#9348,.F.);
#9348 = EDGE_CURVE('',#9274,#9312,#9349,.T.);
#9349 = B_SPLINE_CURVE_WITH_KNOTS('',1,(#9350,#9351),.UNSPECIFIED.,.F.,
  .F.,(2,2),(0.,17.16),.PIECEWISE_BEZIER_KNOTS.);
#9350 = CARTESIAN_POINT('',(21.487561,-56.11069031018,-1.299996801065));
#9351 = CARTESIAN_POINT('',(4.327561,-56.11069031018,-1.299996801065));
#9352 = B_SPLINE_SURFACE_WITH_KNOTS('',1,11,(
    (#9353,#9354,#9355,#9356,#9357,#9358,#9359,#9360,#9361,#9362,#9363
      ,#9364,#9365,#9366,#9367,#9368,#9369,#9370,#9371,#9372,#9373,#9374
      ,#9375,#9376,#9377,#9378,#9379,#9380,#9381,#9382,#9383,#9384)
    ,(#9385,#9386,#9387,#9388,#9389,#9390,#9391,#9392,#9393,#9394,#9395
      ,#9396,#9397,#9398,#9399,#9400,#9401,#9402,#9403,#9404,#9405,#9406
      ,#9407,#9408,#9409,#9410,#9411,#9412,#9413,#9414,#9415,#9416
  )),.UNSPECIFIED.,.F.,.F.,.F.,(2,2),(12,10,10,12),(0.,17.16),(0.,
    1.902952613703,3.485697697517,5.318444774649),.UNSPECIFIED.);
#9353 = CARTESIAN_POINT('',(21.487561,-56.1097106826,2.3));
#9354 = CARTESIAN_POINT('',(21.487561,-56.33495195097,2.299869090909));
#9355 = CARTESIAN_POINT('',(21.487561000002,-56.55136087494,2.2767263581
    ));
#9356 = CARTESIAN_POINT('',(21.487560999995,-56.7577468644,
    2.231781014892));
#9357 = CARTESIAN_POINT('',(21.487561000008,-56.95287801083,
    2.166292552541));
#9358 = CARTESIAN_POINT('',(21.48756099999,-57.13549724551,
    2.081589760847));
#9359 = CARTESIAN_POINT('',(21.48756100001,-57.30436500763,
    1.979072416645));
#9360 = CARTESIAN_POINT('',(21.487560999992,-57.45827925868,
    1.860188219421));
#9361 = CARTESIAN_POINT('',(21.487561000004,-57.59606796425,
    1.726407931234));
#9362 = CARTESIAN_POINT('',(21.487560999998,-57.71657340075,
    1.579224734875));
#9363 = CARTESIAN_POINT('',(21.487561000001,-57.81865183911,
    1.420179559758));
#9364 = CARTESIAN_POINT('',(21.487560999999,-57.96985111531,
    1.110036288839));
#9365 = CARTESIAN_POINT('',(21.487561000004,-58.02465317683,
    0.96279980611));
#9366 = CARTESIAN_POINT('',(21.487560999989,-58.06584943673,
    0.810892719072));
#9367 = CARTESIAN_POINT('',(21.487561000019,-58.09367942696,
    0.655929070845));
#9368 = CARTESIAN_POINT('',(21.487560999976,-58.10831451923,
    0.499439770241));
#9369 = CARTESIAN_POINT('',(21.487561000023,-58.10984595392,
    0.34292670072));
#9370 = CARTESIAN_POINT('',(21.487560999983,-58.09829425931,
    0.187882338328));
#9371 = CARTESIAN_POINT('',(21.487561000009,-58.07360582414,
    3.579241778316E-02));
#9372 = CARTESIAN_POINT('',(21.487560999996,-58.03562383187,
    -0.11183646631));
#9373 = CARTESIAN_POINT('',(21.487561000001,-57.98407056397,
    -0.253397428646));
#9374 = CARTESIAN_POINT('',(21.487560999999,-57.84290928318,
    -0.541877219172));
#9375 = CARTESIAN_POINT('',(21.487561000006,-57.74877115099,
    -0.685712259994));
#9376 = CARTESIAN_POINT('',(21.487560999987,-57.63592878107,
    -0.817177003382));
#9377 = CARTESIAN_POINT('',(21.48756100002,-57.50446385501,
    -0.934690798676));
#9378 = CARTESIAN_POINT('',(21.487560999977,-57.35484818939,
    -1.036612197778));
#9379 = CARTESIAN_POINT('',(21.48756100002,-57.18863779895,
    -1.121998380583));
#9380 = CARTESIAN_POINT('',(21.487560999986,-57.00603751772,
    -1.191179539635));
#9381 = CARTESIAN_POINT('',(21.487561000007,-56.80716002783,
    -1.243758117368));
#9382 = CARTESIAN_POINT('',(21.487560999997,-56.59183398687,
    -1.279646094789));
#9383 = CARTESIAN_POINT('',(21.487561000001,-56.35978533846,
    -1.298518357154));
#9384 = CARTESIAN_POINT('',(21.487561,-56.11069031018,-1.299996801065));
#9385 = CARTESIAN_POINT('',(4.327561,-56.1097106826,2.3));
#9386 = CARTESIAN_POINT('',(4.327561,-56.33495195097,2.299869090909));
#9387 = CARTESIAN_POINT('',(4.327561,-56.55136087494,2.2767263581));
#9388 = CARTESIAN_POINT('',(4.327561000001,-56.75774686439,
    2.231781014892));
#9389 = CARTESIAN_POINT('',(4.327560999999,-56.95287801084,
    2.166292552542));
#9390 = CARTESIAN_POINT('',(4.327561000002,-57.1354972455,2.081589760846
    ));
#9391 = CARTESIAN_POINT('',(4.327560999998,-57.30436500765,
    1.979072416646));
#9392 = CARTESIAN_POINT('',(4.327561000002,-57.45827925866,
    1.860188219421));
#9393 = CARTESIAN_POINT('',(4.327560999999,-57.59606796426,
    1.726407931234));
#9394 = CARTESIAN_POINT('',(4.327561,-57.71657340074,1.579224734875));
#9395 = CARTESIAN_POINT('',(4.327561,-57.81865183911,1.420179559758));
#9396 = CARTESIAN_POINT('',(4.327561,-57.96985111531,1.110036288839));
#9397 = CARTESIAN_POINT('',(4.327561000001,-58.02465317683,0.96279980611
    ));
#9398 = CARTESIAN_POINT('',(4.327560999998,-58.06584943673,
    0.810892719072));
#9399 = CARTESIAN_POINT('',(4.327561000004,-58.09367942696,
    0.655929070845));
#9400 = CARTESIAN_POINT('',(4.327560999995,-58.10831451923,
    0.499439770241));
#9401 = CARTESIAN_POINT('',(4.327561000005,-58.10984595393,0.34292670072
    ));
#9402 = CARTESIAN_POINT('',(4.327560999996,-58.09829425931,
    0.187882338328));
#9403 = CARTESIAN_POINT('',(4.327561000002,-58.07360582414,
    3.579241778319E-02));
#9404 = CARTESIAN_POINT('',(4.327560999999,-58.03562383186,
    -0.11183646631));
#9405 = CARTESIAN_POINT('',(4.327561,-57.98407056397,-0.253397428646));
#9406 = CARTESIAN_POINT('',(4.327561,-57.84290928318,-0.541877219172));
#9407 = CARTESIAN_POINT('',(4.327561000001,-57.74877115098,
    -0.685712259994));
#9408 = CARTESIAN_POINT('',(4.327560999997,-57.63592878107,
    -0.817177003382));
#9409 = CARTESIAN_POINT('',(4.327561000004,-57.504463855,-0.934690798676
    ));
#9410 = CARTESIAN_POINT('',(4.327560999995,-57.3548481894,
    -1.036612197777));
#9411 = CARTESIAN_POINT('',(4.327561000004,-57.18863779893,
    -1.121998380583));
#9412 = CARTESIAN_POINT('',(4.327560999997,-57.00603751773,
    -1.191179539634));
#9413 = CARTESIAN_POINT('',(4.327561000001,-56.80716002782,
    -1.243758117368));
#9414 = CARTESIAN_POINT('',(4.327560999999,-56.59183398688,
    -1.279646094789));
#9415 = CARTESIAN_POINT('',(4.327561,-56.35978533846,-1.298518357154));
#9416 = CARTESIAN_POINT('',(4.327561,-56.11069031018,-1.299996801065));
#9417 = ADVANCED_FACE('',(#9418),#9443,.T.);
#9418 = FACE_BOUND('',#9419,.T.);
#9419 = EDGE_LOOP('',(#9420,#9428,#9429,#9437));
#9420 = ORIENTED_EDGE('',*,*,#9421,.F.);
#9421 = EDGE_CURVE('',#9114,#9422,#9424,.T.);
#9422 = VERTEX_POINT('',#9423);
#9423 = CARTESIAN_POINT('',(4.327561,-39.95873105502,-1.000003198935));
#9424 = LINE('',#9425,#9426);
#9425 = CARTESIAN_POINT('',(4.327561,-56.10873105502,-1.000003198935));
#9426 = VECTOR('',#9427,1.);
#9427 = DIRECTION('',(0.,1.,0.));
#9428 = ORIENTED_EDGE('',*,*,#9188,.T.);
#9429 = ORIENTED_EDGE('',*,*,#9430,.T.);
#9430 = EDGE_CURVE('',#9152,#9431,#9433,.T.);
#9431 = VERTEX_POINT('',#9432);
#9432 = CARTESIAN_POINT('',(21.487561,-39.95873105502,-1.000003198935));
#9433 = LINE('',#9434,#9435);
#9434 = CARTESIAN_POINT('',(21.487561,-56.10873105502,-1.000003198935));
#9435 = VECTOR('',#9436,1.);
#9436 = DIRECTION('',(0.,1.,0.));
#9437 = ORIENTED_EDGE('',*,*,#9438,.F.);
#9438 = EDGE_CURVE('',#9422,#9431,#9439,.T.);
#9439 = LINE('',#9440,#9441);
#9440 = CARTESIAN_POINT('',(4.327561,-39.95873105502,-1.000003198935));
#9441 = VECTOR('',#9442,1.);
#9442 = DIRECTION('',(1.,0.,0.));
#9443 = PLANE('',#9444);
#9444 = AXIS2_PLACEMENT_3D('',#9445,#9446,#9447);
#9445 = CARTESIAN_POINT('',(4.327561,-56.10873105502,-1.000003198935));
#9446 = DIRECTION('',(0.,0.,1.));
#9447 = DIRECTION('',(1.,0.,0.));
#9448 = ADVANCED_FACE('',(#9449),#9474,.T.);
#9449 = FACE_BOUND('',#9450,.T.);
#9450 = EDGE_LOOP('',(#9451,#9459,#9460,#9468));
#9451 = ORIENTED_EDGE('',*,*,#9452,.F.);
#9452 = EDGE_CURVE('',#9274,#9453,#9455,.T.);
#9453 = VERTEX_POINT('',#9454);
#9454 = CARTESIAN_POINT('',(21.487561,-39.96069031018,-1.299996801065));
#9455 = LINE('',#9456,#9457);
#9456 = CARTESIAN_POINT('',(21.487561,-56.11069031018,-1.299996801065));
#9457 = VECTOR('',#9458,1.);
#9458 = DIRECTION('',(0.,1.,0.));
#9459 = ORIENTED_EDGE('',*,*,#9348,.T.);
#9460 = ORIENTED_EDGE('',*,*,#9461,.T.);
#9461 = EDGE_CURVE('',#9312,#9462,#9464,.T.);
#9462 = VERTEX_POINT('',#9463);
#9463 = CARTESIAN_POINT('',(4.327561,-39.96069031018,-1.299996801065));
#9464 = LINE('',#9465,#9466);
#9465 = CARTESIAN_POINT('',(4.327561,-56.11069031018,-1.299996801065));
#9466 = VECTOR('',#9467,1.);
#9467 = DIRECTION('',(0.,1.,0.));
#9468 = ORIENTED_EDGE('',*,*,#9469,.F.);
#9469 = EDGE_CURVE('',#9453,#9462,#9470,.T.);
#9470 = LINE('',#9471,#9472);
#9471 = CARTESIAN_POINT('',(21.487561,-39.96069031018,-1.299996801065));
#9472 = VECTOR('',#9473,1.);
#9473 = DIRECTION('',(-1.,8.788728036481E-17,1.345696179093E-14));
#9474 = PLANE('',#9475);
#9475 = AXIS2_PLACEMENT_3D('',#9476,#9477,#9478);
#9476 = CARTESIAN_POINT('',(21.487561,-56.11069031018,-1.299996801065));
#9477 = DIRECTION('',(-1.345696179093E-14,0.,-1.));
#9478 = DIRECTION('',(-1.,8.788728036481E-17,1.345696179093E-14));
#9479 = ADVANCED_FACE('',(#9480),#9496,.T.);
#9480 = FACE_BOUND('',#9481,.T.);
#9481 = EDGE_LOOP('',(#9482,#9488,#9489,#9495));
#9482 = ORIENTED_EDGE('',*,*,#9483,.T.);
#9483 = EDGE_CURVE('',#9462,#9422,#9484,.T.);
#9484 = LINE('',#9485,#9486);
#9485 = CARTESIAN_POINT('',(4.327561,-39.96069031018,-1.299996801065));
#9486 = VECTOR('',#9487,1.);
#9487 = DIRECTION('',(0.,6.530850531176E-03,0.999978673768));
#9488 = ORIENTED_EDGE('',*,*,#9438,.T.);
#9489 = ORIENTED_EDGE('',*,*,#9490,.T.);
#9490 = EDGE_CURVE('',#9431,#9453,#9491,.T.);
#9491 = LINE('',#9492,#9493);
#9492 = CARTESIAN_POINT('',(21.487561,-39.95873105502,-1.000003198935));
#9493 = VECTOR('',#9494,1.);
#9494 = DIRECTION('',(0.,-6.530850531176E-03,-0.999978673768));
#9495 = ORIENTED_EDGE('',*,*,#9469,.T.);
#9496 = PLANE('',#9497);
#9497 = AXIS2_PLACEMENT_3D('',#9498,#9499,#9500);
#9498 = CARTESIAN_POINT('',(12.907561,-39.9597106826,-1.15));
#9499 = DIRECTION('',(0.,0.999978673768,-6.530850531161E-03));
#9500 = DIRECTION('',(0.,6.530850531161E-03,0.999978673768));
#9501 = ADVANCED_FACE('',(#9502),#9510,.T.);
#9502 = FACE_BOUND('',#9503,.T.);
#9503 = EDGE_LOOP('',(#9504,#9505,#9506,#9507,#9508,#9509));
#9504 = ORIENTED_EDGE('',*,*,#9151,.F.);
#9505 = ORIENTED_EDGE('',*,*,#8927,.T.);
#9506 = ORIENTED_EDGE('',*,*,#9273,.T.);
#9507 = ORIENTED_EDGE('',*,*,#9452,.T.);
#9508 = ORIENTED_EDGE('',*,*,#9490,.F.);
#9509 = ORIENTED_EDGE('',*,*,#9430,.F.);
#9510 = PLANE('',#9511);
#9511 = AXIS2_PLACEMENT_3D('',#9512,#9513,#9514);
#9512 = CARTESIAN_POINT('',(21.487561,-50.36723068582,-0.719135053616));
#9513 = DIRECTION('',(1.,0.,1.889422309769E-15));
#9514 = DIRECTION('',(-1.889422309769E-15,0.,1.));
#9515 = ADVANCED_FACE('',(#9516),#9524,.T.);
#9516 = FACE_BOUND('',#9517,.T.);
#9517 = EDGE_LOOP('',(#9518,#9519,#9520,#9521,#9522,#9523));
#9518 = ORIENTED_EDGE('',*,*,#9311,.F.);
#9519 = ORIENTED_EDGE('',*,*,#8912,.T.);
#9520 = ORIENTED_EDGE('',*,*,#9113,.T.);
#9521 = ORIENTED_EDGE('',*,*,#9421,.T.);
#9522 = ORIENTED_EDGE('',*,*,#9483,.F.);
#9523 = ORIENTED_EDGE('',*,*,#9461,.F.);
#9524 = PLANE('',#9525);
#9525 = AXIS2_PLACEMENT_3D('',#9526,#9527,#9528);
#9526 = CARTESIAN_POINT('',(4.327561,-50.36723068582,-0.719135053616));
#9527 = DIRECTION('',(-1.,-0.,-8.539834515282E-16));
#9528 = DIRECTION('',(8.539834515282E-16,0.,-1.));
#9529 = ( GEOMETRIC_REPRESENTATION_CONTEXT(3) 
GLOBAL_UNCERTAINTY_ASSIGNED_CONTEXT((#9533)) 
GLOBAL_UNIT_ASSIGNED_CONTEXT((#9530,#9531,#9532)) REPRESENTATION_CONTEXT
('Context #1','3D Context with UNIT and UNCERTAINTY') );
#9530 = ( LENGTH_UNIT() NAMED_UNIT(*) SI_UNIT(.MILLI.,.METRE.) );
#9531 = ( NAMED_UNIT(*) PLANE_ANGLE_UNIT() SI_UNIT($,.RADIAN.) );
#9532 = ( NAMED_UNIT(*) SI_UNIT($,.STERADIAN.) SOLID_ANGLE_UNIT() );
#9533 = UNCERTAINTY_MEASURE_WITH_UNIT(LENGTH_MEASURE(1.E-07),#9530,
  'distance_accuracy_value','confusion accuracy');
#9534 = CONTEXT_DEPENDENT_SHAPE_REPRESENTATION(#9535,#9537);
#9535 = ( REPRESENTATION_RELATIONSHIP('','',#7724,#10) 
REPRESENTATION_RELATIONSHIP_WITH_TRANSFORMATION(#9536) 
SHAPE_REPRESENTATION_RELATIONSHIP() );
#9536 = ITEM_DEFINED_TRANSFORMATION('','',#11,#27);
#9537 = PRODUCT_DEFINITION_SHAPE('Placement','Placement of an item',
  #9538);
#9538 = NEXT_ASSEMBLY_USAGE_OCCURRENCE('4','Body','',#5,#7719,$);
#9539 = PRODUCT_RELATED_PRODUCT_CATEGORY('part',$,(#7721));
#9540 = SHAPE_DEFINITION_REPRESENTATION(#1034,#9541);
#9541 = SHAPE_REPRESENTATION('',(#19),#1026);
#9542 = INVISIBILITY((#9543));
#9543 = STYLED_ITEM('color',(#9544),#544);
#9544 = PRESENTATION_STYLE_BY_CONTEXT((#9545),#9541);
#9545 = SURFACE_STYLE_USAGE(.BOTH.,#9546);
#9546 = SURFACE_SIDE_STYLE('',(#9547));
#9547 = SURFACE_STYLE_FILL_AREA(#9548);
#9548 = FILL_AREA_STYLE('',(#9549));
#9549 = FILL_AREA_STYLE_COLOUR('',#9550);
#9550 = COLOUR_RGB('',0.388235295535,0.227450982423,0.);
#9551 = SHAPE_DEFINITION_REPRESENTATION(#1034,#9552);
#9552 = SHAPE_REPRESENTATION('',(#19),#1026);
#9553 = INVISIBILITY((#9554));
#9554 = OVER_RIDING_STYLED_ITEM('overriding color',(#9555),#544,#9562);
#9555 = PRESENTATION_STYLE_BY_CONTEXT((#9556),#9552);
#9556 = SURFACE_STYLE_USAGE(.BOTH.,#9557);
#9557 = SURFACE_SIDE_STYLE('',(#9558));
#9558 = SURFACE_STYLE_FILL_AREA(#9559);
#9559 = FILL_AREA_STYLE('',(#9560));
#9560 = FILL_AREA_STYLE_COLOUR('',#9561);
#9561 = COLOUR_RGB('',0.388235295535,0.227450982423,0.);
#9562 = STYLED_ITEM('color',(#9563),#544);
#9563 = PRESENTATION_STYLE_ASSIGNMENT((#9564,#9569));
#9564 = SURFACE_STYLE_USAGE(.BOTH.,#9565);
#9565 = SURFACE_SIDE_STYLE('',(#9566));
#9566 = SURFACE_STYLE_FILL_AREA(#9567);
#9567 = FILL_AREA_STYLE('',(#9568));
#9568 = FILL_AREA_STYLE_COLOUR('',#9550);
#9569 = CURVE_STYLE('',#9570,POSITIVE_LENGTH_MEASURE(0.1),#9571);
#9570 = DRAUGHTING_PRE_DEFINED_CURVE_FONT('continuous');
#9571 = COLOUR_RGB('',9.803921802644E-02,9.803921802644E-02,
  9.803921802644E-02);
#9572 = MECHANICAL_DESIGN_GEOMETRIC_PRESENTATION_REPRESENTATION('',(
    #9573,#9583,#9591,#9599,#9606,#9613,#9620,#9628,#9636,#9643,#9650),
  #9529);
#9573 = STYLED_ITEM('color',(#9574),#7725);
#9574 = PRESENTATION_STYLE_ASSIGNMENT((#9575,#9581));
#9575 = SURFACE_STYLE_USAGE(.BOTH.,#9576);
#9576 = SURFACE_SIDE_STYLE('',(#9577));
#9577 = SURFACE_STYLE_FILL_AREA(#9578);
#9578 = FILL_AREA_STYLE('',(#9579));
#9579 = FILL_AREA_STYLE_COLOUR('',#9580);
#9580 = DRAUGHTING_PRE_DEFINED_COLOUR('white');
#9581 = CURVE_STYLE('',#9582,POSITIVE_LENGTH_MEASURE(0.1),#9571);
#9582 = DRAUGHTING_PRE_DEFINED_CURVE_FONT('continuous');
#9583 = OVER_RIDING_STYLED_ITEM('overriding color',(#9584),#8047,#9573);
#9584 = PRESENTATION_STYLE_ASSIGNMENT((#9585));
#9585 = SURFACE_STYLE_USAGE(.BOTH.,#9586);
#9586 = SURFACE_SIDE_STYLE('',(#9587));
#9587 = SURFACE_STYLE_FILL_AREA(#9588);
#9588 = FILL_AREA_STYLE('',(#9589));
#9589 = FILL_AREA_STYLE_COLOUR('',#9590);
#9590 = COLOUR_RGB('',0.100007633042,0.100007633042,0.100007633042);
#9591 = OVER_RIDING_STYLED_ITEM('overriding color',(#9592),#8898,#9573);
#9592 = PRESENTATION_STYLE_ASSIGNMENT((#9593));
#9593 = SURFACE_STYLE_USAGE(.BOTH.,#9594);
#9594 = SURFACE_SIDE_STYLE('',(#9595));
#9595 = SURFACE_STYLE_FILL_AREA(#9596);
#9596 = FILL_AREA_STYLE('',(#9597));
#9597 = FILL_AREA_STYLE_COLOUR('',#9598);
#9598 = COLOUR_RGB('',0.149996191991,0.149996191991,0.149996191991);
#9599 = OVER_RIDING_STYLED_ITEM('overriding color',(#9600),#8953,#9573);
#9600 = PRESENTATION_STYLE_ASSIGNMENT((#9601));
#9601 = SURFACE_STYLE_USAGE(.BOTH.,#9602);
#9602 = SURFACE_SIDE_STYLE('',(#9603));
#9603 = SURFACE_STYLE_FILL_AREA(#9604);
#9604 = FILL_AREA_STYLE('',(#9605));
#9605 = FILL_AREA_STYLE_COLOUR('',#9598);
#9606 = OVER_RIDING_STYLED_ITEM('overriding color',(#9607),#9049,#9573);
#9607 = PRESENTATION_STYLE_ASSIGNMENT((#9608));
#9608 = SURFACE_STYLE_USAGE(.BOTH.,#9609);
#9609 = SURFACE_SIDE_STYLE('',(#9610));
#9610 = SURFACE_STYLE_FILL_AREA(#9611);
#9611 = FILL_AREA_STYLE('',(#9612));
#9612 = FILL_AREA_STYLE_COLOUR('',#9598);
#9613 = OVER_RIDING_STYLED_ITEM('overriding color',(#9614),#9073,#9573);
#9614 = PRESENTATION_STYLE_ASSIGNMENT((#9615));
#9615 = SURFACE_STYLE_USAGE(.BOTH.,#9616);
#9616 = SURFACE_SIDE_STYLE('',(#9617));
#9617 = SURFACE_STYLE_FILL_AREA(#9618);
#9618 = FILL_AREA_STYLE('',(#9619));
#9619 = FILL_AREA_STYLE_COLOUR('',#9598);
#9620 = OVER_RIDING_STYLED_ITEM('overriding color',(#9621),#9090,#9573);
#9621 = PRESENTATION_STYLE_ASSIGNMENT((#9622));
#9622 = SURFACE_STYLE_USAGE(.BOTH.,#9623);
#9623 = SURFACE_SIDE_STYLE('',(#9624));
#9624 = SURFACE_STYLE_FILL_AREA(#9625);
#9625 = FILL_AREA_STYLE('',(#9626));
#9626 = FILL_AREA_STYLE_COLOUR('',#9627);
#9627 = COLOUR_RGB('',0.,0.168627456984,0.623529443769);
#9628 = OVER_RIDING_STYLED_ITEM('overriding color',(#9629),#9109,#9573);
#9629 = PRESENTATION_STYLE_ASSIGNMENT((#9630));
#9630 = SURFACE_STYLE_USAGE(.BOTH.,#9631);
#9631 = SURFACE_SIDE_STYLE('',(#9632));
#9632 = SURFACE_STYLE_FILL_AREA(#9633);
#9633 = FILL_AREA_STYLE('',(#9634));
#9634 = FILL_AREA_STYLE_COLOUR('',#9635);
#9635 = COLOUR_RGB('',0.768627468855,0.490196077941,0.168627456984);
#9636 = OVER_RIDING_STYLED_ITEM('overriding color',(#9637),#9257,#9573);
#9637 = PRESENTATION_STYLE_ASSIGNMENT((#9638));
#9638 = SURFACE_STYLE_USAGE(.BOTH.,#9639);
#9639 = SURFACE_SIDE_STYLE('',(#9640));
#9640 = SURFACE_STYLE_FILL_AREA(#9641);
#9641 = FILL_AREA_STYLE('',(#9642));
#9642 = FILL_AREA_STYLE_COLOUR('',#9598);
#9643 = OVER_RIDING_STYLED_ITEM('overriding color',(#9644),#9269,#9573);
#9644 = PRESENTATION_STYLE_ASSIGNMENT((#9645));
#9645 = SURFACE_STYLE_USAGE(.BOTH.,#9646);
#9646 = SURFACE_SIDE_STYLE('',(#9647));
#9647 = SURFACE_STYLE_FILL_AREA(#9648);
#9648 = FILL_AREA_STYLE('',(#9649));
#9649 = FILL_AREA_STYLE_COLOUR('',#9635);
#9650 = OVER_RIDING_STYLED_ITEM('overriding color',(#9651),#9501,#9573);
#9651 = PRESENTATION_STYLE_ASSIGNMENT((#9652));
#9652 = SURFACE_STYLE_USAGE(.BOTH.,#9653);
#9653 = SURFACE_SIDE_STYLE('',(#9654));
#9654 = SURFACE_STYLE_FILL_AREA(#9655);
#9655 = FILL_AREA_STYLE('',(#9656));
#9656 = FILL_AREA_STYLE_COLOUR('',#9635);
#9657 = MECHANICAL_DESIGN_GEOMETRIC_PRESENTATION_REPRESENTATION('',(
    #9562,#9554),#1026);
#9658 = MECHANICAL_DESIGN_GEOMETRIC_PRESENTATION_REPRESENTATION('',(
    #9659),#525);
#9659 = STYLED_ITEM('color',(#9660),#45);
#9660 = PRESENTATION_STYLE_ASSIGNMENT((#9661,#9667));
#9661 = SURFACE_STYLE_USAGE(.BOTH.,#9662);
#9662 = SURFACE_SIDE_STYLE('',(#9663));
#9663 = SURFACE_STYLE_FILL_AREA(#9664);
#9664 = FILL_AREA_STYLE('',(#9665));
#9665 = FILL_AREA_STYLE_COLOUR('',#9666);
#9666 = COLOUR_RGB('',1.,0.917647049334,0.666666687201);
#9667 = CURVE_STYLE('',#9668,POSITIVE_LENGTH_MEASURE(0.1),#9571);
#9668 = DRAUGHTING_PRE_DEFINED_CURVE_FONT('continuous');
#9669 = MECHANICAL_DESIGN_GEOMETRIC_PRESENTATION_REPRESENTATION('',(
    #9670),#7706);
#9670 = STYLED_ITEM('color',(#9671),#1045);
#9671 = PRESENTATION_STYLE_ASSIGNMENT((#9672,#9678));
#9672 = SURFACE_STYLE_USAGE(.BOTH.,#9673);
#9673 = SURFACE_SIDE_STYLE('',(#9674));
#9674 = SURFACE_STYLE_FILL_AREA(#9675);
#9675 = FILL_AREA_STYLE('',(#9676));
#9676 = FILL_AREA_STYLE_COLOUR('',#9677);
#9677 = COLOUR_RGB('',0.784313732475,0.784313732475,0.784313732475);
#9678 = CURVE_STYLE('',#9679,POSITIVE_LENGTH_MEASURE(0.1),#9571);
#9679 = DRAUGHTING_PRE_DEFINED_CURVE_FONT('continuous');
ENDSEC;
END-ISO-10303-21;
